id,camera_name,camera_code,province,city_regency,district,subdistrict,location_name,latitude,longitude,location_accuracy,source_id,source_name,source_url,operator,access_type,stream_type,stream_url,api_endpoint,public_identifier,status,last_checked,timezone,license,terms_of_use,confidence_score,notes
1cfa74c8f363f9ad,Depan DPRD Pos Security,YOY-DEPAN-DPRD-POS-SECURITY,DI Yogyakarta,Kota Yogyakarta,UMBULHARJO,MUJA MUJU,Depan DPRD Pos Security,-7.7970634121194955,110.39233624524866,exact,jogjakota,Portal CCTV Kota Yogyakarta (Jogja Command Center),https://cctv.jogjakota.go.id,Pemerintah Kota Yogyakarta,PUBLIC_API,HLS,https://cctvjss.jogjakota.go.id/dprd-kota/depan-dprd-pos-security.stream/playlist.m3u8,https://cctv.jogjakota.go.id,844,ONLINE,2026-09-04T00:20:42+07:00,Asia/Jakarta,Public monitoring feed,Ditayangkan publik oleh Pemkot Yogyakarta untuk pantauan lalu lintas. Tidak untuk redistribusi ulang tanpa izin.,0.95,
f4163a226f635a42,Depan DPRD V. Selatan,YOY-DEPAN-DPRD-V-SELATAN,DI Yogyakarta,Kota Yogyakarta,UMBULHARJO,MUJA MUJU,Depan DPRD V. Selatan,-7.797154524077225,110.3924489076006,exact,jogjakota,Portal CCTV Kota Yogyakarta (Jogja Command Center),https://cctv.jogjakota.go.id,Pemerintah Kota Yogyakarta,PUBLIC_API,HLS,https://cctvjss.jogjakota.go.id/dprd-kota/depan-dprd-v-selatan.stream/playlist.m3u8,https://cctv.jogjakota.go.id,843,ONLINE,2026-09-04T00:20:42+07:00,Asia/Jakarta,Public monitoring feed,Ditayangkan publik oleh Pemkot Yogyakarta untuk pantauan lalu lintas. Tidak untuk redistribusi ulang tanpa izin.,0.95,
b2d53e0f4d6af0fd,Depan DPRD V. Utara,YOY-DEPAN-DPRD-V-UTARA,DI Yogyakarta,Kota Yogyakarta,UMBULHARJO,MUJA MUJU,Depan DPRD V. Utara,-7.7969677292407225,110.39246499264898,exact,jogjakota,Portal CCTV Kota Yogyakarta (Jogja Command Center),https://cctv.jogjakota.go.id,Pemerintah Kota Yogyakarta,PUBLIC_API,HLS,https://cctvjss.jogjakota.go.id/dprd-kota/depan-dprd-v-utara.stream/playlist.m3u8,https://cctv.jogjakota.go.id,842,ONLINE,2026-09-04T00:20:42+07:00,Asia/Jakarta,Public monitoring feed,Ditayangkan publik oleh Pemkot Yogyakarta untuk pantauan lalu lintas. Tidak untuk redistribusi ulang tanpa izin.,0.95,
b127d22f384d4bba,Gerbang Masuk Utara V. Timur (Luar),YOY-GERBANG-MASUK-UTARA-V-TI,DI Yogyakarta,Kota Yogyakarta,UMBULHARJO,MUJA MUJU,Gerbang Masuk Utara V. Timur (Luar),-7.7992572546386425,110.39085832343332,exact,jogjakota,Portal CCTV Kota Yogyakarta (Jogja Command Center),https://cctv.jogjakota.go.id,Pemerintah Kota Yogyakarta,PUBLIC_API,HLS,https://cctvjss.jogjakota.go.id/balaikota/Balaikota_Gerbang_Masuk_Utara_View_Timur-Luar.stream/playlist.m3u8,https://cctv.jogjakota.go.id,323,ONLINE,2026-09-04T00:20:39+07:00,Asia/Jakarta,Public monitoring feed,Ditayangkan publik oleh Pemkot Yogyakarta untuk pantauan lalu lintas. Tidak untuk redistribusi ulang tanpa izin.,0.95,
f958b07042fb5b3f,Gerbang Timur PKK V. Selatan (Luar),YOY-GERBANG-TIMUR-PKK-V-SELA,DI Yogyakarta,Kota Yogyakarta,UMBULHARJO,MUJA MUJU,Gerbang Timur PKK V. Selatan (Luar),-7.800517942197907,110.39217695404965,exact,jogjakota,Portal CCTV Kota Yogyakarta (Jogja Command Center),https://cctv.jogjakota.go.id,Pemerintah Kota Yogyakarta,PUBLIC_API,HLS,https://cctvjss.jogjakota.go.id/balaikota/Balaikota_Gerbang_Timur_PKK_View_Selatan-Luar.stream/playlist.m3u8,https://cctv.jogjakota.go.id,325,ONLINE,2026-09-04T00:20:39+07:00,Asia/Jakarta,Public monitoring feed,Ditayangkan publik oleh Pemkot Yogyakarta untuk pantauan lalu lintas. Tidak untuk redistribusi ulang tanpa izin.,0.95,
9adb6c9a1757e8bc,Gerbang Timur PKK V. Utara (Luar),YOY-GERBANG-TIMUR-PKK-V-UTAR,DI Yogyakarta,Kota Yogyakarta,UMBULHARJO,MUJA MUJU,Gerbang Timur PKK V. Utara (Luar),-7.800351051058131,110.39218530969853,exact,jogjakota,Portal CCTV Kota Yogyakarta (Jogja Command Center),https://cctv.jogjakota.go.id,Pemerintah Kota Yogyakarta,PUBLIC_API,HLS,https://cctvjss.jogjakota.go.id/balaikota/Balaikota_Gerbang_Timur_PKK_View_Utara-Luar.stream/playlist.m3u8,https://cctv.jogjakota.go.id,324,ONLINE,2026-09-04T00:20:39+07:00,Asia/Jakarta,Public monitoring feed,Ditayangkan publik oleh Pemkot Yogyakarta untuk pantauan lalu lintas. Tidak untuk redistribusi ulang tanpa izin.,0.95,
9ca39e680c7c60e6,Jl. Ahmad Jazuli (Apotek K24),YOY-JL-AHMAD-JAZULI-APOTEK-K,DI Yogyakarta,Kota Yogyakarta,GONDOKUSUMAN,KOTABARU,ANPR,-7.789187005983453,110.36966623154613,exact,jogjakota,Portal CCTV Kota Yogyakarta (Jogja Command Center),https://cctv.jogjakota.go.id,Pemerintah Kota Yogyakarta,PUBLIC_API,HLS,https://cctvjss.jogjakota.go.id/kotabaru/ANPR-Jl-Ahmad-Jazuli.stream/playlist.m3u8,https://cctv.jogjakota.go.id,439,ONLINE,2026-09-04T00:20:41+07:00,Asia/Jakarta,Public monitoring feed,Ditayangkan publik oleh Pemkot Yogyakarta untuk pantauan lalu lintas. Tidak untuk redistribusi ulang tanpa izin.,0.95,
04386998021eb696,Jl. F.M. Noto (Gardu ANIEM),YOY-JL-F-M-NOTO-GARDU-ANIEM,DI Yogyakarta,Kota Yogyakarta,GONDOKUSUMAN,KOTABARU,ANPR,-7.786832072162349,110.3721703274016,exact,jogjakota,Portal CCTV Kota Yogyakarta (Jogja Command Center),https://cctv.jogjakota.go.id,Pemerintah Kota Yogyakarta,PUBLIC_API,HLS,https://cctvjss.jogjakota.go.id/kotabaru/ANPR-Jl-FM-Noto-Gardu-Aniem.stream/playlist.m3u8,https://cctv.jogjakota.go.id,441,ONLINE,2026-09-04T00:20:41+07:00,Asia/Jakarta,Public monitoring feed,Ditayangkan publik oleh Pemkot Yogyakarta untuk pantauan lalu lintas. Tidak untuk redistribusi ulang tanpa izin.,0.95,
23e9dc66a9539bbc,Jl. F.M. Noto (McDonalds),YOY-JL-F-M-NOTO-MCDONALDS,DI Yogyakarta,Kota Yogyakarta,GONDOKUSUMAN,KOTABARU,ANPR,-7.782968280627342,110.37137746947677,exact,jogjakota,Portal CCTV Kota Yogyakarta (Jogja Command Center),https://cctv.jogjakota.go.id,Pemerintah Kota Yogyakarta,PUBLIC_API,HLS,https://cctvjss.jogjakota.go.id/kotabaru/ANPR-Jl-FM-Noto-McDonalds.stream/playlist.m3u8,https://cctv.jogjakota.go.id,444,ONLINE,2026-09-04T00:20:41+07:00,Asia/Jakarta,Public monitoring feed,Ditayangkan publik oleh Pemkot Yogyakarta untuk pantauan lalu lintas. Tidak untuk redistribusi ulang tanpa izin.,0.95,
5a9ec61934f9eb3b,Jl. F.M. Noto (Raminten),YOY-JL-F-M-NOTO-RAMINTEN,DI Yogyakarta,Kota Yogyakarta,GONDOKUSUMAN,KOTABARU,ANPR,-7.784987949669264,110.37159740924837,exact,jogjakota,Portal CCTV Kota Yogyakarta (Jogja Command Center),https://cctv.jogjakota.go.id,Pemerintah Kota Yogyakarta,PUBLIC_API,HLS,https://cctvjss.jogjakota.go.id/kotabaru/ANPR-Jl-FM-Noto-Raminten.stream/playlist.m3u8,https://cctv.jogjakota.go.id,440,ONLINE,2026-09-04T00:20:41+07:00,Asia/Jakarta,Public monitoring feed,Ditayangkan publik oleh Pemkot Yogyakarta untuk pantauan lalu lintas. Tidak untuk redistribusi ulang tanpa izin.,0.95,
1d1106da3c459f2b,Jl. Juadi (Pojok Utara-Barat Telkom),YOY-JL-JUADI-POJOK-UTARA-BAR,DI Yogyakarta,Kota Yogyakarta,GONDOKUSUMAN,KOTABARU,Jl. Juadi (Pojok Utara-Barat Telkom),-7.785822400093772,110.37456929683687,exact,jogjakota,Portal CCTV Kota Yogyakarta (Jogja Command Center),https://cctv.jogjakota.go.id,Pemerintah Kota Yogyakarta,PUBLIC_API,HLS,https://cctvjss.jogjakota.go.id/kotabaru/Jl-Juadi.stream/playlist.m3u8,https://cctv.jogjakota.go.id,443,ONLINE,2026-09-04T00:20:41+07:00,Asia/Jakarta,Public monitoring feed,Ditayangkan publik oleh Pemkot Yogyakarta untuk pantauan lalu lintas. Tidak untuk redistribusi ulang tanpa izin.,0.95,
74817bd618d1ae6f,Jl. Mas Suharto V. Selatan (Depan LASERCOM),YOY-JL-MAS-SUHARTO-V-SELATAN,DI Yogyakarta,Kota Yogyakarta,DANUREJAN,TEGALPANGGUNG,Jl. Mas Suharto V. Selatan (Depan LASERCOM),-7.793199498598524,110.37106096471014,exact,jogjakota,Portal CCTV Kota Yogyakarta (Jogja Command Center),https://cctv.jogjakota.go.id,Pemerintah Kota Yogyakarta,PUBLIC_API,HLS,https://cctvjss.jogjakota.go.id/tps-liar/S3_Jl_Mas Suharto-Jl_Tegalpanggung.stream/playlist.m3u8,https://cctv.jogjakota.go.id,797,ONLINE,2026-09-04T00:20:42+07:00,Asia/Jakarta,Public monitoring feed,Ditayangkan publik oleh Pemkot Yogyakarta untuk pantauan lalu lintas. Tidak untuk redistribusi ulang tanpa izin.,0.95,
81c1ab2fc5063af7,Jl. Mas Suharto V. Utara (Barat Sari Wangi Parfum),YOY-JL-MAS-SUHARTO-V-UTARA-B,DI Yogyakarta,Kota Yogyakarta,DANUREJAN,TEGALPANGGUNG,Jl. Mas Suharto V. Utara (Barat Sari Wangi Parfum),-7.793247236280253,110.3715920065371,exact,jogjakota,Portal CCTV Kota Yogyakarta (Jogja Command Center),https://cctv.jogjakota.go.id,Pemerintah Kota Yogyakarta,PUBLIC_API,HLS,https://cctvjss.jogjakota.go.id/tps-liar/S3_Jl_Mas Suharto-Jl_Tukangan.stream/playlist.m3u8,https://cctv.jogjakota.go.id,798,ONLINE,2026-09-04T00:20:42+07:00,Asia/Jakarta,Public monitoring feed,Ditayangkan publik oleh Pemkot Yogyakarta untuk pantauan lalu lintas. Tidak untuk redistribusi ulang tanpa izin.,0.95,
784e465218eec155,Jl. Nyoman Oka (Gereja Kotabaru),YOY-JL-NYOMAN-OKA-GEREJA-KOT,DI Yogyakarta,Kota Yogyakarta,GONDOKUSUMAN,KOTABARU,Jl. Nyoman Oka (Gereja Kotabaru),-7.7878952261847605,110.37133456075773,exact,jogjakota,Portal CCTV Kota Yogyakarta (Jogja Command Center),https://cctv.jogjakota.go.id,Pemerintah Kota Yogyakarta,PUBLIC_API,HLS,https://cctvjss.jogjakota.go.id/kotabaru/Jl-Nyoman-Oka.stream/playlist.m3u8,https://cctv.jogjakota.go.id,434,ONLINE,2026-09-04T00:20:40+07:00,Asia/Jakarta,Public monitoring feed,Ditayangkan publik oleh Pemkot Yogyakarta untuk pantauan lalu lintas. Tidak untuk redistribusi ulang tanpa izin.,0.95,
cf5f1db2f1b6c23a,Jl. Sajiono (Roemi),YOY-JL-SAJIONO-ROEMI,DI Yogyakarta,Kota Yogyakarta,GONDOKUSUMAN,KOTABARU,Jl. Sajiono (Roemi),-7.785588723515335,110.37427424016906,exact,jogjakota,Portal CCTV Kota Yogyakarta (Jogja Command Center),https://cctv.jogjakota.go.id,Pemerintah Kota Yogyakarta,PUBLIC_API,HLS,https://cctvjss.jogjakota.go.id/kotabaru/Jl-Sajiono.stream/playlist.m3u8,https://cctv.jogjakota.go.id,435,ONLINE,2026-09-04T00:20:40+07:00,Asia/Jakarta,Public monitoring feed,Ditayangkan publik oleh Pemkot Yogyakarta untuk pantauan lalu lintas. Tidak untuk redistribusi ulang tanpa izin.,0.95,
9ffb3c672559ad50,Jl. Yos Sudarso (Mie Gacoan),YOY-JL-YOS-SUDARSO-MIE-GACOA,DI Yogyakarta,Kota Yogyakarta,GONDOKUSUMAN,KOTABARU,ANPR,-7.788155379820129,110.37492319976059,exact,jogjakota,Portal CCTV Kota Yogyakarta (Jogja Command Center),https://cctv.jogjakota.go.id,Pemerintah Kota Yogyakarta,PUBLIC_API,HLS,https://cctvjss.jogjakota.go.id/kotabaru/ANPR-Jl-Yos-Sudarso.stream/playlist.m3u8,https://cctv.jogjakota.go.id,436,ONLINE,2026-09-04T00:20:41+07:00,Asia/Jakarta,Public monitoring feed,Ditayangkan publik oleh Pemkot Yogyakarta untuk pantauan lalu lintas. Tidak untuk redistribusi ulang tanpa izin.,0.95,
5d33659e2c2fc9fd,KemMJ-Pendopo Kemantren,YOY-KEMMJ-PENDOPO-KEMANTREN,DI Yogyakarta,Kota Yogyakarta,MANTRIJERON,SURYODININGRATAN,KemMJ-Pendopo Kemantren,-7.820833794284509,110.36169744788464,exact,jogjakota,Portal CCTV Kota Yogyakarta (Jogja Command Center),https://cctv.jogjakota.go.id,Pemerintah Kota Yogyakarta,PUBLIC_API,HLS,https://cctvjss.jogjakota.go.id/kecamatan/KemMJ-PendopoKemantren.stream/playlist.m3u8,https://cctv.jogjakota.go.id,449,ONLINE,2026-09-04T00:20:41+07:00,Asia/Jakarta,Public monitoring feed,Ditayangkan publik oleh Pemkot Yogyakarta untuk pantauan lalu lintas. Tidak untuk redistribusi ulang tanpa izin.,0.95,
21715ec241ec9f18,KemMJ-Timur Kemantren,YOY-KEMMJ-TIMUR-KEMANTREN,DI Yogyakarta,Kota Yogyakarta,MANTRIJERON,SURYODININGRATAN,KemMJ-Timur Kemantren,-7.820748744333765,110.3617836916383,exact,jogjakota,Portal CCTV Kota Yogyakarta (Jogja Command Center),https://cctv.jogjakota.go.id,Pemerintah Kota Yogyakarta,PUBLIC_API,HLS,https://cctvjss.jogjakota.go.id/kecamatan/KemMJ-TimurKemantren.stream/playlist.m3u8,https://cctv.jogjakota.go.id,448,ONLINE,2026-09-04T00:20:41+07:00,Asia/Jakarta,Public monitoring feed,Ditayangkan publik oleh Pemkot Yogyakarta untuk pantauan lalu lintas. Tidak untuk redistribusi ulang tanpa izin.,0.95,
95df0027c8efc1d2,Malioboro_Depan_DPRD,YOY-MALIOBORO-DEPAN-DPRD,DI Yogyakarta,Kota Yogyakarta,GEDONG TENGEN,SOSROMENDURAN,Malioboro_Depan_DPRD,-7.79206216435044,110.36588966846467,exact,jogjakota,Portal CCTV Kota Yogyakarta (Jogja Command Center),https://cctv.jogjakota.go.id,Pemerintah Kota Yogyakarta,PUBLIC_API,HLS,https://cctvjss.jogjakota.go.id/malioboro/Malioboro_4_Depan_DPRD.stream/playlist.m3u8,https://cctv.jogjakota.go.id,89,ONLINE,2026-09-04T00:20:34+07:00,Asia/Jakarta,Public monitoring feed,Ditayangkan publik oleh Pemkot Yogyakarta untuk pantauan lalu lintas. Tidak untuk redistribusi ulang tanpa izin.,0.95,
58da93106a191a43,Malioboro_Depan_Dispar,YOY-MALIOBORO-DEPAN-DISPAR,DI Yogyakarta,Kota Yogyakarta,GEDONG TENGEN,SOSROMENDURAN,Hotel Mutiara Lama,-7.794862859073506,110.36556255986987,exact,jogjakota,Portal CCTV Kota Yogyakarta (Jogja Command Center),https://cctv.jogjakota.go.id,Pemerintah Kota Yogyakarta,PUBLIC_API,HLS,https://cctvjss.jogjakota.go.id/malioboro/Malioboro_3_Depan_Dispar.stream/playlist.m3u8,https://cctv.jogjakota.go.id,35,ONLINE,2026-09-04T00:20:34+07:00,Asia/Jakarta,Public monitoring feed,Ditayangkan publik oleh Pemkot Yogyakarta untuk pantauan lalu lintas. Tidak untuk redistribusi ulang tanpa izin.,0.95,
53c59e873efded4e,Malioboro_Depan_Toko_Subur,YOY-MALIOBORO-DEPAN-TOKO-SUB,DI Yogyakarta,Kota Yogyakarta,GEDONG TENGEN,SOSROMENDURAN,Malioboro Mall Sisi Tengah,-7.790940582024625,110.36598244705164,exact,jogjakota,Portal CCTV Kota Yogyakarta (Jogja Command Center),https://cctv.jogjakota.go.id,Pemerintah Kota Yogyakarta,PUBLIC_API,HLS,https://cctvjss.jogjakota.go.id/malioboro/Malioboro_2_Depan_Toko_Subur.stream/playlist.m3u8,https://cctv.jogjakota.go.id,34,ONLINE,2026-09-04T00:20:34+07:00,Asia/Jakarta,Public monitoring feed,Ditayangkan publik oleh Pemkot Yogyakarta untuk pantauan lalu lintas. Tidak untuk redistribusi ulang tanpa izin.,0.95,
985abc0e71fc50c3,Malioboro_Gunungmas,YOY-MALIOBORO-GUNUNGMAS,DI Yogyakarta,Kota Yogyakarta,GONDOMANAN,NGUPASAN,Gunung Mas,-7.798180495804701,110.36505603570875,exact,jogjakota,Portal CCTV Kota Yogyakarta (Jogja Command Center),https://cctv.jogjakota.go.id,Pemerintah Kota Yogyakarta,PUBLIC_API,HLS,https://cctvjss.jogjakota.go.id/malioboro/Malioboro_13_Gunungmas.stream/playlist.m3u8,https://cctv.jogjakota.go.id,156,ONLINE,2026-09-04T00:20:35+07:00,Asia/Jakarta,Public monitoring feed,Ditayangkan publik oleh Pemkot Yogyakarta untuk pantauan lalu lintas. Tidak untuk redistribusi ulang tanpa izin.,0.95,
5e5c96769c7f996d,Malioboro_Mall_Selatan,YOY-MALIOBORO-MALL-SELATAN,DI Yogyakarta,Kota Yogyakarta,GEDONG TENGEN,SOSROMENDURAN,Malioboro Mall Sisi Selatan,-7.795525296050228,110.365546752152,exact,jogjakota,Portal CCTV Kota Yogyakarta (Jogja Command Center),https://cctv.jogjakota.go.id,Pemerintah Kota Yogyakarta,PUBLIC_API,HLS,https://cctvjss.jogjakota.go.id/malioboro/Malioboro_7_Mall_Selatan.stream/playlist.m3u8,https://cctv.jogjakota.go.id,93,ONLINE,2026-09-04T00:20:34+07:00,Asia/Jakarta,Public monitoring feed,Ditayangkan publik oleh Pemkot Yogyakarta untuk pantauan lalu lintas. Tidak untuk redistribusi ulang tanpa izin.,0.95,
600f796db78a7391,Malioboro_Mall_Utara,YOY-MALIOBORO-MALL-UTARA,DI Yogyakarta,Kota Yogyakarta,GEDONG TENGEN,SOSROMENDURAN,Malioboro Mall Sisi Utara,-7.7928274661386405,110.36575199779577,exact,jogjakota,Portal CCTV Kota Yogyakarta (Jogja Command Center),https://cctv.jogjakota.go.id,Pemerintah Kota Yogyakarta,PUBLIC_API,HLS,https://cctvjss.jogjakota.go.id/malioboro/Malioboro_6_Mall_Utara.stream/playlist.m3u8,https://cctv.jogjakota.go.id,92,ONLINE,2026-09-04T00:20:34+07:00,Asia/Jakarta,Public monitoring feed,Ditayangkan publik oleh Pemkot Yogyakarta untuk pantauan lalu lintas. Tidak untuk redistribusi ulang tanpa izin.,0.95,
cd85883d69f7832b,Malioboro_Pasar_Beringharjo,YOY-MALIOBORO-PASAR-BERINGHA,DI Yogyakarta,Kota Yogyakarta,GONDOMANAN,NGUPASAN,Pasar Beringharjo,-7.798719615928482,110.36497885251785,exact,jogjakota,Portal CCTV Kota Yogyakarta (Jogja Command Center),https://cctv.jogjakota.go.id,Pemerintah Kota Yogyakarta,PUBLIC_API,HLS,https://cctvjss.jogjakota.go.id/malioboro/Malioboro_30_Pasar_Beringharjo.stream/playlist.m3u8,https://cctv.jogjakota.go.id,94,ONLINE,2026-09-04T00:20:34+07:00,Asia/Jakarta,Public monitoring feed,Ditayangkan publik oleh Pemkot Yogyakarta untuk pantauan lalu lintas. Tidak untuk redistribusi ulang tanpa izin.,0.95,
756fd37006442606,Malioboro_Perwakilan,YOY-MALIOBORO-PERWAKILAN,DI Yogyakarta,Kota Yogyakarta,GEDONG TENGEN,SOSROMENDURAN,Jl. Perwakilan,-7.792632688541971,110.36579812427252,exact,jogjakota,Portal CCTV Kota Yogyakarta (Jogja Command Center),https://cctv.jogjakota.go.id,Pemerintah Kota Yogyakarta,PUBLIC_API,HLS,https://cctvjss.jogjakota.go.id/malioboro/Malioboro_5_Perwakilan.stream/playlist.m3u8,https://cctv.jogjakota.go.id,91,ONLINE,2026-09-04T00:20:34+07:00,Asia/Jakarta,Public monitoring feed,Ditayangkan publik oleh Pemkot Yogyakarta untuk pantauan lalu lintas. Tidak untuk redistribusi ulang tanpa izin.,0.95,
4abc52b11106ac6d,Malioboro_Ramayana,YOY-MALIOBORO-RAMAYANA,DI Yogyakarta,Kota Yogyakarta,GONDOMANAN,NGUPASAN,Malioboro Ramayana,-7.797582095787332,110.36514909953651,exact,jogjakota,Portal CCTV Kota Yogyakarta (Jogja Command Center),https://cctv.jogjakota.go.id,Pemerintah Kota Yogyakarta,PUBLIC_API,HLS,https://cctvjss.jogjakota.go.id/malioboro/Malioboro_12_Ramayana.stream/playlist.m3u8,https://cctv.jogjakota.go.id,155,ONLINE,2026-09-04T00:20:35+07:00,Asia/Jakarta,Public monitoring feed,Ditayangkan publik oleh Pemkot Yogyakarta untuk pantauan lalu lintas. Tidak untuk redistribusi ulang tanpa izin.,0.95,
7985d595883958b2,Malioboro_Selatan_Teteg,YOY-MALIOBORO-SELATAN-TETEG,DI Yogyakarta,Kota Yogyakarta,GEDONGTENGEN,SOSROMENDURAN,Jl. Perwakilan,-7.789968068779914,110.36602878685423,exact,jogjakota,Portal CCTV Kota Yogyakarta (Jogja Command Center),https://cctv.jogjakota.go.id,Pemerintah Kota Yogyakarta,PUBLIC_API,HLS,https://cctvjss.jogjakota.go.id/malioboro/Malioboro_1_Selatan_Teteg.stream/playlist.m3u8,https://cctv.jogjakota.go.id,33,ONLINE,2026-09-04T00:20:34+07:00,Asia/Jakarta,Public monitoring feed,Ditayangkan publik oleh Pemkot Yogyakarta untuk pantauan lalu lintas. Tidak untuk redistribusi ulang tanpa izin.,0.95,
8d15a1e97f0783ed,Malioboro_Simpang_Reksobayan,YOY-MALIOBORO-SIMPANG-REKSOB,DI Yogyakarta,Kota Yogyakarta,GONDOMANAN,NGUPASAN,Malioboro_Simpang_Reksobayan,-7.799709820932644,110.3648718633361,exact,jogjakota,Portal CCTV Kota Yogyakarta (Jogja Command Center),https://cctv.jogjakota.go.id,Pemerintah Kota Yogyakarta,PUBLIC_API,HLS,https://cctvjss.jogjakota.go.id/malioboro/Malioboro_24_Simpang_Reksobayan.stream/playlist.m3u8,https://cctv.jogjakota.go.id,236,ONLINE,2026-09-04T00:20:38+07:00,Asia/Jakarta,Public monitoring feed,Ditayangkan publik oleh Pemkot Yogyakarta untuk pantauan lalu lintas. Tidak untuk redistribusi ulang tanpa izin.,0.95,
d9c9266489bf1943,Malioboro_Terang_Bulan,YOY-MALIOBORO-TERANG-BULAN,DI Yogyakarta,Kota Yogyakarta,GEDONG TENGEN,SOSROMENDURAN,Terang Bulan,-7.795889821019304,110.3654040724604,exact,jogjakota,Portal CCTV Kota Yogyakarta (Jogja Command Center),https://cctv.jogjakota.go.id,Pemerintah Kota Yogyakarta,PUBLIC_API,HLS,https://cctvjss.jogjakota.go.id/malioboro/Malioboro_11_Terang_Bulan.stream/playlist.m3u8,https://cctv.jogjakota.go.id,154,ONLINE,2026-09-04T00:20:35+07:00,Asia/Jakarta,Public monitoring feed,Ditayangkan publik oleh Pemkot Yogyakarta untuk pantauan lalu lintas. Tidak untuk redistribusi ulang tanpa izin.,0.95,
630646477c9c2dd0,Malioboro_Utara_Inna_Malioboro,YOY-MALIOBORO-UTARA-INNA-MAL,DI Yogyakarta,Kota Yogyakarta,DANUREJAN,SURYATMAJAN,Malioboro_Utara_Inna_Malioboro,-7.790198659966794,110.36624739289181,exact,jogjakota,Portal CCTV Kota Yogyakarta (Jogja Command Center),https://cctv.jogjakota.go.id,Pemerintah Kota Yogyakarta,PUBLIC_API,HLS,https://cctvjss.jogjakota.go.id/malioboro/Malioboro_21_Utara_Inna_Malioboro.stream/playlist.m3u8,https://cctv.jogjakota.go.id,327,ONLINE,2026-09-04T00:20:39+07:00,Asia/Jakarta,Public monitoring feed,Ditayangkan publik oleh Pemkot Yogyakarta untuk pantauan lalu lintas. Tidak untuk redistribusi ulang tanpa izin.,0.95,
0800ccb3357e4b4f,Malioboro_Utara_Mall,YOY-MALIOBORO-UTARA-MALL,DI Yogyakarta,Kota Yogyakarta,DANUREJAN,SURYATMAJAN,Malioboro_Utara_Mall,-7.792597577285484,110.3659266942821,exact,jogjakota,Portal CCTV Kota Yogyakarta (Jogja Command Center),https://cctv.jogjakota.go.id,Pemerintah Kota Yogyakarta,PUBLIC_API,HLS,https://cctvjss.jogjakota.go.id/malioboro/Malioboro_25_Utara_Mall.stream/playlist.m3u8,https://cctv.jogjakota.go.id,326,ONLINE,2026-09-04T00:20:39+07:00,Asia/Jakarta,Public monitoring feed,Ditayangkan publik oleh Pemkot Yogyakarta untuk pantauan lalu lintas. Tidak untuk redistribusi ulang tanpa izin.,0.95,
c3f3af3abfa0f685,Nol Km. - Gd. Agung,YOY-NOL-KM-GD-AGUNG,DI Yogyakarta,Kota Yogyakarta,GONDOMANAN,NGUPASAN,Nol Km. - Gd. Agung,-7.801025084854278,110.36494553089143,exact,jogjakota,Portal CCTV Kota Yogyakarta (Jogja Command Center),https://cctv.jogjakota.go.id,Pemerintah Kota Yogyakarta,PUBLIC_API,HLS,https://cctvjss.jogjakota.go.id/malioboro/NolKm_GdAgung.stream/playlist.m3u8,https://cctv.jogjakota.go.id,247,ONLINE,2026-09-04T00:20:39+07:00,Asia/Jakarta,Public monitoring feed,Ditayangkan publik oleh Pemkot Yogyakarta untuk pantauan lalu lintas. Tidak untuk redistribusi ulang tanpa izin.,0.95,
e0077ba87a6b9840,Nol Km. - Timur,YOY-NOL-KM-TIMUR,DI Yogyakarta,Kota Yogyakarta,,,Nol Km. - Timur,-7.801309214472623,110.36493122211407,exact,jogjakota,Portal CCTV Kota Yogyakarta (Jogja Command Center),https://cctv.jogjakota.go.id,Pemerintah Kota Yogyakarta,PUBLIC_API,HLS,https://cctvjss.jogjakota.go.id/malioboro/NolKm_Timur.stream/playlist.m3u8,https://cctv.jogjakota.go.id,246,ONLINE,2026-09-04T00:20:39+07:00,Asia/Jakarta,Public monitoring feed,Ditayangkan publik oleh Pemkot Yogyakarta untuk pantauan lalu lintas. Tidak untuk redistribusi ulang tanpa izin.,0.95,
7685773ca091e64e,Nol Km. - Utara,YOY-NOL-KM-UTARA,DI Yogyakarta,Kota Yogyakarta,GONDOMANAN,NGUPASAN,Nol Km. - Utara,-7.801235516577087,110.36492407321931,exact,jogjakota,Portal CCTV Kota Yogyakarta (Jogja Command Center),https://cctv.jogjakota.go.id,Pemerintah Kota Yogyakarta,PUBLIC_API,HLS,https://cctvjss.jogjakota.go.id/malioboro/NolKm_Utara.stream/playlist.m3u8,https://cctv.jogjakota.go.id,245,ONLINE,2026-09-04T00:20:39+07:00,Asia/Jakarta,Public monitoring feed,Ditayangkan publik oleh Pemkot Yogyakarta untuk pantauan lalu lintas. Tidak untuk redistribusi ulang tanpa izin.,0.95,
a195222b6865cade,Optic Tugu,YOY-OPTIC-TUGU,DI Yogyakarta,Kota Yogyakarta,,,Optic Tugu,-7.787608577,110.36636285723944,exact,jogjakota,Portal CCTV Kota Yogyakarta (Jogja Command Center),https://cctv.jogjakota.go.id,Pemerintah Kota Yogyakarta,PUBLIC_API,HLS,https://cctvjss.jogjakota.go.id/margo-utomo/Optic-Tugu.stream/playlist.m3u8,https://cctv.jogjakota.go.id,429,ONLINE,2026-09-04T00:20:40+07:00,Asia/Jakarta,Public monitoring feed,Ditayangkan publik oleh Pemkot Yogyakarta untuk pantauan lalu lintas. Tidak untuk redistribusi ulang tanpa izin.,0.95,
a6f723121b66929c,Parkiran Ngabean,YOY-PARKIRAN-NGABEAN,DI Yogyakarta,Kota Yogyakarta,NGAMPILAN,NGAMPILAN,Parkiran Ngabean,-7.801304669900324,110.3562392409939,exact,jogjakota,Portal CCTV Kota Yogyakarta (Jogja Command Center),https://cctv.jogjakota.go.id,Pemerintah Kota Yogyakarta,PUBLIC_API,HLS,https://cctvjss.jogjakota.go.id/atcs/ATCS_Parkiran_Ngabean.stream/playlist.m3u8,https://cctv.jogjakota.go.id,176,ONLINE,2026-09-04T00:20:37+07:00,Asia/Jakarta,Public monitoring feed,Ditayangkan publik oleh Pemkot Yogyakarta untuk pantauan lalu lintas. Tidak untuk redistribusi ulang tanpa izin.,0.95,
0528e0d456f0d8a6,Pasar Demangan View Selatan,YOY-PASAR-DEMANGAN-VIEW-SELA,DI Yogyakarta,Kota Yogyakarta,GONDOKUSUMAN,DEMANGAN,203.30.236.3,-7.780939793541291,110.38817846406626,exact,jogjakota,Portal CCTV Kota Yogyakarta (Jogja Command Center),https://cctv.jogjakota.go.id,Pemerintah Kota Yogyakarta,PUBLIC_API,HLS,https://cctvjss.jogjakota.go.id/atcs/ATCS_Pasar_Demangan_View_Selatan.stream/playlist.m3u8,https://cctv.jogjakota.go.id,243,ONLINE,2026-09-04T00:20:38+07:00,Asia/Jakarta,Public monitoring feed,Ditayangkan publik oleh Pemkot Yogyakarta untuk pantauan lalu lintas. Tidak untuk redistribusi ulang tanpa izin.,0.95,
4bfb325edc8ea794,RTHP Brontokusuman (blkg Kel) 1,YOY-RTHP-BRONTOKUSUMAN-BLKG-,DI Yogyakarta,Kota Yogyakarta,MERGANGSAN,BRONTOKUSUMAN,RTHP Brontokusuman (blkg Kel) 1,-7.8229788155132445,110.36958709709043,exact,jogjakota,Portal CCTV Kota Yogyakarta (Jogja Command Center),https://cctv.jogjakota.go.id,Pemerintah Kota Yogyakarta,PUBLIC_API,HLS,https://cctvjss.jogjakota.go.id/rthp/rthp_brontokusuman_blkgKel_1.stream/playlist.m3u8,https://cctv.jogjakota.go.id,198,ONLINE,2026-09-04T00:20:37+07:00,Asia/Jakarta,Public monitoring feed,Ditayangkan publik oleh Pemkot Yogyakarta untuk pantauan lalu lintas. Tidak untuk redistribusi ulang tanpa izin.,0.95,
9731b54bf68541f3,RTHP Brontokusuman (blkg Kel) 2,YOY-RTHP-BRONTOKUSUMAN-BLKG-,DI Yogyakarta,Kota Yogyakarta,MERGANGSAN,BRONTOKUSUMAN,RTHP Brontokusuman (blkg Kel) 2,-7.823094663198694,110.36960304501743,exact,jogjakota,Portal CCTV Kota Yogyakarta (Jogja Command Center),https://cctv.jogjakota.go.id,Pemerintah Kota Yogyakarta,PUBLIC_API,HLS,https://cctvjss.jogjakota.go.id/rthp/rthp_brontokusuman_blkgKel_2.stream/playlist.m3u8,https://cctv.jogjakota.go.id,199,ONLINE,2026-09-04T00:20:37+07:00,Asia/Jakarta,Public monitoring feed,Ditayangkan publik oleh Pemkot Yogyakarta untuk pantauan lalu lintas. Tidak untuk redistribusi ulang tanpa izin.,0.95,
39d98aacb97b2406,RTHP Bumen,YOY-RTHP-BUMEN,DI Yogyakarta,Kota Yogyakarta,KOTAGEDE,PURBAYAN,RTHP Bumen,-7.826495827309985,110.40351567737893,exact,jogjakota,Portal CCTV Kota Yogyakarta (Jogja Command Center),https://cctv.jogjakota.go.id,Pemerintah Kota Yogyakarta,PUBLIC_API,HLS,https://cctvjss.jogjakota.go.id/rthp/rthp_bumen.stream/playlist.m3u8,https://cctv.jogjakota.go.id,839,ONLINE,2026-09-04T00:20:42+07:00,Asia/Jakarta,Public monitoring feed,Ditayangkan publik oleh Pemkot Yogyakarta untuk pantauan lalu lintas. Tidak untuk redistribusi ulang tanpa izin.,0.95,
d255060fc84706d9,RTHP Gajah Wong Edu Park 1,YOY-RTHP-GAJAH-WONG-EDU-PARK,DI Yogyakarta,Kota Yogyakarta,UMBULHARJO,PANDEYAN,RTHP Gajah Wong Edu Park 1,-7.8174877026184175,110.39348434351206,exact,jogjakota,Portal CCTV Kota Yogyakarta (Jogja Command Center),https://cctv.jogjakota.go.id,Pemerintah Kota Yogyakarta,PUBLIC_API,HLS,https://cctvjss.jogjakota.go.id/rthp/rthp_gajahwong_edupark_1.stream/playlist.m3u8,https://cctv.jogjakota.go.id,520,ONLINE,2026-09-04T00:20:41+07:00,Asia/Jakarta,Public monitoring feed,Ditayangkan publik oleh Pemkot Yogyakarta untuk pantauan lalu lintas. Tidak untuk redistribusi ulang tanpa izin.,0.95,
f26251f9eacfc9c5,RTHP Gajah Wong Edu Park 2,YOY-RTHP-GAJAH-WONG-EDU-PARK,DI Yogyakarta,Kota Yogyakarta,UMBULHARJO,PANDEYAN,RTHP Gajah Wong Edu Park 2,-7.81751438246716,110.39358079113731,exact,jogjakota,Portal CCTV Kota Yogyakarta (Jogja Command Center),https://cctv.jogjakota.go.id,Pemerintah Kota Yogyakarta,PUBLIC_API,HLS,https://cctvjss.jogjakota.go.id/rthp/rthp_gajahwong_edupark_2.stream/playlist.m3u8,https://cctv.jogjakota.go.id,519,ONLINE,2026-09-04T00:20:41+07:00,Asia/Jakarta,Public monitoring feed,Ditayangkan publik oleh Pemkot Yogyakarta untuk pantauan lalu lintas. Tidak untuk redistribusi ulang tanpa izin.,0.95,
e1e30ee449aa89e5,RTHP Gajah Wong Edu Park 3,YOY-RTHP-GAJAH-WONG-EDU-PARK,DI Yogyakarta,Kota Yogyakarta,UMBULHARJO,PANDEYAN,RTHP Gajah Wong Edu Park 3,-7.817672502802456,110.3935052560747,exact,jogjakota,Portal CCTV Kota Yogyakarta (Jogja Command Center),https://cctv.jogjakota.go.id,Pemerintah Kota Yogyakarta,PUBLIC_API,HLS,https://cctvjss.jogjakota.go.id/rthp/rthp_gajahwong_edupark_3.stream/playlist.m3u8,https://cctv.jogjakota.go.id,518,ONLINE,2026-09-04T00:20:41+07:00,Asia/Jakarta,Public monitoring feed,Ditayangkan publik oleh Pemkot Yogyakarta untuk pantauan lalu lintas. Tidak untuk redistribusi ulang tanpa izin.,0.95,
a16347e2cef06500,RTHP Gunungketur 1,YOY-RTHP-GUNUNGKETUR-1,DI Yogyakarta,Kota Yogyakarta,PAKUALAMAN,PURWO KINANTI,RTHP Gunungketur 1,-7.798514511635184,110.37587821483612,exact,jogjakota,Portal CCTV Kota Yogyakarta (Jogja Command Center),https://cctv.jogjakota.go.id,Pemerintah Kota Yogyakarta,PUBLIC_API,HLS,https://cctvjss.jogjakota.go.id/rthp/rthp_gunungketur_1.stream/playlist.m3u8,https://cctv.jogjakota.go.id,196,ONLINE,2026-09-04T00:20:37+07:00,Asia/Jakarta,Public monitoring feed,Ditayangkan publik oleh Pemkot Yogyakarta untuk pantauan lalu lintas. Tidak untuk redistribusi ulang tanpa izin.,0.95,
e6adb898068f1b56,RTHP Gunungketur 2,YOY-RTHP-GUNUNGKETUR-2,DI Yogyakarta,Kota Yogyakarta,PAKUALAMAN,GUNUNG KETUR,RTHP Gunungketur 2,-7.799409389904506,110.37850946122491,exact,jogjakota,Portal CCTV Kota Yogyakarta (Jogja Command Center),https://cctv.jogjakota.go.id,Pemerintah Kota Yogyakarta,PUBLIC_API,HLS,https://cctvjss.jogjakota.go.id/rthp/rthp_gunungketur_2.stream/playlist.m3u8,https://cctv.jogjakota.go.id,197,ONLINE,2026-09-04T00:20:37+07:00,Asia/Jakarta,Public monitoring feed,Ditayangkan publik oleh Pemkot Yogyakarta untuk pantauan lalu lintas. Tidak untuk redistribusi ulang tanpa izin.,0.95,
7b70c91c7214db65,RTHP Jopraban 1,YOY-RTHP-JOPRABAN-1,DI Yogyakarta,Kota Yogyakarta,WIROBRAJAN,WIROBRAJAN,RTHP Jopraban 1,-7.802723670902581,110.35152911182564,exact,jogjakota,Portal CCTV Kota Yogyakarta (Jogja Command Center),https://cctv.jogjakota.go.id,Pemerintah Kota Yogyakarta,PUBLIC_API,HLS,https://cctvjss.jogjakota.go.id/rthp/rthp_jopraban_1.stream/playlist.m3u8,https://cctv.jogjakota.go.id,818,ONLINE,2026-09-04T00:20:42+07:00,Asia/Jakarta,Public monitoring feed,Ditayangkan publik oleh Pemkot Yogyakarta untuk pantauan lalu lintas. Tidak untuk redistribusi ulang tanpa izin.,0.95,
0b502bb7a1051c42,RTHP Jopraban 2,YOY-RTHP-JOPRABAN-2,DI Yogyakarta,Kota Yogyakarta,WIROBRAJAN,WIROBRAJAN,RTHP Jopraban 2,-7.802782095695886,110.35160417812001,exact,jogjakota,Portal CCTV Kota Yogyakarta (Jogja Command Center),https://cctv.jogjakota.go.id,Pemerintah Kota Yogyakarta,PUBLIC_API,HLS,https://cctvjss.jogjakota.go.id/rthp/rthp_jopraban_2.stream/playlist.m3u8,https://cctv.jogjakota.go.id,817,ONLINE,2026-09-04T00:20:42+07:00,Asia/Jakarta,Public monitoring feed,Ditayangkan publik oleh Pemkot Yogyakarta untuk pantauan lalu lintas. Tidak untuk redistribusi ulang tanpa izin.,0.95,
b282a6548afd74b2,RTHP Jopraban 3,YOY-RTHP-JOPRABAN-3,DI Yogyakarta,Kota Yogyakarta,WIROBRAJAN,WIROBRAJAN,RTHP Jopraban 3,-7.802782052880773,110.35166856344493,exact,jogjakota,Portal CCTV Kota Yogyakarta (Jogja Command Center),https://cctv.jogjakota.go.id,Pemerintah Kota Yogyakarta,PUBLIC_API,HLS,https://cctvjss.jogjakota.go.id/rthp/rthp_jopraban_3.stream/playlist.m3u8,https://cctv.jogjakota.go.id,816,ONLINE,2026-09-04T00:20:42+07:00,Asia/Jakarta,Public monitoring feed,Ditayangkan publik oleh Pemkot Yogyakarta untuk pantauan lalu lintas. Tidak untuk redistribusi ulang tanpa izin.,0.95,
d256cb7491c1cbd0,RTHP Klitren 2,YOY-RTHP-KLITREN-2,DI Yogyakarta,Kota Yogyakarta,GONDOKUSUMAN,KLITREN,RTHP Klitren 2,-7.780754051505308,110.38661509752275,exact,jogjakota,Portal CCTV Kota Yogyakarta (Jogja Command Center),https://cctv.jogjakota.go.id,Pemerintah Kota Yogyakarta,PUBLIC_API,HLS,https://cctvjss.jogjakota.go.id/rthp/rthp_klitren_2.stream/playlist.m3u8,https://cctv.jogjakota.go.id,195,ONLINE,2026-09-04T00:20:37+07:00,Asia/Jakarta,Public monitoring feed,Ditayangkan publik oleh Pemkot Yogyakarta untuk pantauan lalu lintas. Tidak untuk redistribusi ulang tanpa izin.,0.95,
56de3d2f1457c84d,RTHP Pakudaya Pakuncen 1,YOY-RTHP-PAKUDAYA-PAKUNCEN-1,DI Yogyakarta,Kota Yogyakarta,WIROBRAJAN,PAKUNCEN,RTHP Pakudaya Pakuncen 1,-7.797903142588836,110.35138428211214,exact,jogjakota,Portal CCTV Kota Yogyakarta (Jogja Command Center),https://cctv.jogjakota.go.id,Pemerintah Kota Yogyakarta,PUBLIC_API,HLS,https://cctvjss.jogjakota.go.id/rthp/rthp_pakudaya_pakuncen_1.stream/playlist.m3u8,https://cctv.jogjakota.go.id,202,ONLINE,2026-09-04T00:20:37+07:00,Asia/Jakarta,Public monitoring feed,Ditayangkan publik oleh Pemkot Yogyakarta untuk pantauan lalu lintas. Tidak untuk redistribusi ulang tanpa izin.,0.95,
a83bab5fe9932dd5,RTHP Pakudaya Pakuncen 2,YOY-RTHP-PAKUDAYA-PAKUNCEN-2,DI Yogyakarta,Kota Yogyakarta,WIROBRAJAN,PAKUNCEN,RTHP Pakudaya Pakuncen 2,-7.797937190603234,110.35135745969455,exact,jogjakota,Portal CCTV Kota Yogyakarta (Jogja Command Center),https://cctv.jogjakota.go.id,Pemerintah Kota Yogyakarta,PUBLIC_API,HLS,https://cctvjss.jogjakota.go.id/rthp/rthp_pakudaya_pakuncen_2.stream/playlist.m3u8,https://cctv.jogjakota.go.id,203,ONLINE,2026-09-04T00:20:37+07:00,Asia/Jakarta,Public monitoring feed,Ditayangkan publik oleh Pemkot Yogyakarta untuk pantauan lalu lintas. Tidak untuk redistribusi ulang tanpa izin.,0.95,
372207824f524be0,RTHP Segoro Amarto Tegalrejo 2,YOY-RTHP-SEGORO-AMARTO-TEGAL,DI Yogyakarta,Kota Yogyakarta,TEGALREJO,TEGALREJO,RTHP Segoro Amarto Tegalrejo 2,-7.790451792570068,110.34968912601472,exact,jogjakota,Portal CCTV Kota Yogyakarta (Jogja Command Center),https://cctv.jogjakota.go.id,Pemerintah Kota Yogyakarta,PUBLIC_API,HLS,https://cctvjss.jogjakota.go.id/rthp/rthp_segoro_amarto_tegalrejo_2.stream/playlist.m3u8,https://cctv.jogjakota.go.id,201,ONLINE,2026-09-04T00:20:37+07:00,Asia/Jakarta,Public monitoring feed,Ditayangkan publik oleh Pemkot Yogyakarta untuk pantauan lalu lintas. Tidak untuk redistribusi ulang tanpa izin.,0.95,
2819ff1911a7329a,RTHP Semaki  1,YOY-RTHP-SEMAKI-1,DI Yogyakarta,Kota Yogyakarta,UMBULHARJO,SEMAKI,RTHP Semaki 1,-7.801009107286565,110.38486361503602,exact,jogjakota,Portal CCTV Kota Yogyakarta (Jogja Command Center),https://cctv.jogjakota.go.id,Pemerintah Kota Yogyakarta,PUBLIC_API,HLS,https://cctvjss.jogjakota.go.id/rthp/rthp_semaki_1.stream/playlist.m3u8,https://cctv.jogjakota.go.id,180,ONLINE,2026-09-04T00:20:37+07:00,Asia/Jakarta,Public monitoring feed,Ditayangkan publik oleh Pemkot Yogyakarta untuk pantauan lalu lintas. Tidak untuk redistribusi ulang tanpa izin.,0.95,
4b7babe26f58d1e3,RTHP Semaki 2,YOY-RTHP-SEMAKI-2,DI Yogyakarta,Kota Yogyakarta,UMBULHARJO,SEMAKI,RTHP Semaki 2,-7.800863445056773,110.38476164953087,exact,jogjakota,Portal CCTV Kota Yogyakarta (Jogja Command Center),https://cctv.jogjakota.go.id,Pemerintah Kota Yogyakarta,PUBLIC_API,HLS,https://cctvjss.jogjakota.go.id/rthp/rthp_semaki_2.stream/playlist.m3u8,https://cctv.jogjakota.go.id,181,ONLINE,2026-09-04T00:20:37+07:00,Asia/Jakarta,Public monitoring feed,Ditayangkan publik oleh Pemkot Yogyakarta untuk pantauan lalu lintas. Tidak untuk redistribusi ulang tanpa izin.,0.95,
9e1761cc77df70e1,Selatan Olive,YOY-SELATAN-OLIVE,DI Yogyakarta,Kota Yogyakarta,,,Selatan Olive,-7.786747557411913,110.36645328866635,exact,jogjakota,Portal CCTV Kota Yogyakarta (Jogja Command Center),https://cctv.jogjakota.go.id,Pemerintah Kota Yogyakarta,PUBLIC_API,HLS,https://cctvjss.jogjakota.go.id/margo-utomo/Selatan-Olive.stream/playlist.m3u8,https://cctv.jogjakota.go.id,430,ONLINE,2026-09-04T00:20:40+07:00,Asia/Jakarta,Public monitoring feed,Ditayangkan publik oleh Pemkot Yogyakarta untuk pantauan lalu lintas. Tidak untuk redistribusi ulang tanpa izin.,0.95,
06209fad5b08c5a5,Selatan Tugu,YOY-SELATAN-TUGU,DI Yogyakarta,Kota Yogyakarta,,,Selatan Tugu,-7.783625896047373,110.36684213112976,exact,jogjakota,Portal CCTV Kota Yogyakarta (Jogja Command Center),https://cctv.jogjakota.go.id,Pemerintah Kota Yogyakarta,PUBLIC_API,HLS,https://cctvjss.jogjakota.go.id/margo-utomo/Toko-Cat-Wahyu.stream/playlist.m3u8,https://cctv.jogjakota.go.id,431,ONLINE,2026-09-04T00:20:40+07:00,Asia/Jakarta,Public monitoring feed,Ditayangkan publik oleh Pemkot Yogyakarta untuk pantauan lalu lintas. Tidak untuk redistribusi ulang tanpa izin.,0.95,
0d1415245e5a5044,Simpang APMD (PTZ),YOY-SIMPANG-APMD-PTZ,DI Yogyakarta,Kota Yogyakarta,GONDOKUSUMAN,BACIRO,Simpang APMD (PTZ),-7.791971853164589,110.39164423942567,exact,jogjakota,Portal CCTV Kota Yogyakarta (Jogja Command Center),https://cctv.jogjakota.go.id,Pemerintah Kota Yogyakarta,PUBLIC_API,HLS,https://cctvjss.jogjakota.go.id/atcs/ATCS_apmd.stream/playlist.m3u8,https://cctv.jogjakota.go.id,1,ONLINE,2026-09-04T00:20:33+07:00,Asia/Jakarta,Public monitoring feed,Ditayangkan publik oleh Pemkot Yogyakarta untuk pantauan lalu lintas. Tidak untuk redistribusi ulang tanpa izin.,0.95,
f5607a0f607c7408,Simpang APPI - JL.Mentri Supeno,YOY-SIMPANG-APPI-JL-MENTRI-S,DI Yogyakarta,Kota Yogyakarta,UMBULHARJO,PANDEYAN,Jl. Mentri Supeno,-7.81616527748688,110.38318996932517,exact,jogjakota,Portal CCTV Kota Yogyakarta (Jogja Command Center),https://cctv.jogjakota.go.id,Pemerintah Kota Yogyakarta,PUBLIC_API,HLS,https://cctvjss.jogjakota.go.id/atcs/ATCS_Lampu_Merah_JlMentriSupeno.stream/playlist.m3u8,https://cctv.jogjakota.go.id,159,ONLINE,2026-09-04T00:20:35+07:00,Asia/Jakarta,Public monitoring feed,Ditayangkan publik oleh Pemkot Yogyakarta untuk pantauan lalu lintas. Tidak untuk redistribusi ulang tanpa izin.,0.95,
0632cbb410e724c8,Simpang APPI 2 - Jl.Mentri Supeno,YOY-SIMPANG-APPI-2-JL-MENTRI,DI Yogyakarta,Kota Yogyakarta,UMBULHARJO,PANDEYAN,Simpang APPI 2 - Jl.Mentri Supeno,-7.816740538562657,110.384139418602,exact,jogjakota,Portal CCTV Kota Yogyakarta (Jogja Command Center),https://cctv.jogjakota.go.id,Pemerintah Kota Yogyakarta,PUBLIC_API,HLS,https://cctvjss.jogjakota.go.id/atcs/ATCS_Lampu_Merah_JlMentriSupeno2.stream/playlist.m3u8,https://cctv.jogjakota.go.id,168,ONLINE,2026-09-04T00:20:36+07:00,Asia/Jakarta,Public monitoring feed,Ditayangkan publik oleh Pemkot Yogyakarta untuk pantauan lalu lintas. Tidak untuk redistribusi ulang tanpa izin.,0.95,
9c1ac9396c9a122f,Simpang Amongrogo View Timur,YOY-SIMPANG-AMONGROGO-VIEW-T,DI Yogyakarta,Kota Yogyakarta,UMBULHARJO,SEMAKI,Simpang Amongrogo View Timur,-7.797400394268464,110.38367271423341,exact,jogjakota,Portal CCTV Kota Yogyakarta (Jogja Command Center),https://cctv.jogjakota.go.id,Pemerintah Kota Yogyakarta,PUBLIC_API,HLS,https://cctvjss.jogjakota.go.id/atcs/ATCS_Simpang_Amongrogo_View_Timur.stream/playlist.m3u8,https://cctv.jogjakota.go.id,204,ONLINE,2026-09-04T00:20:37+07:00,Asia/Jakarta,Public monitoring feed,Ditayangkan publik oleh Pemkot Yogyakarta untuk pantauan lalu lintas. Tidak untuk redistribusi ulang tanpa izin.,0.95,
b93254c9b45574c1,Simpang Atmosukarto (PTZ),YOY-SIMPANG-ATMOSUKARTO-PTZ,DI Yogyakarta,Kota Yogyakarta,,,Simpang Atmosukarto (PTZ),-7.7882638773187205,110.37832799636712,exact,jogjakota,Portal CCTV Kota Yogyakarta (Jogja Command Center),https://cctv.jogjakota.go.id,Pemerintah Kota Yogyakarta,PUBLIC_API,HLS,https://cctvjss.jogjakota.go.id/atcs/ATCS_Simpang_Atmosukarto.stream/playlist.m3u8,https://cctv.jogjakota.go.id,370,ONLINE,2026-09-04T00:20:40+07:00,Asia/Jakarta,Public monitoring feed,Ditayangkan publik oleh Pemkot Yogyakarta untuk pantauan lalu lintas. Tidak untuk redistribusi ulang tanpa izin.,0.95,
b18bc98fc0c83033,Simpang BPK (PTZ),YOY-SIMPANG-BPK-PTZ,DI Yogyakarta,Kota Yogyakarta,TEGALREJO,TEGALREJO,Simpang BPK,-7.790786548521135,110.35380363464357,exact,jogjakota,Portal CCTV Kota Yogyakarta (Jogja Command Center),https://cctv.jogjakota.go.id,Pemerintah Kota Yogyakarta,PUBLIC_API,HLS,https://cctvjss.jogjakota.go.id/atcs/ATCS_bpk.stream/playlist.m3u8,https://cctv.jogjakota.go.id,148,ONLINE,2026-09-04T00:20:35+07:00,Asia/Jakarta,Public monitoring feed,Ditayangkan publik oleh Pemkot Yogyakarta untuk pantauan lalu lintas. Tidak untuk redistribusi ulang tanpa izin.,0.95,
10ae06809e78a728,Simpang Balaikota (PTZ),YOY-SIMPANG-BALAIKOTA-PTZ,DI Yogyakarta,Kota Yogyakarta,,,Simpang Balaikota (PTZ),-7.799677125324242,110.39226912295878,exact,jogjakota,Portal CCTV Kota Yogyakarta (Jogja Command Center),https://cctv.jogjakota.go.id,Pemerintah Kota Yogyakarta,PUBLIC_API,HLS,https://cctvjss.jogjakota.go.id/atcs/ATCS_Simpang_Balaikota_PTZ.stream/playlist.m3u8,https://cctv.jogjakota.go.id,360,ONLINE,2026-09-04T00:20:39+07:00,Asia/Jakarta,Public monitoring feed,Ditayangkan publik oleh Pemkot Yogyakarta untuk pantauan lalu lintas. Tidak untuk redistribusi ulang tanpa izin.,0.95,
e14874c6615ea31d,Simpang Balaikota View Timur,YOY-SIMPANG-BALAIKOTA-VIEW-T,DI Yogyakarta,Kota Yogyakarta,UMBULHARJO,MUJA MUJU,Simpang Balaikota View Utara,-7.79952415717506,110.3923523426056,exact,jogjakota,Portal CCTV Kota Yogyakarta (Jogja Command Center),https://cctv.jogjakota.go.id,Pemerintah Kota Yogyakarta,PUBLIC_API,HLS,https://cctvjss.jogjakota.go.id/atcs/ATCS_Simpang_Balaikota_View_Utara.stream/playlist.m3u8,https://cctv.jogjakota.go.id,233,ONLINE,2026-09-04T00:20:38+07:00,Asia/Jakarta,Public monitoring feed,Ditayangkan publik oleh Pemkot Yogyakarta untuk pantauan lalu lintas. Tidak untuk redistribusi ulang tanpa izin.,0.95,
5a38f2c2b19ab3c3,Simpang Balaikota View Utara-Barat,YOY-SIMPANG-BALAIKOTA-VIEW-U,DI Yogyakarta,Kota Yogyakarta,UMBULHARJO,MUJA MUJU,Simpang Balaikota View Timur,-7.799623974573921,110.3922959120451,exact,jogjakota,Portal CCTV Kota Yogyakarta (Jogja Command Center),https://cctv.jogjakota.go.id,Pemerintah Kota Yogyakarta,PUBLIC_API,HLS,https://cctvjss.jogjakota.go.id/atcs/ATCS_Simpang_Balaikota_View_Timur.stream/playlist.m3u8,https://cctv.jogjakota.go.id,234,ONLINE,2026-09-04T00:20:38+07:00,Asia/Jakarta,Public monitoring feed,Ditayangkan publik oleh Pemkot Yogyakarta untuk pantauan lalu lintas. Tidak untuk redistribusi ulang tanpa izin.,0.95,
f0956cd28b5c3e89,Simpang Basen,YOY-SIMPANG-BASEN,DI Yogyakarta,Kota Yogyakarta,KOTAGEDE,PRENGGAN,Simpang Basen,-7.820469226095182,110.40082275730018,exact,jogjakota,Portal CCTV Kota Yogyakarta (Jogja Command Center),https://cctv.jogjakota.go.id,Pemerintah Kota Yogyakarta,PUBLIC_API,HLS,https://cctvjss.jogjakota.go.id/atcs/ATCS_Simpang_Basen.stream/playlist.m3u8,https://cctv.jogjakota.go.id,362,ONLINE,2026-09-04T00:20:39+07:00,Asia/Jakarta,Public monitoring feed,Ditayangkan publik oleh Pemkot Yogyakarta untuk pantauan lalu lintas. Tidak untuk redistribusi ulang tanpa izin.,0.95,
297961428e2690d2,Simpang Bausasran (PTZ),YOY-SIMPANG-BAUSASRAN-PTZ,DI Yogyakarta,Kota Yogyakarta,DANUREJAN,TEGALPANGGUNG,Simpang Bausasran,-7.796832738009271,110.37259619466906,exact,jogjakota,Portal CCTV Kota Yogyakarta (Jogja Command Center),https://cctv.jogjakota.go.id,Pemerintah Kota Yogyakarta,PUBLIC_API,HLS,https://cctvjss.jogjakota.go.id/atcs/ATCS_S4_Bausasran.stream/playlist.m3u8,https://cctv.jogjakota.go.id,273,ONLINE,2026-09-04T00:20:39+07:00,Asia/Jakarta,Public monitoring feed,Ditayangkan publik oleh Pemkot Yogyakarta untuk pantauan lalu lintas. Tidak untuk redistribusi ulang tanpa izin.,0.95,
648ab7e8c74a376b,Simpang Borobudur Plaza,YOY-SIMPANG-BOROBUDUR-PLAZA,DI Yogyakarta,Kota Yogyakarta,TEGALREJO,KRICAK,Simpang Borobudur Plaza,-7.778378226441675,110.36105632814726,exact,jogjakota,Portal CCTV Kota Yogyakarta (Jogja Command Center),https://cctv.jogjakota.go.id,Pemerintah Kota Yogyakarta,PUBLIC_API,HLS,https://cctvjss.jogjakota.go.id/atcs/ATCS_Simpang_Borobudur_Plaza.stream/playlist.m3u8,https://cctv.jogjakota.go.id,250,ONLINE,2026-09-04T00:20:39+07:00,Asia/Jakarta,Public monitoring feed,Ditayangkan publik oleh Pemkot Yogyakarta untuk pantauan lalu lintas. Tidak untuk redistribusi ulang tanpa izin.,0.95,
0732607f703df01c,Simpang DeBritto View Utara,YOY-SIMPANG-DEBRITTO-VIEW-UT,DI Yogyakarta,Kota Yogyakarta,DEPOK,CATUR TUNGGAL,Simpang DeBritto View Utara,-7.783214903094468,110.39223968949956,exact,jogjakota,Portal CCTV Kota Yogyakarta (Jogja Command Center),https://cctv.jogjakota.go.id,Pemerintah Kota Yogyakarta,PUBLIC_API,HLS,https://cctvjss.jogjakota.go.id/atcs/ATCS_Simpang_DeBritto_View_Utara.stream/playlist.m3u8,https://cctv.jogjakota.go.id,227,ONLINE,2026-09-04T00:20:37+07:00,Asia/Jakarta,Public monitoring feed,Ditayangkan publik oleh Pemkot Yogyakarta untuk pantauan lalu lintas. Tidak untuk redistribusi ulang tanpa izin.,0.95,
0ce1533234c716eb,Simpang Demangan View Selatan,YOY-SIMPANG-DEMANGAN-VIEW-SE,DI Yogyakarta,Kota Yogyakarta,GONDOKUSUMAN,DEMANGAN,Simpang Demangan View Selatan,-7.783214902770064,110.38801789316496,exact,jogjakota,Portal CCTV Kota Yogyakarta (Jogja Command Center),https://cctv.jogjakota.go.id,Pemerintah Kota Yogyakarta,PUBLIC_API,HLS,https://cctvjss.jogjakota.go.id/atcs/ATCS_Simpang_Demangan_View_Selatan.stream/playlist.m3u8,https://cctv.jogjakota.go.id,206,ONLINE,2026-09-04T00:20:38+07:00,Asia/Jakarta,Public monitoring feed,Ditayangkan publik oleh Pemkot Yogyakarta untuk pantauan lalu lintas. Tidak untuk redistribusi ulang tanpa izin.,0.95,
0c7c631c250f9500,Simpang Demangan View Timur,YOY-SIMPANG-DEMANGAN-VIEW-TI,DI Yogyakarta,Kota Yogyakarta,,,Simpang Demangan View Timur,-7.783107508322567,110.38792029309523,exact,jogjakota,Portal CCTV Kota Yogyakarta (Jogja Command Center),https://cctv.jogjakota.go.id,Pemerintah Kota Yogyakarta,PUBLIC_API,HLS,https://cctvjss.jogjakota.go.id/atcs/ATCS_Simpang_Demangan_View_Timur.stream/playlist.m3u8,https://cctv.jogjakota.go.id,207,ONLINE,2026-09-04T00:20:38+07:00,Asia/Jakarta,Public monitoring feed,Ditayangkan publik oleh Pemkot Yogyakarta untuk pantauan lalu lintas. Tidak untuk redistribusi ulang tanpa izin.,0.95,
5a217a7f25681061,Simpang Demangan View Timur,YOY-SIMPANG-DEMANGAN-VIEW-TI,DI Yogyakarta,Kota Yogyakarta,GONDOKUSUMAN,DEMANGAN,Simpang Demangan View Timur,-7.783069238806793,110.38786339750006,exact,jogjakota,Portal CCTV Kota Yogyakarta (Jogja Command Center),https://cctv.jogjakota.go.id,Pemerintah Kota Yogyakarta,PUBLIC_API,HLS,https://cctvjss.jogjakota.go.id/atcs/ATCS_Simpang_Demangan_View_Timur.stream/playlist.m3u8,https://cctv.jogjakota.go.id,829,ONLINE,2026-09-04T00:20:42+07:00,Asia/Jakarta,Public monitoring feed,Ditayangkan publik oleh Pemkot Yogyakarta untuk pantauan lalu lintas. Tidak untuk redistribusi ulang tanpa izin.,0.95,
bd4eee6259e495a8,Simpang Demangan View Utara,YOY-SIMPANG-DEMANGAN-VIEW-UT,DI Yogyakarta,Kota Yogyakarta,GONDOKUSUMAN,KLITREN,Simpang Demangan View Utara,-7.783007619231968,110.38771748542787,exact,jogjakota,Portal CCTV Kota Yogyakarta (Jogja Command Center),https://cctv.jogjakota.go.id,Pemerintah Kota Yogyakarta,PUBLIC_API,HLS,https://cctvjss.jogjakota.go.id/atcs/ATCS_Simpang_Demangan_View_Utara.stream/playlist.m3u8,https://cctv.jogjakota.go.id,205,ONLINE,2026-09-04T00:20:38+07:00,Asia/Jakarta,Public monitoring feed,Ditayangkan publik oleh Pemkot Yogyakarta untuk pantauan lalu lintas. Tidak untuk redistribusi ulang tanpa izin.,0.95,
6d4372ac0d8e727d,Simpang Galeria (PTZ),YOY-SIMPANG-GALERIA-PTZ,DI Yogyakarta,Kota Yogyakarta,GONDOKUSUMAN,KOTABARU,Simpang Galeria,-7.78299465637002,110.37923132903515,exact,jogjakota,Portal CCTV Kota Yogyakarta (Jogja Command Center),https://cctv.jogjakota.go.id,Pemerintah Kota Yogyakarta,PUBLIC_API,HLS,https://cctvjss.jogjakota.go.id/atcs/ATCS_Simpang_Galeria_TimurSelatan.stream/playlist.m3u8,https://cctv.jogjakota.go.id,244,ONLINE,2026-09-04T00:20:38+07:00,Asia/Jakarta,Public monitoring feed,Ditayangkan publik oleh Pemkot Yogyakarta untuk pantauan lalu lintas. Tidak untuk redistribusi ulang tanpa izin.,0.95,
b5685ce775b2cc00,Simpang Gambiran 1 - Jl.Veteran,YOY-SIMPANG-GAMBIRAN-1-JL-VE,DI Yogyakarta,Kota Yogyakarta,UMBULHARJO,PANDEYAN,Simpang Gambiran 1 - Jl.Veteran,-7.81438617624503,110.39168715476991,exact,jogjakota,Portal CCTV Kota Yogyakarta (Jogja Command Center),https://cctv.jogjakota.go.id,Pemerintah Kota Yogyakarta,PUBLIC_API,HLS,https://cctvjss.jogjakota.go.id/atcs/ATCS_Lampu_Merah_Gambiran1.stream/playlist.m3u8,https://cctv.jogjakota.go.id,166,ONLINE,2026-09-04T00:20:36+07:00,Asia/Jakarta,Public monitoring feed,Ditayangkan publik oleh Pemkot Yogyakarta untuk pantauan lalu lintas. Tidak untuk redistribusi ulang tanpa izin.,0.95,
30e00bc07c73e7f7,Simpang Gambiran 2 - Jl.Veteran,YOY-SIMPANG-GAMBIRAN-2-JL-VE,DI Yogyakarta,Kota Yogyakarta,UMBULHARJO,PANDEYAN,Simpang Gambiran 2 - Jl.Veteran,-7.81440743465494,110.39164423942567,exact,jogjakota,Portal CCTV Kota Yogyakarta (Jogja Command Center),https://cctv.jogjakota.go.id,Pemerintah Kota Yogyakarta,PUBLIC_API,HLS,https://cctvjss.jogjakota.go.id/atcs/ATCS_Lampu_Merah_Gambiran2.stream/playlist.m3u8,https://cctv.jogjakota.go.id,167,ONLINE,2026-09-04T00:20:36+07:00,Asia/Jakarta,Public monitoring feed,Ditayangkan publik oleh Pemkot Yogyakarta untuk pantauan lalu lintas. Tidak untuk redistribusi ulang tanpa izin.,0.95,
eb756a5442620332,Simpang Gambiran View Barat,YOY-SIMPANG-GAMBIRAN-VIEW-BA,DI Yogyakarta,Kota Yogyakarta,,,Simpang Gambiran View Barat,-7.8180180722047075,110.39069870536835,exact,jogjakota,Portal CCTV Kota Yogyakarta (Jogja Command Center),https://cctv.jogjakota.go.id,Pemerintah Kota Yogyakarta,PUBLIC_API,HLS,https://cctvjss.jogjakota.go.id/atcs/ATCS_Simpang_Gambiran_View_Barat.stream/playlist.m3u8,https://cctv.jogjakota.go.id,399,ONLINE,2026-09-04T00:20:40+07:00,Asia/Jakarta,Public monitoring feed,Ditayangkan publik oleh Pemkot Yogyakarta untuk pantauan lalu lintas. Tidak untuk redistribusi ulang tanpa izin.,0.95,
ac88ed71f757235e,Simpang Gambiran View Timur,YOY-SIMPANG-GAMBIRAN-VIEW-TI,DI Yogyakarta,Kota Yogyakarta,,,Simpang Gambiran View Timur,-7.8179756585404165,110.39079264444666,exact,jogjakota,Portal CCTV Kota Yogyakarta (Jogja Command Center),https://cctv.jogjakota.go.id,Pemerintah Kota Yogyakarta,PUBLIC_API,HLS,https://cctvjss.jogjakota.go.id/atcs/ATCS_Simpang_Gambiran_View_Timur.stream/playlist.m3u8,https://cctv.jogjakota.go.id,398,ONLINE,2026-09-04T00:20:40+07:00,Asia/Jakarta,Public monitoring feed,Ditayangkan publik oleh Pemkot Yogyakarta untuk pantauan lalu lintas. Tidak untuk redistribusi ulang tanpa izin.,0.95,
8b91ca6f6f0f1fa8,Simpang Gedongkuning (PTZ),YOY-SIMPANG-GEDONGKUNING-PTZ,DI Yogyakarta,Kota Yogyakarta,BANGUNTAPAN,BANGUNTAPAN,Simpang Gedongkuning,-7.801731782919982,110.40140518577397,exact,jogjakota,Portal CCTV Kota Yogyakarta (Jogja Command Center),https://cctv.jogjakota.go.id,Pemerintah Kota Yogyakarta,PUBLIC_API,HLS,https://cctvjss.jogjakota.go.id/atcs/ATCS_Gedongkuning.stream/playlist.m3u8,https://cctv.jogjakota.go.id,237,ONLINE,2026-09-04T00:20:38+07:00,Asia/Jakarta,Public monitoring feed,Ditayangkan publik oleh Pemkot Yogyakarta untuk pantauan lalu lintas. Tidak untuk redistribusi ulang tanpa izin.,0.95,
36bfcb66a2d0a089,Simpang Glagahsari,YOY-SIMPANG-GLAGAHSARI,DI Yogyakarta,Kota Yogyakarta,UMBULHARJO,MUJA MUJU,Simpang Glagah,-7.802046545043447,110.38908192757836,exact,jogjakota,Portal CCTV Kota Yogyakarta (Jogja Command Center),https://cctv.jogjakota.go.id,Pemerintah Kota Yogyakarta,PUBLIC_API,HLS,https://cctvjss.jogjakota.go.id/atcs/ATCS_Glagahsari.stream/playlist.m3u8,https://cctv.jogjakota.go.id,130,ONLINE,2026-09-04T00:20:34+07:00,Asia/Jakarta,Public monitoring feed,Ditayangkan publik oleh Pemkot Yogyakarta untuk pantauan lalu lintas. Tidak untuk redistribusi ulang tanpa izin.,0.95,
f8928d84a542cb5b,Simpang Glagahsari (PTZ),YOY-SIMPANG-GLAGAHSARI-PTZ,DI Yogyakarta,Kota Yogyakarta,UMBULHARJO,MUJA MUJU,Simpang Glagahsari (PTZ),-7.801783237222689,110.38907480148295,exact,jogjakota,Portal CCTV Kota Yogyakarta (Jogja Command Center),https://cctv.jogjakota.go.id,Pemerintah Kota Yogyakarta,PUBLIC_API,HLS,https://cctvjss.jogjakota.go.id/atcs/ATCS_Glagahsari_PTZ.stream/playlist.m3u8,https://cctv.jogjakota.go.id,525,ONLINE,2026-09-04T00:20:42+07:00,Asia/Jakarta,Public monitoring feed,Ditayangkan publik oleh Pemkot Yogyakarta untuk pantauan lalu lintas. Tidak untuk redistribusi ulang tanpa izin.,0.95,
84c5dc8bf50e9b87,Simpang Gondomanan (PTZ),YOY-SIMPANG-GONDOMANAN-PTZ,DI Yogyakarta,Kota Yogyakarta,GONDOMANAN,PRAWIRODIRJAN,Simpang Gondomanan (PTZ),-7.801683039634787,110.36917244417295,exact,jogjakota,Portal CCTV Kota Yogyakarta (Jogja Command Center),https://cctv.jogjakota.go.id,Pemerintah Kota Yogyakarta,PUBLIC_API,HLS,https://cctvjss.jogjakota.go.id/atcs/ATCS_gondomanan.stream/playlist.m3u8,https://cctv.jogjakota.go.id,6,ONLINE,2026-09-04T00:20:33+07:00,Asia/Jakarta,Public monitoring feed,Ditayangkan publik oleh Pemkot Yogyakarta untuk pantauan lalu lintas. Tidak untuk redistribusi ulang tanpa izin.,0.95,
7f598e4515757f93,Simpang Gondomanan View Selatan,YOY-SIMPANG-GONDOMANAN-VIEW-,DI Yogyakarta,Kota Yogyakarta,,,Simpang Gondomanan View Selatan,-7.801558557399664,110.36928258570043,exact,jogjakota,Portal CCTV Kota Yogyakarta (Jogja Command Center),https://cctv.jogjakota.go.id,Pemerintah Kota Yogyakarta,PUBLIC_API,HLS,https://cctvjss.jogjakota.go.id/atcs/ATCS_Simpang_Gondomanan_View_Selatan.stream/playlist.m3u8,https://cctv.jogjakota.go.id,371,ONLINE,2026-09-04T00:20:40+07:00,Asia/Jakarta,Public monitoring feed,Ditayangkan publik oleh Pemkot Yogyakarta untuk pantauan lalu lintas. Tidak untuk redistribusi ulang tanpa izin.,0.95,
1f452d6292567a67,Simpang Gramedia (PTZ),YOY-SIMPANG-GRAMEDIA-PTZ,DI Yogyakarta,Kota Yogyakarta,GONDOKUSUMAN,KOTABARU,Simpang Gramedia 2,-7.782861937761538,110.37481070364103,exact,jogjakota,Portal CCTV Kota Yogyakarta (Jogja Command Center),https://cctv.jogjakota.go.id,Pemerintah Kota Yogyakarta,PUBLIC_API,HLS,https://cctvjss.jogjakota.go.id/atcs/ATCS_Gramedia_2.stream/playlist.m3u8,https://cctv.jogjakota.go.id,248,ONLINE,2026-09-04T00:20:38+07:00,Asia/Jakarta,Public monitoring feed,Ditayangkan publik oleh Pemkot Yogyakarta untuk pantauan lalu lintas. Tidak untuk redistribusi ulang tanpa izin.,0.95,
3a1c50f32fba9ff1,Simpang Gramedia V. Timur,YOY-SIMPANG-GRAMEDIA-V-TIMUR,DI Yogyakarta,Kota Yogyakarta,GONDOKUSUMAN,KOTABARU,Simpang Gramedia V. Timur,-7.782808782374973,110.37478924071134,exact,jogjakota,Portal CCTV Kota Yogyakarta (Jogja Command Center),https://cctv.jogjakota.go.id,Pemerintah Kota Yogyakarta,PUBLIC_API,HLS,https://cctvjss.jogjakota.go.id/kotabaru/ANPR-Simpang-Gramedia-V-Timur_Ex-Jl-Prau.stream/playlist.m3u8,https://cctv.jogjakota.go.id,856,ONLINE,2026-09-04T00:20:43+07:00,Asia/Jakarta,Public monitoring feed,Ditayangkan publik oleh Pemkot Yogyakarta untuk pantauan lalu lintas. Tidak untuk redistribusi ulang tanpa izin.,0.95,
58fc2d72c99fd1f0,Simpang Gramedia V. Utara-Timur,YOY-SIMPANG-GRAMEDIA-V-UTARA,DI Yogyakarta,Kota Yogyakarta,GONDOKUSUMAN,KOTABARU,Simpang Gramedia V. Utara-Timur,-7.782626407365178,110.3746614766573,exact,jogjakota,Portal CCTV Kota Yogyakarta (Jogja Command Center),https://cctv.jogjakota.go.id,Pemerintah Kota Yogyakarta,PUBLIC_API,HLS,https://cctvjss.jogjakota.go.id/atcs/ATCS_gramedia.stream/playlist.m3u8,https://cctv.jogjakota.go.id,755,ONLINE,2026-09-04T00:20:42+07:00,Asia/Jakarta,Public monitoring feed,Ditayangkan publik oleh Pemkot Yogyakarta untuk pantauan lalu lintas. Tidak untuk redistribusi ulang tanpa izin.,0.95,
d6c634909aad381a,Simpang Ibu Ruswo (PTZ),YOY-SIMPANG-IBU-RUSWO-PTZ,DI Yogyakarta,Kota Yogyakarta,GONDOMANAN,PRAWIRODIRJAN,Simpang Ibu Ruswo,-7.803446455001373,110.36923706531525,exact,jogjakota,Portal CCTV Kota Yogyakarta (Jogja Command Center),https://cctv.jogjakota.go.id,Pemerintah Kota Yogyakarta,PUBLIC_API,HLS,https://cctvjss.jogjakota.go.id/atcs/ATCS_Ibu_Ruswo.stream/playlist.m3u8,https://cctv.jogjakota.go.id,147,ONLINE,2026-09-04T00:20:35+07:00,Asia/Jakarta,Public monitoring feed,Ditayangkan publik oleh Pemkot Yogyakarta untuk pantauan lalu lintas. Tidak untuk redistribusi ulang tanpa izin.,0.95,
7061071a8f16e5c7,Simpang Jati Kencana (PTZ),YOY-SIMPANG-JATI-KENCANA-PTZ,DI Yogyakarta,Kota Yogyakarta,TEGALREJO,TEGALREJO,Simpang Jati Kencana,-7.781720077527172,110.35258206065863,exact,jogjakota,Portal CCTV Kota Yogyakarta (Jogja Command Center),https://cctv.jogjakota.go.id,Pemerintah Kota Yogyakarta,PUBLIC_API,HLS,https://cctvjss.jogjakota.go.id/atcs/ATCS_Simpang_JatiKencana.stream/playlist.m3u8,https://cctv.jogjakota.go.id,249,ONLINE,2026-09-04T00:20:38+07:00,Asia/Jakarta,Public monitoring feed,Ditayangkan publik oleh Pemkot Yogyakarta untuk pantauan lalu lintas. Tidak untuk redistribusi ulang tanpa izin.,0.95,
88e0aeeacccdd717,Simpang Jati Kencana V. Barat,YOY-SIMPANG-JATI-KENCANA-V-B,DI Yogyakarta,Kota Yogyakarta,TEGALREJO,BENER,Simpang Jati Kencana V. Barat,-7.7814478939660825,110.35251060338831,exact,jogjakota,Portal CCTV Kota Yogyakarta (Jogja Command Center),https://cctv.jogjakota.go.id,Pemerintah Kota Yogyakarta,PUBLIC_API,HLS,https://cctvjss.jogjakota.go.id/atcs/ATCS_Simpang_JatiKencana_Fix.stream/playlist.m3u8,https://cctv.jogjakota.go.id,900,ONLINE,2026-09-04T00:20:43+07:00,Asia/Jakarta,Public monitoring feed,Ditayangkan publik oleh Pemkot Yogyakarta untuk pantauan lalu lintas. Tidak untuk redistribusi ulang tanpa izin.,0.95,
87c306a1b7d4e8e4,Simpang Jlagran (PTZ),YOY-SIMPANG-JLAGRAN-PTZ,DI Yogyakarta,Kota Yogyakarta,GEDONGTENGEN,PRINGGOKUSUMAN,Simpang Jlagran (PTZ),-7.789037936569344,110.35751581511731,exact,jogjakota,Portal CCTV Kota Yogyakarta (Jogja Command Center),https://cctv.jogjakota.go.id,Pemerintah Kota Yogyakarta,PUBLIC_API,HLS,https://cctvjss.jogjakota.go.id/atcs/ATCS_jlagran.stream/playlist.m3u8,https://cctv.jogjakota.go.id,2,ONLINE,2026-09-04T00:20:33+07:00,Asia/Jakarta,Public monitoring feed,Ditayangkan publik oleh Pemkot Yogyakarta untuk pantauan lalu lintas. Tidak untuk redistribusi ulang tanpa izin.,0.95,
cc9c15d58f87f51e,Simpang Jogokariyan V. Selatan,YOY-SIMPANG-JOGOKARIYAN-V-SE,DI Yogyakarta,Kota Yogyakarta,MERGANGSAN,BRONTOKUSUMAN,Simpang Jogokaryan,-7.8246771495840735,110.36772693747565,exact,jogjakota,Portal CCTV Kota Yogyakarta (Jogja Command Center),https://cctv.jogjakota.go.id,Pemerintah Kota Yogyakarta,PUBLIC_API,HLS,https://cctvjss.jogjakota.go.id/atcs/ATCS_jogokaryan.stream/playlist.m3u8,https://cctv.jogjakota.go.id,157,ONLINE,2026-09-04T00:20:35+07:00,Asia/Jakarta,Public monitoring feed,Ditayangkan publik oleh Pemkot Yogyakarta untuk pantauan lalu lintas. Tidak untuk redistribusi ulang tanpa izin.,0.95,
f0f683e99911c85f,Simpang Jogokariyan V. Utara,YOY-SIMPANG-JOGOKARIYAN-V-UT,DI Yogyakarta,Kota Yogyakarta,,,Simpang Jogokariyan V. Utara,-7.824631710782664,110.36762394240893,exact,jogjakota,Portal CCTV Kota Yogyakarta (Jogja Command Center),https://cctv.jogjakota.go.id,Pemerintah Kota Yogyakarta,PUBLIC_API,HLS,https://cctvjss.jogjakota.go.id/atcs/ATCS_Simpang_Jogokariyan_View_Utara.stream/playlist.m3u8,https://cctv.jogjakota.go.id,477,ONLINE,2026-09-04T00:20:41+07:00,Asia/Jakarta,Public monitoring feed,Ditayangkan publik oleh Pemkot Yogyakarta untuk pantauan lalu lintas. Tidak untuk redistribusi ulang tanpa izin.,0.95,
43b744bafb29f27a,Simpang Jokteng Kulon (PTZ),YOY-SIMPANG-JOKTENG-KULON-PT,DI Yogyakarta,Kota Yogyakarta,MANTRIJERON,GEDONGKIWO,Simpang Jokteng Kulon (PTZ),-7.81294,110.35594,exact,jogjakota,Portal CCTV Kota Yogyakarta (Jogja Command Center),https://cctv.jogjakota.go.id,Pemerintah Kota Yogyakarta,PUBLIC_API,HLS,https://cctvjss.jogjakota.go.id/atcs/ATCS_joktengkulon.stream/playlist.m3u8,https://cctv.jogjakota.go.id,9,ONLINE,2026-09-04T00:20:33+07:00,Asia/Jakarta,Public monitoring feed,Ditayangkan publik oleh Pemkot Yogyakarta untuk pantauan lalu lintas. Tidak untuk redistribusi ulang tanpa izin.,0.95,
20a24ad17b4bacab,Simpang Jokteng Wetan,YOY-SIMPANG-JOKTENG-WETAN,DI Yogyakarta,Kota Yogyakarta,KRATON,PANEMBAHAN,Simpang Jokteng Wetan,-7.814380894891082,110.36806762218477,exact,jogjakota,Portal CCTV Kota Yogyakarta (Jogja Command Center),https://cctv.jogjakota.go.id,Pemerintah Kota Yogyakarta,PUBLIC_API,HLS,https://cctvjss.jogjakota.go.id/atcs/ATCS_joktengwetan.stream/playlist.m3u8,https://cctv.jogjakota.go.id,10,ONLINE,2026-09-04T00:20:33+07:00,Asia/Jakarta,Public monitoring feed,Ditayangkan publik oleh Pemkot Yogyakarta untuk pantauan lalu lintas. Tidak untuk redistribusi ulang tanpa izin.,0.95,
83737ad7c06a2889,Simpang Jokteng Wetan - Jl. Parangtritis (PTZ),YOY-SIMPANG-JOKTENG-WETAN-JL,DI Yogyakarta,Kota Yogyakarta,,,Simpang Jokteng Wetan - Jl. Parangtritis (PTZ),-7.814580608924652,110.36834641369498,exact,jogjakota,Portal CCTV Kota Yogyakarta (Jogja Command Center),https://cctv.jogjakota.go.id,Pemerintah Kota Yogyakarta,PUBLIC_API,HLS,https://cctvjss.jogjakota.go.id/atcs/ATCS_Lampu_Merah_JoktengWetan.stream/playlist.m3u8,https://cctv.jogjakota.go.id,171,ONLINE,2026-09-04T00:20:36+07:00,Asia/Jakarta,Public monitoring feed,Ditayangkan publik oleh Pemkot Yogyakarta untuk pantauan lalu lintas. Tidak untuk redistribusi ulang tanpa izin.,0.95,
8ebf2886d831eeaf,Simpang KM Nol (PTZ),YOY-SIMPANG-KM-NOL-PTZ,DI Yogyakarta,Kota Yogyakarta,GONDOMANAN,NGUPASAN,Simpang KM Nol (PTZ),-7.8010758219105565,110.36475215767108,exact,jogjakota,Portal CCTV Kota Yogyakarta (Jogja Command Center),https://cctv.jogjakota.go.id,Pemerintah Kota Yogyakarta,PUBLIC_API,HLS,https://cctvjss.jogjakota.go.id/atcs/ATCS_kmnol.stream/playlist.m3u8,https://cctv.jogjakota.go.id,14,ONLINE,2026-09-04T00:20:33+07:00,Asia/Jakarta,Public monitoring feed,Ditayangkan publik oleh Pemkot Yogyakarta untuk pantauan lalu lintas. Tidak untuk redistribusi ulang tanpa izin.,0.95,
8bb6d3a78cd3ff1a,Simpang Karang Tunggal (S3 Jl. Kol.Sugiyono - Jl. Sisingamangaraja) 1,YOY-SIMPANG-KARANG-TUNGGAL-S,DI Yogyakarta,Kota Yogyakarta,MERGANGSAN,BRONTOKUSUMAN,Simpang Karang Tunggal (S3 Jl. Kol.Sugiyono - Jl. Sisingamangaraja) 1,-7.815185853586888,110.37321213463336,exact,jogjakota,Portal CCTV Kota Yogyakarta (Jogja Command Center),https://cctv.jogjakota.go.id,Pemerintah Kota Yogyakarta,PUBLIC_API,HLS,https://cctvjss.jogjakota.go.id/atcs/ATCS_Lampu_Merah_SopMerah1.stream/playlist.m3u8,https://cctv.jogjakota.go.id,169,ONLINE,2026-09-04T00:20:36+07:00,Asia/Jakarta,Public monitoring feed,Ditayangkan publik oleh Pemkot Yogyakarta untuk pantauan lalu lintas. Tidak untuk redistribusi ulang tanpa izin.,0.95,
314041aa170f7be1,Simpang Karang Tunggal (S3 Jl. Kol.Sugiyono - Jl. Sisingamangaraja) 2,YOY-SIMPANG-KARANG-TUNGGAL-S,DI Yogyakarta,Kota Yogyakarta,MERGANGSAN,BRONTOKUSUMAN,Simpang Karang Tunggal (S3 Jl. Kol.Sugiyono - Jl. Sisingamangaraja) 2,-7.815170621589384,110.37314236437618,exact,jogjakota,Portal CCTV Kota Yogyakarta (Jogja Command Center),https://cctv.jogjakota.go.id,Pemerintah Kota Yogyakarta,PUBLIC_API,HLS,https://cctvjss.jogjakota.go.id/atcs/ATCS_Lampu_Merah_SopMerah2.stream/playlist.m3u8,https://cctv.jogjakota.go.id,170,ONLINE,2026-09-04T00:20:36+07:00,Asia/Jakarta,Public monitoring feed,Ditayangkan publik oleh Pemkot Yogyakarta untuk pantauan lalu lintas. Tidak untuk redistribusi ulang tanpa izin.,0.95,
f90061a348b7052b,Simpang Kiai Mojo 1 (Barat),YOY-SIMPANG-KIAI-MOJO-1-BARA,DI Yogyakarta,Kota Yogyakarta,JETIS,BUMIJO,Jl.Kyai Mojo,-7.7827290840714,110.35790740623065,exact,jogjakota,Portal CCTV Kota Yogyakarta (Jogja Command Center),https://cctv.jogjakota.go.id,Pemerintah Kota Yogyakarta,PUBLIC_API,HLS,https://cctvjss.jogjakota.go.id/atcs/ATCS_Lampu_Merah_KyaiMojo.stream/playlist.m3u8,https://cctv.jogjakota.go.id,160,ONLINE,2026-09-04T00:20:35+07:00,Asia/Jakarta,Public monitoring feed,Ditayangkan publik oleh Pemkot Yogyakarta untuk pantauan lalu lintas. Tidak untuk redistribusi ulang tanpa izin.,0.95,
7958bccf5f8f5641,Simpang Kiai Mojo 2 (Timur),YOY-SIMPANG-KIAI-MOJO-2-TIMU,DI Yogyakarta,Kota Yogyakarta,JETIS,BUMIJO,JL. Kyai Mojo,-7.782686735299533,110.35799326837432,exact,jogjakota,Portal CCTV Kota Yogyakarta (Jogja Command Center),https://cctv.jogjakota.go.id,Pemerintah Kota Yogyakarta,PUBLIC_API,HLS,https://cctvjss.jogjakota.go.id/atcs/ATCS_Lampu_Merah_KyaiMojo2.stream/playlist.m3u8,https://cctv.jogjakota.go.id,161,ONLINE,2026-09-04T00:20:35+07:00,Asia/Jakarta,Public monitoring feed,Ditayangkan publik oleh Pemkot Yogyakarta untuk pantauan lalu lintas. Tidak untuk redistribusi ulang tanpa izin.,0.95,
38bf913e8cd3ad30,Simpang Letjen Suprapto-KS. Tubun V. Selatan,YOY-SIMPANG-LETJEN-SUPRAPTO-,DI Yogyakarta,Kota Yogyakarta,NGAMPILAN,NGAMPILAN,Simpang Letjen Suprapto-KS. Tubun V. Selatan,-7.797387530558577,110.35645371629705,exact,jogjakota,Portal CCTV Kota Yogyakarta (Jogja Command Center),https://cctv.jogjakota.go.id,Pemerintah Kota Yogyakarta,PUBLIC_API,HLS,https://cctvjss.jogjakota.go.id/atcs/ATCS_Simpang_Letjen_Suprapto_KS_Tubun_View_Selatan.stream/playlist.m3u8,https://cctv.jogjakota.go.id,523,ONLINE,2026-09-04T00:20:42+07:00,Asia/Jakarta,Public monitoring feed,Ditayangkan publik oleh Pemkot Yogyakarta untuk pantauan lalu lintas. Tidak untuk redistribusi ulang tanpa izin.,0.95,
f23868ae44fb01a8,Simpang Letjen Suprapto-KS. Tubun V. Utara,YOY-SIMPANG-LETJEN-SUPRAPTO-,DI Yogyakarta,Kota Yogyakarta,NGAMPILAN,NGAMPILAN,Simpang Letjen Suprapto-KS. Tubun V. Utara,-7.797292136759732,110.356416259686,exact,jogjakota,Portal CCTV Kota Yogyakarta (Jogja Command Center),https://cctv.jogjakota.go.id,Pemerintah Kota Yogyakarta,PUBLIC_API,HLS,https://cctvjss.jogjakota.go.id/atcs/ATCS_Simpang_Letjen_Suprapto_KS_Tubun_View_Utara.stream/playlist.m3u8,https://cctv.jogjakota.go.id,524,ONLINE,2026-09-04T00:20:42+07:00,Asia/Jakarta,Public monitoring feed,Ditayangkan publik oleh Pemkot Yogyakarta untuk pantauan lalu lintas. Tidak untuk redistribusi ulang tanpa izin.,0.95,
2b9d7e83c12a48a2,Simpang Mandala Krida (PTZ),YOY-SIMPANG-MANDALA-KRIDA-PT,DI Yogyakarta,Kota Yogyakarta,,,Simpang Mandala Krida (PTZ),-7.797693605585319,110.38498739881717,exact,jogjakota,Portal CCTV Kota Yogyakarta (Jogja Command Center),https://cctv.jogjakota.go.id,Pemerintah Kota Yogyakarta,PUBLIC_API,HLS,https://cctvjss.jogjakota.go.id/atcs/ATCS_Simpang_Mandala_Krida_PTZ.stream/playlist.m3u8,https://cctv.jogjakota.go.id,361,ONLINE,2026-09-04T00:20:39+07:00,Asia/Jakarta,Public monitoring feed,Ditayangkan publik oleh Pemkot Yogyakarta untuk pantauan lalu lintas. Tidak untuk redistribusi ulang tanpa izin.,0.95,
f16614376e5a8b7f,Simpang Mantrigawen (PTZ),YOY-SIMPANG-MANTRIGAWEN-PTZ,DI Yogyakarta,Kota Yogyakarta,MERGANGSAN,KEPARAKAN,Simpang Mantrigawen (PTZ),-7.8089628315616855,110.36901700929627,exact,jogjakota,Portal CCTV Kota Yogyakarta (Jogja Command Center),https://cctv.jogjakota.go.id,Pemerintah Kota Yogyakarta,PUBLIC_API,HLS,https://cctvjss.jogjakota.go.id/atcs/ATCS_Mantrigawen_PTZ.stream/playlist.m3u8,https://cctv.jogjakota.go.id,873,ONLINE,2026-09-04T00:20:43+07:00,Asia/Jakarta,Public monitoring feed,Ditayangkan publik oleh Pemkot Yogyakarta untuk pantauan lalu lintas. Tidak untuk redistribusi ulang tanpa izin.,0.95,
f64ef72cf9bb2a3e,Simpang Melia Purosani (PTZ),YOY-SIMPANG-MELIA-PUROSANI-P,DI Yogyakarta,Kota Yogyakarta,,,Simpang Melia Purosani (PTZ),-7.796728568306433,110.36910532920628,exact,jogjakota,Portal CCTV Kota Yogyakarta (Jogja Command Center),https://cctv.jogjakota.go.id,Pemerintah Kota Yogyakarta,PUBLIC_API,HLS,https://cctvjss.jogjakota.go.id/atcs/ATCS_Simpang_Melia_Purosani.stream/playlist.m3u8,https://cctv.jogjakota.go.id,368,ONLINE,2026-09-04T00:20:39+07:00,Asia/Jakarta,Public monitoring feed,Ditayangkan publik oleh Pemkot Yogyakarta untuk pantauan lalu lintas. Tidak untuk redistribusi ulang tanpa izin.,0.95,
094868af5441a7d5,Simpang Mirota (PTZ),YOY-SIMPANG-MIROTA-PTZ,DI Yogyakarta,Kota Yogyakarta,GONDOKUSUMAN,TERBAN,Simpang Mirota,-7.776092711190059,110.37438154220582,exact,jogjakota,Portal CCTV Kota Yogyakarta (Jogja Command Center),https://cctv.jogjakota.go.id,Pemerintah Kota Yogyakarta,PUBLIC_API,HLS,https://cctvjss.jogjakota.go.id/atcs/ATCS_mirota.stream/playlist.m3u8,https://cctv.jogjakota.go.id,178,ONLINE,2026-09-04T00:20:37+07:00,Asia/Jakarta,Public monitoring feed,Ditayangkan publik oleh Pemkot Yogyakarta untuk pantauan lalu lintas. Tidak untuk redistribusi ulang tanpa izin.,0.95,
98146d04b3e51891,Simpang Mirota V. Barat (FIX),YOY-SIMPANG-MIROTA-V-BARAT-F,DI Yogyakarta,Kota Yogyakarta,GONDOKUSUMAN,TERBAN,Simpang Mirota V. Barat (FIX),-7.7759895810002995,110.37433326381118,exact,jogjakota,Portal CCTV Kota Yogyakarta (Jogja Command Center),https://cctv.jogjakota.go.id,Pemerintah Kota Yogyakarta,PUBLIC_API,HLS,https://cctvjss.jogjakota.go.id/atcs/ATCS_Simpang_Mirota_View_Barat.stream/playlist.m3u8,https://cctv.jogjakota.go.id,896,ONLINE,2026-09-04T00:20:43+07:00,Asia/Jakarta,Public monitoring feed,Ditayangkan publik oleh Pemkot Yogyakarta untuk pantauan lalu lintas. Tidak untuk redistribusi ulang tanpa izin.,0.95,
3a4a9123faa92b33,Simpang PKU Muh. (PTZ),YOY-SIMPANG-PKU-MUH-PTZ,DI Yogyakarta,Kota Yogyakarta,GONDOMANAN,NGUPASAN,Simpang PKU Muh. (PTZ),-7.801283,110.362061,exact,jogjakota,Portal CCTV Kota Yogyakarta (Jogja Command Center),https://cctv.jogjakota.go.id,Pemerintah Kota Yogyakarta,PUBLIC_API,HLS,https://cctvjss.jogjakota.go.id/atcs/ATCS_pkumuh.stream/playlist.m3u8,https://cctv.jogjakota.go.id,17,ONLINE,2026-09-04T00:20:33+07:00,Asia/Jakarta,Public monitoring feed,Ditayangkan publik oleh Pemkot Yogyakarta untuk pantauan lalu lintas. Tidak untuk redistribusi ulang tanpa izin.,0.95,
961cde718225761c,Simpang Pasar Gading 1 (Timur),YOY-SIMPANG-PASAR-GADING-1-T,DI Yogyakarta,Kota Yogyakarta,MANTRIJERON,MANTRIJERON,Simpang Pasar Gading 1 (Timur),-7.8139588927123365,110.36288023131759,exact,jogjakota,Portal CCTV Kota Yogyakarta (Jogja Command Center),https://cctv.jogjakota.go.id,Pemerintah Kota Yogyakarta,PUBLIC_API,HLS,https://cctvjss.jogjakota.go.id/atcs/ATCS_Lampu_Merah_PasarGading1.stream/playlist.m3u8,https://cctv.jogjakota.go.id,172,ONLINE,2026-09-04T00:20:36+07:00,Asia/Jakarta,Public monitoring feed,Ditayangkan publik oleh Pemkot Yogyakarta untuk pantauan lalu lintas. Tidak untuk redistribusi ulang tanpa izin.,0.95,
7b99a017d4da9015,Simpang Pasar Gading 2 (Barat),YOY-SIMPANG-PASAR-GADING-2-B,DI Yogyakarta,Kota Yogyakarta,MANTRIJERON,MANTRIJERON,Simpang Pasar Gading 2 (Barat),-7.813985428289541,110.36279439652623,exact,jogjakota,Portal CCTV Kota Yogyakarta (Jogja Command Center),https://cctv.jogjakota.go.id,Pemerintah Kota Yogyakarta,PUBLIC_API,HLS,https://cctvjss.jogjakota.go.id/atcs/ATCS_Lampu_Merah_PasarGading2.stream/playlist.m3u8,https://cctv.jogjakota.go.id,173,ONLINE,2026-09-04T00:20:36+07:00,Asia/Jakarta,Public monitoring feed,Ditayangkan publik oleh Pemkot Yogyakarta untuk pantauan lalu lintas. Tidak untuk redistribusi ulang tanpa izin.,0.95,
72c0408e461a95a7,Simpang Pasar Telo (PTZ),YOY-SIMPANG-PASAR-TELO-PTZ,DI Yogyakarta,Kota Yogyakarta,MERGANGSAN,BRONTOKUSUMAN,Simpang Pasar Telo (PTZ),-7.823812428983515,110.37315298653814,exact,jogjakota,Portal CCTV Kota Yogyakarta (Jogja Command Center),https://cctv.jogjakota.go.id,Pemerintah Kota Yogyakarta,PUBLIC_API,HLS,https://cctvjss.jogjakota.go.id/atcs/ATCS_Pasar_Telo_PTZ.stream/playlist.m3u8,https://cctv.jogjakota.go.id,850,ONLINE,2026-09-04T00:20:42+07:00,Asia/Jakarta,Public monitoring feed,Ditayangkan publik oleh Pemkot Yogyakarta untuk pantauan lalu lintas. Tidak untuk redistribusi ulang tanpa izin.,0.95,
8e27f683ed597536,Simpang Pasar Telo View Selatan,YOY-SIMPANG-PASAR-TELO-VIEW-,DI Yogyakarta,Kota Yogyakarta,,,Simpang Pasar Telo View Selatan,-7.824088403798951,110.3732416032892,exact,jogjakota,Portal CCTV Kota Yogyakarta (Jogja Command Center),https://cctv.jogjakota.go.id,Pemerintah Kota Yogyakarta,PUBLIC_API,HLS,https://cctvjss.jogjakota.go.id/atcs/ATCS_Simpang_Pasar_Telo_View_Selatan.stream/playlist.m3u8,https://cctv.jogjakota.go.id,396,ONLINE,2026-09-04T00:20:40+07:00,Asia/Jakarta,Public monitoring feed,Ditayangkan publik oleh Pemkot Yogyakarta untuk pantauan lalu lintas. Tidak untuk redistribusi ulang tanpa izin.,0.95,
91f8dfb38dd88a7d,Simpang Pasar Telo View Utara,YOY-SIMPANG-PASAR-TELO-VIEW-,DI Yogyakarta,Kota Yogyakarta,,,Simpang Pasar Telo View Utara,-7.824001180644657,110.37327834764065,exact,jogjakota,Portal CCTV Kota Yogyakarta (Jogja Command Center),https://cctv.jogjakota.go.id,Pemerintah Kota Yogyakarta,PUBLIC_API,HLS,https://cctvjss.jogjakota.go.id/atcs/ATCS_Simpang_Pasar_Telo_View_Utara.stream/playlist.m3u8,https://cctv.jogjakota.go.id,397,ONLINE,2026-09-04T00:20:40+07:00,Asia/Jakarta,Public monitoring feed,Ditayangkan publik oleh Pemkot Yogyakarta untuk pantauan lalu lintas. Tidak untuk redistribusi ulang tanpa izin.,0.95,
92266a21c9bac44d,Simpang Permata (PTZ),YOY-SIMPANG-PERMATA-PTZ,DI Yogyakarta,Kota Yogyakarta,PAKUALAMAN,GUNUNG KETUR,Simpang Permata (PTZ),-7.8015437731163875,110.37307262420656,exact,jogjakota,Portal CCTV Kota Yogyakarta (Jogja Command Center),https://cctv.jogjakota.go.id,Pemerintah Kota Yogyakarta,PUBLIC_API,HLS,https://cctvjss.jogjakota.go.id/atcs/ATCS_permata.stream/playlist.m3u8,https://cctv.jogjakota.go.id,16,ONLINE,2026-09-04T00:20:33+07:00,Asia/Jakarta,Public monitoring feed,Ditayangkan publik oleh Pemkot Yogyakarta untuk pantauan lalu lintas. Tidak untuk redistribusi ulang tanpa izin.,0.95,
fa599c682f05ba55,Simpang Pingit 1 - Jl.Tentara Pelajar,YOY-SIMPANG-PINGIT-1-JL-TENT,DI Yogyakarta,Kota Yogyakarta,JETIS,BUMIJO,Simpang Pingit,-7.78273439372399,110.3606539964676,exact,jogjakota,Portal CCTV Kota Yogyakarta (Jogja Command Center),https://cctv.jogjakota.go.id,Pemerintah Kota Yogyakarta,PUBLIC_API,HLS,https://cctvjss.jogjakota.go.id/atcs/ATCS_Lampu_Merah_Pingit1.stream/playlist.m3u8,https://cctv.jogjakota.go.id,163,ONLINE,2026-09-04T00:20:36+07:00,Asia/Jakarta,Public monitoring feed,Ditayangkan publik oleh Pemkot Yogyakarta untuk pantauan lalu lintas. Tidak untuk redistribusi ulang tanpa izin.,0.95,
877aab33338bca50,Simpang Pingit 2 - Jl. Tentara Pelajar,YOY-SIMPANG-PINGIT-2-JL-TENT,DI Yogyakarta,Kota Yogyakarta,JETIS,BUMIJO,Pingit 2,-7.782906599809257,110.36073178052905,exact,jogjakota,Portal CCTV Kota Yogyakarta (Jogja Command Center),https://cctv.jogjakota.go.id,Pemerintah Kota Yogyakarta,PUBLIC_API,HLS,https://cctvjss.jogjakota.go.id/atcs/ATCS_Lampu_Merah_Pingit2.stream/playlist.m3u8,https://cctv.jogjakota.go.id,164,ONLINE,2026-09-04T00:20:36+07:00,Asia/Jakarta,Public monitoring feed,Ditayangkan publik oleh Pemkot Yogyakarta untuk pantauan lalu lintas. Tidak untuk redistribusi ulang tanpa izin.,0.95,
d2e9faf0e8ba2ea6,Simpang Pingit 3 - Jl. Tentara Pelajar,YOY-SIMPANG-PINGIT-3-JL-TENT,DI Yogyakarta,Kota Yogyakarta,JETIS,BUMIJO,Pingit,-7.782989513873122,110.36065936088563,exact,jogjakota,Portal CCTV Kota Yogyakarta (Jogja Command Center),https://cctv.jogjakota.go.id,Pemerintah Kota Yogyakarta,PUBLIC_API,HLS,https://cctvjss.jogjakota.go.id/atcs/ATCS_Lampu_Merah_Pingit3.stream/playlist.m3u8,https://cctv.jogjakota.go.id,165,ONLINE,2026-09-04T00:20:36+07:00,Asia/Jakarta,Public monitoring feed,Ditayangkan publik oleh Pemkot Yogyakarta untuk pantauan lalu lintas. Tidak untuk redistribusi ulang tanpa izin.,0.95,
8e4c48709a139047,Simpang Pingit 4 - Jl. Tentara Pelajar,YOY-SIMPANG-PINGIT-4-JL-TENT,DI Yogyakarta,Kota Yogyakarta,JETIS,BUMIJO,Simpang Pingit 4 - Jl. Tentara Pelajar,-7.782895969804031,110.36082565784456,exact,jogjakota,Portal CCTV Kota Yogyakarta (Jogja Command Center),https://cctv.jogjakota.go.id,Pemerintah Kota Yogyakarta,PUBLIC_API,HLS,https://cctvjss.jogjakota.go.id/atcs/ATCS_Lampu_Merah_Pingit4.stream/playlist.m3u8,https://cctv.jogjakota.go.id,177,ONLINE,2026-09-04T00:20:37+07:00,Asia/Jakarta,Public monitoring feed,Ditayangkan publik oleh Pemkot Yogyakarta untuk pantauan lalu lintas. Tidak untuk redistribusi ulang tanpa izin.,0.95,
c4d0ffa3504b518e,Simpang Pingit 5 (PTZ),YOY-SIMPANG-PINGIT-5-PTZ,DI Yogyakarta,Kota Yogyakarta,JETIS,BUMIJO,Simpang Pingit 5,-7.782213605984465,110.3593021631241,exact,jogjakota,Portal CCTV Kota Yogyakarta (Jogja Command Center),https://cctv.jogjakota.go.id,Pemerintah Kota Yogyakarta,PUBLIC_API,HLS,https://cctvjss.jogjakota.go.id/atcs/ATCS_Lampu_Merah_Pingit5.stream/playlist.m3u8,https://cctv.jogjakota.go.id,275,ONLINE,2026-09-04T00:20:39+07:00,Asia/Jakarta,Public monitoring feed,Ditayangkan publik oleh Pemkot Yogyakarta untuk pantauan lalu lintas. Tidak untuk redistribusi ulang tanpa izin.,0.95,
fa3c219acd9ab2ba,Simpang Rejowinangun View Timur,YOY-SIMPANG-REJOWINANGUN-VIE,DI Yogyakarta,Kota Yogyakarta,KOTAGEDE,REJOWINANGUN,Simpang Rejowinangun View Timur,-7.8107084889395955,110.40206193956693,exact,jogjakota,Portal CCTV Kota Yogyakarta (Jogja Command Center),https://cctv.jogjakota.go.id,Pemerintah Kota Yogyakarta,PUBLIC_API,HLS,https://cctvjss.jogjakota.go.id/atcs/ATCS_Simpang_Rejowinangun_View_Timur.stream/playlist.m3u8,https://cctv.jogjakota.go.id,232,ONLINE,2026-09-04T00:20:38+07:00,Asia/Jakarta,Public monitoring feed,Ditayangkan publik oleh Pemkot Yogyakarta untuk pantauan lalu lintas. Tidak untuk redistribusi ulang tanpa izin.,0.95,
634d4cc3c66a120e,Simpang SGM (PTZ),YOY-SIMPANG-SGM-PTZ,DI Yogyakarta,Kota Yogyakarta,UMBULHARJO,MUJA MUJU,Simpang SGM (PTZ),-7.80193047016076,110.39514215453288,exact,jogjakota,Portal CCTV Kota Yogyakarta (Jogja Command Center),https://cctv.jogjakota.go.id,Pemerintah Kota Yogyakarta,PUBLIC_API,HLS,https://cctvjss.jogjakota.go.id/atcs/ATCS_simpangsgm.stream/playlist.m3u8,https://cctv.jogjakota.go.id,21,ONLINE,2026-09-04T00:20:34+07:00,Asia/Jakarta,Public monitoring feed,Ditayangkan publik oleh Pemkot Yogyakarta untuk pantauan lalu lintas. Tidak untuk redistribusi ulang tanpa izin.,0.95,
2eb0eb961ccfabeb,Simpang Sentul (PTZ),YOY-SIMPANG-SENTUL-PTZ,DI Yogyakarta,Kota Yogyakarta,PAKUALAMAN,GUNUNGKETUR,Simpang Sentul (PTZ),-7.801442745827733,110.3779435343926,exact,jogjakota,Portal CCTV Kota Yogyakarta (Jogja Command Center),https://cctv.jogjakota.go.id,Pemerintah Kota Yogyakarta,PUBLIC_API,HLS,https://cctvjss.jogjakota.go.id/atcs/ATCS_sentul.stream/playlist.m3u8,https://cctv.jogjakota.go.id,19,ONLINE,2026-09-04T00:20:33+07:00,Asia/Jakarta,Public monitoring feed,Ditayangkan publik oleh Pemkot Yogyakarta untuk pantauan lalu lintas. Tidak untuk redistribusi ulang tanpa izin.,0.95,
8337410aeadf87c2,Simpang Serangan (PTZ),YOY-SIMPANG-SERANGAN-PTZ,DI Yogyakarta,Kota Yogyakarta,NGAMPILAN,NGAMPILAN,Simpang Serangan (PTZ),-7.800627191909387,110.35540228552313,exact,jogjakota,Portal CCTV Kota Yogyakarta (Jogja Command Center),https://cctv.jogjakota.go.id,Pemerintah Kota Yogyakarta,PUBLIC_API,HLS,https://cctvjss.jogjakota.go.id/atcs/ATCS_serangan.stream/playlist.m3u8,https://cctv.jogjakota.go.id,20,ONLINE,2026-09-04T00:20:34+07:00,Asia/Jakarta,Public monitoring feed,Ditayangkan publik oleh Pemkot Yogyakarta untuk pantauan lalu lintas. Tidak untuk redistribusi ulang tanpa izin.,0.95,
47c58fafa5e81fe8,Simpang Sugeng Jeroni 1 - Jl.Sugeng Jeroni,YOY-SIMPANG-SUGENG-JERONI-1-,DI Yogyakarta,Kota Yogyakarta,WIROBRAJAN,PATANGPULUHAN,Simpang Sugeng Jeroni 1 - Jl.Sugeng Jeroni,-7.81196271042108,110.34950673580171,exact,jogjakota,Portal CCTV Kota Yogyakarta (Jogja Command Center),https://cctv.jogjakota.go.id,Pemerintah Kota Yogyakarta,PUBLIC_API,HLS,https://cctvjss.jogjakota.go.id/atcs/ATCS_Lampu_Merah_SugengJeroni1.stream/playlist.m3u8,https://cctv.jogjakota.go.id,174,ONLINE,2026-09-04T00:20:37+07:00,Asia/Jakarta,Public monitoring feed,Ditayangkan publik oleh Pemkot Yogyakarta untuk pantauan lalu lintas. Tidak untuk redistribusi ulang tanpa izin.,0.95,
b5e09ef93a7a9b9a,Simpang Sugeng Jeroni 2 - Jl.Sugeng Jeroni,YOY-SIMPANG-SUGENG-JERONI-2-,DI Yogyakarta,Kota Yogyakarta,WIROBRAJAN,PATANGPULUHAN,Simpang Sugeng Jeroni 2 - Jl.Sugeng Jeroni,-7.811930822619116,110.34948527812959,exact,jogjakota,Portal CCTV Kota Yogyakarta (Jogja Command Center),https://cctv.jogjakota.go.id,Pemerintah Kota Yogyakarta,PUBLIC_API,HLS,https://cctvjss.jogjakota.go.id/atcs/ATCS_Lampu_Merah_SugengJeroni2.stream/playlist.m3u8,https://cctv.jogjakota.go.id,175,ONLINE,2026-09-04T00:20:36+07:00,Asia/Jakarta,Public monitoring feed,Ditayangkan publik oleh Pemkot Yogyakarta untuk pantauan lalu lintas. Tidak untuk redistribusi ulang tanpa izin.,0.95,
76bf3a8235ecc32d,Simpang Taman Sari (PTZ),YOY-SIMPANG-TAMAN-SARI-PTZ,DI Yogyakarta,Kota Yogyakarta,MANTRIJERON,GEDONGKIWO,Taman Sari,-7.808656995329348,110.35600572824481,exact,jogjakota,Portal CCTV Kota Yogyakarta (Jogja Command Center),https://cctv.jogjakota.go.id,Pemerintah Kota Yogyakarta,PUBLIC_API,HLS,https://cctvjss.jogjakota.go.id/atcs/ATCS_tamansari.stream/playlist.m3u8,https://cctv.jogjakota.go.id,179,ONLINE,2026-09-04T00:20:37+07:00,Asia/Jakarta,Public monitoring feed,Ditayangkan publik oleh Pemkot Yogyakarta untuk pantauan lalu lintas. Tidak untuk redistribusi ulang tanpa izin.,0.95,
dc88e1ff7b2fef7b,Simpang Tegalgendu V. Selatan,YOY-SIMPANG-TEGALGENDU-V-SEL,DI Yogyakarta,Kota Yogyakarta,UMBULHARJO,GIWANGAN,Simpang Tegalgendu V. Selatan,-7.825719943855978,110.39001342912228,exact,jogjakota,Portal CCTV Kota Yogyakarta (Jogja Command Center),https://cctv.jogjakota.go.id,Pemerintah Kota Yogyakarta,PUBLIC_API,HLS,https://cctvjss.jogjakota.go.id/atcs/ATCS_Simpang_Tegalgendu.stream/playlist.m3u8,https://cctv.jogjakota.go.id,522,ONLINE,2026-09-04T00:20:42+07:00,Asia/Jakarta,Public monitoring feed,Ditayangkan publik oleh Pemkot Yogyakarta untuk pantauan lalu lintas. Tidak untuk redistribusi ulang tanpa izin.,0.95,
e73d375c8e32a9ae,Simpang Terban View Barat,YOY-SIMPANG-TERBAN-VIEW-BARA,DI Yogyakarta,Kota Yogyakarta,GONDOKUSUMAN,TERBAN,Simpang Terban View Barat,-7.782829544640158,110.3723589567884,exact,jogjakota,Portal CCTV Kota Yogyakarta (Jogja Command Center),https://cctv.jogjakota.go.id,Pemerintah Kota Yogyakarta,PUBLIC_API,HLS,https://cctvjss.jogjakota.go.id/atcs/ATCS_Simpang_Terban_View_Barat.stream/playlist.m3u8,https://cctv.jogjakota.go.id,242,ONLINE,2026-09-04T00:20:38+07:00,Asia/Jakarta,Public monitoring feed,Ditayangkan publik oleh Pemkot Yogyakarta untuk pantauan lalu lintas. Tidak untuk redistribusi ulang tanpa izin.,0.95,
9fe2fa6d96127e68,Simpang Terban View Timur,YOY-SIMPANG-TERBAN-VIEW-TIMU,DI Yogyakarta,Kota Yogyakarta,GONDOKUSUMAN,TERBAN,Simpang Terban View Timur,-7.782840865073605,110.3721661078962,exact,jogjakota,Portal CCTV Kota Yogyakarta (Jogja Command Center),https://cctv.jogjakota.go.id,Pemerintah Kota Yogyakarta,PUBLIC_API,HLS,https://cctvjss.jogjakota.go.id/atcs/ATCS_Simpang_Terban_View_Timur.stream/playlist.m3u8,https://cctv.jogjakota.go.id,241,ONLINE,2026-09-04T00:20:38+07:00,Asia/Jakarta,Public monitoring feed,Ditayangkan publik oleh Pemkot Yogyakarta untuk pantauan lalu lintas. Tidak untuk redistribusi ulang tanpa izin.,0.95,
889d47cf0556d56c,Simpang Terban View Utara,YOY-SIMPANG-TERBAN-VIEW-UTAR,DI Yogyakarta,Kota Yogyakarta,GONDOKUSUMAN,TERBAN,Simpang Terban View Utara,-7.782782282285227,110.372273322723,exact,jogjakota,Portal CCTV Kota Yogyakarta (Jogja Command Center),https://cctv.jogjakota.go.id,Pemerintah Kota Yogyakarta,PUBLIC_API,HLS,https://cctvjss.jogjakota.go.id/atcs/ATCS_Simpang_Terban_View_Utara.stream/playlist.m3u8,https://cctv.jogjakota.go.id,228,ONLINE,2026-09-04T00:20:38+07:00,Asia/Jakarta,Public monitoring feed,Ditayangkan publik oleh Pemkot Yogyakarta untuk pantauan lalu lintas. Tidak untuk redistribusi ulang tanpa izin.,0.95,
c3b1c5b97b3295c8,Simpang Tugu (PTZ),YOY-SIMPANG-TUGU-PTZ,DI Yogyakarta,Kota Yogyakarta,JETIS,GOWONGAN,Simpang Tugu,-7.782902141139962,110.36697879463897,exact,jogjakota,Portal CCTV Kota Yogyakarta (Jogja Command Center),https://cctv.jogjakota.go.id,Pemerintah Kota Yogyakarta,PUBLIC_API,HLS,https://cctvjss.jogjakota.go.id/atcs/ATCS_Simpang_Tugu.stream/playlist.m3u8,https://cctv.jogjakota.go.id,251,ONLINE,2026-09-04T00:20:39+07:00,Asia/Jakarta,Public monitoring feed,Ditayangkan publik oleh Pemkot Yogyakarta untuk pantauan lalu lintas. Tidak untuk redistribusi ulang tanpa izin.,0.95,
8a9e68ba4144e9e5,Simpang Tungkak (PTZ),YOY-SIMPANG-TUNGKAK-PTZ,DI Yogyakarta,Kota Yogyakarta,MERGANGSAN,WIROGUNAN,Simpang Tungkak (PTZ),-7.815638294774954,110.37609279155733,exact,jogjakota,Portal CCTV Kota Yogyakarta (Jogja Command Center),https://cctv.jogjakota.go.id,Pemerintah Kota Yogyakarta,PUBLIC_API,HLS,https://cctvjss.jogjakota.go.id/atcs/ATCS_tungkak.stream/playlist.m3u8,https://cctv.jogjakota.go.id,22,ONLINE,2026-09-04T00:20:33+07:00,Asia/Jakarta,Public monitoring feed,Ditayangkan publik oleh Pemkot Yogyakarta untuk pantauan lalu lintas. Tidak untuk redistribusi ulang tanpa izin.,0.95,
b96dbe1bdc04dbb0,Simpang Tunjung (PTZ),YOY-SIMPANG-TUNJUNG-PTZ,DI Yogyakarta,Kota Yogyakarta,DANUREJAN,BAUSASRAN,Simpang Tunjung (PTZ),-7.7937256793331935,110.37776112556459,exact,jogjakota,Portal CCTV Kota Yogyakarta (Jogja Command Center),https://cctv.jogjakota.go.id,Pemerintah Kota Yogyakarta,PUBLIC_API,HLS,https://cctvjss.jogjakota.go.id/atcs/ATCS_tunjung.stream/playlist.m3u8,https://cctv.jogjakota.go.id,23,ONLINE,2026-09-04T00:20:33+07:00,Asia/Jakarta,Public monitoring feed,Ditayangkan publik oleh Pemkot Yogyakarta untuk pantauan lalu lintas. Tidak untuk redistribusi ulang tanpa izin.,0.95,
57aabef231d0bd3a,Simpang UKDW (PTZ),YOY-SIMPANG-UKDW-PTZ,DI Yogyakarta,Kota Yogyakarta,GONDOKUSUMAN,KLITREN,Simpang UKDW (PTZ),-7.787246808444076,110.37864159708089,exact,jogjakota,Portal CCTV Kota Yogyakarta (Jogja Command Center),https://cctv.jogjakota.go.id,Pemerintah Kota Yogyakarta,PUBLIC_API,HLS,https://cctvjss.jogjakota.go.id/atcs/ATCS_ukdw.stream/playlist.m3u8,https://cctv.jogjakota.go.id,24,ONLINE,2026-09-04T00:20:34+07:00,Asia/Jakarta,Public monitoring feed,Ditayangkan publik oleh Pemkot Yogyakarta untuk pantauan lalu lintas. Tidak untuk redistribusi ulang tanpa izin.,0.95,
e891d2c8a6f9d0ac,Simpang UST (PTZ),YOY-SIMPANG-UST-PTZ,DI Yogyakarta,Kota Yogyakarta,UMBULHARJO,MUJA MUJU,Simpang UST,-7.80196464259207,110.39198555588979,exact,jogjakota,Portal CCTV Kota Yogyakarta (Jogja Command Center),https://cctv.jogjakota.go.id,Pemerintah Kota Yogyakarta,PUBLIC_API,HLS,https://cctvjss.jogjakota.go.id/atcs/ATCS_UST.stream/playlist.m3u8,https://cctv.jogjakota.go.id,129,ONLINE,2026-09-04T00:20:35+07:00,Asia/Jakarta,Public monitoring feed,Ditayangkan publik oleh Pemkot Yogyakarta untuk pantauan lalu lintas. Tidak untuk redistribusi ulang tanpa izin.,0.95,
3e96f917c4447924,Simpang Wirobrajan (PTZ),YOY-SIMPANG-WIROBRAJAN-PTZ,DI Yogyakarta,Kota Yogyakarta,WIROBRAJAN,WIROBRAJAN,Simpang Wirobrajan (PTZ),-7.801025054502792,110.35178123104426,exact,jogjakota,Portal CCTV Kota Yogyakarta (Jogja Command Center),https://cctv.jogjakota.go.id,Pemerintah Kota Yogyakarta,PUBLIC_API,HLS,https://cctvjss.jogjakota.go.id/atcs/ATCS_wirobrajan.stream/playlist.m3u8,https://cctv.jogjakota.go.id,25,ONLINE,2026-09-04T00:20:34+07:00,Asia/Jakarta,Public monitoring feed,Ditayangkan publik oleh Pemkot Yogyakarta untuk pantauan lalu lintas. Tidak untuk redistribusi ulang tanpa izin.,0.95,
d0bb0aabc0a90cb0,Simpang Wirosaban View Barat,YOY-SIMPANG-WIROSABAN-VIEW-B,DI Yogyakarta,Kota Yogyakarta,UMBULHARJO,SOROSUTAN,Simpang Wirosaban View Barat,-7.82460391053715,110.37829756463232,exact,jogjakota,Portal CCTV Kota Yogyakarta (Jogja Command Center),https://cctv.jogjakota.go.id,Pemerintah Kota Yogyakarta,PUBLIC_API,HLS,https://cctvjss.jogjakota.go.id/atcs/ATCS_Simpang_Wirosaban_View_Barat.stream/playlist.m3u8,https://cctv.jogjakota.go.id,468,ONLINE,2026-09-04T00:20:41+07:00,Asia/Jakarta,Public monitoring feed,Ditayangkan publik oleh Pemkot Yogyakarta untuk pantauan lalu lintas. Tidak untuk redistribusi ulang tanpa izin.,0.95,
2ed4979d87ed5d86,Simpang Wirosaban View Selatan,YOY-SIMPANG-WIROSABAN-VIEW-S,DI Yogyakarta,Kota Yogyakarta,UMBULHARJO,SOROSUTAN,Simpang Wirosaban View Selatan,-7.824673029268395,110.37842094761463,exact,jogjakota,Portal CCTV Kota Yogyakarta (Jogja Command Center),https://cctv.jogjakota.go.id,Pemerintah Kota Yogyakarta,PUBLIC_API,HLS,https://cctvjss.jogjakota.go.id/atcs/ATCS_Simpang_Wirosaban_View_Selatan.stream/playlist.m3u8,https://cctv.jogjakota.go.id,466,ONLINE,2026-09-04T00:20:41+07:00,Asia/Jakarta,Public monitoring feed,Ditayangkan publik oleh Pemkot Yogyakarta untuk pantauan lalu lintas. Tidak untuk redistribusi ulang tanpa izin.,0.95,
9b25ef1bf65bad0c,Simpang Wirosaban View Timur,YOY-SIMPANG-WIROSABAN-VIEW-T,DI Yogyakarta,Kota Yogyakarta,UMBULHARJO,SOROSUTAN,Simpang Wirosaban View Timur,-7.824588093870417,110.3784584971732,exact,jogjakota,Portal CCTV Kota Yogyakarta (Jogja Command Center),https://cctv.jogjakota.go.id,Pemerintah Kota Yogyakarta,PUBLIC_API,HLS,https://cctvjss.jogjakota.go.id/atcs/ATCS_Simpang_Wirosaban_View_Timur.stream/playlist.m3u8,https://cctv.jogjakota.go.id,469,ONLINE,2026-09-04T00:20:41+07:00,Asia/Jakarta,Public monitoring feed,Ditayangkan publik oleh Pemkot Yogyakarta untuk pantauan lalu lintas. Tidak untuk redistribusi ulang tanpa izin.,0.95,
22013e9f8a03b733,Simpang Wirosaban View Utara,YOY-SIMPANG-WIROSABAN-VIEW-U,DI Yogyakarta,Kota Yogyakarta,UMBULHARJO,SOROSUTAN,Simpang Wirosaban View Utara,-7.824545433853183,110.3783619390163,exact,jogjakota,Portal CCTV Kota Yogyakarta (Jogja Command Center),https://cctv.jogjakota.go.id,Pemerintah Kota Yogyakarta,PUBLIC_API,HLS,https://cctvjss.jogjakota.go.id/atcs/ATCS_Simpang_Wirosaban_View_Utara.stream/playlist.m3u8,https://cctv.jogjakota.go.id,467,ONLINE,2026-09-04T00:20:41+07:00,Asia/Jakarta,Public monitoring feed,Ditayangkan publik oleh Pemkot Yogyakarta untuk pantauan lalu lintas. Tidak untuk redistribusi ulang tanpa izin.,0.95,
00ad841a7c82bd47,Sungai Gajah Wong 2,YOY-SUNGAI-GAJAH-WONG-2,DI Yogyakarta,Kota Yogyakarta,UMBULHARJO,MUJA MUJU,Sungai Gajah Wong 2,-7.790914106163658,110.39598405361177,exact,jogjakota,Portal CCTV Kota Yogyakarta (Jogja Command Center),https://cctv.jogjakota.go.id,Pemerintah Kota Yogyakarta,PUBLIC_API,HLS,https://cctvjss.jogjakota.go.id/bpbd/BPBD_gajahwong2.stream/playlist.m3u8,https://cctv.jogjakota.go.id,29,ONLINE,2026-09-04T00:20:34+07:00,Asia/Jakarta,Public monitoring feed,Ditayangkan publik oleh Pemkot Yogyakarta untuk pantauan lalu lintas. Tidak untuk redistribusi ulang tanpa izin.,0.95,
8318b7ce626d1c04,Sungai Winongo,YOY-SUNGAI-WINONGO,DI Yogyakarta,Kota Yogyakarta,GEDONGTENGEN,PRINGGOKUSUMAN,Sungai Winongo,-7.789489704931309,110.35666287355627,exact,jogjakota,Portal CCTV Kota Yogyakarta (Jogja Command Center),https://cctv.jogjakota.go.id,Pemerintah Kota Yogyakarta,PUBLIC_API,HLS,https://cctvjss.jogjakota.go.id/bpbd/BPBD_kaliwinongo.stream/playlist.m3u8,https://cctv.jogjakota.go.id,30,ONLINE,2026-09-04T00:20:34+07:00,Asia/Jakarta,Public monitoring feed,Ditayangkan publik oleh Pemkot Yogyakarta untuk pantauan lalu lintas. Tidak untuk redistribusi ulang tanpa izin.,0.95,
d8da329ce79d27bb,Utara Jl. Gowongan Lor,YOY-UTARA-JL-GOWONGAN-LOR,DI Yogyakarta,Kota Yogyakarta,,,Utara Jl. Gowongan Lor,-7.785469840304706,110.36664542890458,exact,jogjakota,Portal CCTV Kota Yogyakarta (Jogja Command Center),https://cctv.jogjakota.go.id,Pemerintah Kota Yogyakarta,PUBLIC_API,HLS,https://cctvjss.jogjakota.go.id/margo-utomo/Gowongan-Lor.stream/playlist.m3u8,https://cctv.jogjakota.go.id,428,ONLINE,2026-09-04T00:20:40+07:00,Asia/Jakarta,Public monitoring feed,Ditayangkan publik oleh Pemkot Yogyakarta untuk pantauan lalu lintas. Tidak untuk redistribusi ulang tanpa izin.,0.95,
490d9983dd88a459,Utara Teteg,YOY-UTARA-TETEG,DI Yogyakarta,Kota Yogyakarta,,,Utara Teteg,-7.7895208908900795,110.36612212388583,exact,jogjakota,Portal CCTV Kota Yogyakarta (Jogja Command Center),https://cctv.jogjakota.go.id,Pemerintah Kota Yogyakarta,PUBLIC_API,HLS,https://cctvjss.jogjakota.go.id/margo-utomo/Wisma-Ratih.stream/playlist.m3u8,https://cctv.jogjakota.go.id,433,ONLINE,2026-09-04T00:20:40+07:00,Asia/Jakarta,Public monitoring feed,Ditayangkan publik oleh Pemkot Yogyakarta untuk pantauan lalu lintas. Tidak untuk redistribusi ulang tanpa izin.,0.95,
16235419b795b5c0,Utara-Timur Gardena (Jl. Urip Sumoharjo) V. Timur,YOY-UTARA-TIMUR-GARDENA-JL-U,DI Yogyakarta,Kota Yogyakarta,GONDOKUSUMAN,KLITREN,Utara-Timur Gardena (Jl. Urip Sumoharjo) V. Timur,-7.782819433845128,110.38124797149439,exact,jogjakota,Portal CCTV Kota Yogyakarta (Jogja Command Center),https://cctv.jogjakota.go.id,Pemerintah Kota Yogyakarta,PUBLIC_API,HLS,https://cctvjss.jogjakota.go.id/atcs/ATCS_Utara-Timur_Gardena_Jl_Urip Sumoharjo_V_Timur.stream/playlist.m3u8,https://cctv.jogjakota.go.id,874,ONLINE,2026-09-04T00:20:43+07:00,Asia/Jakarta,Public monitoring feed,Ditayangkan publik oleh Pemkot Yogyakarta untuk pantauan lalu lintas. Tidak untuk redistribusi ulang tanpa izin.,0.95,
50e22108270478fc,Wijaya Baru Travel,YOY-WIJAYA-BARU-TRAVEL,DI Yogyakarta,Kota Yogyakarta,,,Wijaya Baru Travel,-7.786227400840768,110.36651088816471,exact,jogjakota,Portal CCTV Kota Yogyakarta (Jogja Command Center),https://cctv.jogjakota.go.id,Pemerintah Kota Yogyakarta,PUBLIC_API,HLS,https://cctvjss.jogjakota.go.id/margo-utomo/Wijaya-Baru-Travel.stream/playlist.m3u8,https://cctv.jogjakota.go.id,432,ONLINE,2026-09-04T00:20:40+07:00,Asia/Jakarta,Public monitoring feed,Ditayangkan publik oleh Pemkot Yogyakarta untuk pantauan lalu lintas. Tidak untuk redistribusi ulang tanpa izin.,0.95,
0dcb8b3a1b26e7b4,SP CICAHEUM,JBR-SP-CICAHEUM,Jawa Barat,Kota Bandung,,,SP CICAHEUM,,,administrative_only,bandungkota,ATCS Dishub Kota Bandung,https://atcs-dishub.bandung.go.id,Pemerintah Kota Bandung,OFFICIAL_PORTAL,HLS,https://atcs-dishub.bandung.go.id:1990/Cicaheum/index.m3u8,https://atcs-dishub.bandung.go.id,44,OFFLINE,2026-09-04T00:21:27+07:00,Asia/Jakarta,Public monitoring feed,Ditayangkan publik oleh Dishub Kota Bandung untuk pantauan lalu lintas. Tidak untuk redistribusi ulang tanpa izin.,0.9,
6a2261c99d69b73d,SP CIHAMPELAS Barat,JBR-SP-CIHAMPELAS-BARAT,Jawa Barat,Kota Bandung,,,SP CIHAMPELAS Barat,,,administrative_only,bandungkota,ATCS Dishub Kota Bandung,https://atcs-dishub.bandung.go.id,Pemerintah Kota Bandung,OFFICIAL_PORTAL,HLS,https://atcs-dishub.bandung.go.id:1990/CihampelasBar/index.m3u8,https://atcs-dishub.bandung.go.id,25,ONLINE,2026-09-04T00:21:25+07:00,Asia/Jakarta,Public monitoring feed,Ditayangkan publik oleh Dishub Kota Bandung untuk pantauan lalu lintas. Tidak untuk redistribusi ulang tanpa izin.,0.9,
3b290c1211ab0ffc,SP CIHAMPELAS PTZ,JBR-SP-CIHAMPELAS-PTZ,Jawa Barat,Kota Bandung,,,SP CIHAMPELAS PTZ,,,administrative_only,bandungkota,ATCS Dishub Kota Bandung,https://atcs-dishub.bandung.go.id,Pemerintah Kota Bandung,OFFICIAL_PORTAL,HLS,https://atcs-dishub.bandung.go.id:1990/CihampelasPtz/index.m3u8,https://atcs-dishub.bandung.go.id,24,ONLINE,2026-09-04T00:21:25+07:00,Asia/Jakarta,Public monitoring feed,Ditayangkan publik oleh Dishub Kota Bandung untuk pantauan lalu lintas. Tidak untuk redistribusi ulang tanpa izin.,0.9,
323cd6d962be76de,SP CIHAMPELAS TIMUR,JBR-SP-CIHAMPELAS-TIMUR,Jawa Barat,Kota Bandung,,,SP CIHAMPELAS TIMUR,,,administrative_only,bandungkota,ATCS Dishub Kota Bandung,https://atcs-dishub.bandung.go.id,Pemerintah Kota Bandung,OFFICIAL_PORTAL,HLS,https://atcs-dishub.bandung.go.id:1990/CihampelasTim/index.m3u8,https://atcs-dishub.bandung.go.id,27,ONLINE,2026-09-04T00:21:26+07:00,Asia/Jakarta,Public monitoring feed,Ditayangkan publik oleh Dishub Kota Bandung untuk pantauan lalu lintas. Tidak untuk redistribusi ulang tanpa izin.,0.9,
a9ea793fdeab24b8,SP CIKAPAYANG PTZ,JBR-SP-CIKAPAYANG-PTZ,Jawa Barat,Kota Bandung,,,SP CIKAPAYANG PTZ,,,administrative_only,bandungkota,ATCS Dishub Kota Bandung,https://atcs-dishub.bandung.go.id,Pemerintah Kota Bandung,OFFICIAL_PORTAL,HLS,https://atcs-dishub.bandung.go.id:1990/Cikapayang/index.m3u8,https://atcs-dishub.bandung.go.id,29,OFFLINE,2026-09-04T00:21:26+07:00,Asia/Jakarta,Public monitoring feed,Ditayangkan publik oleh Dishub Kota Bandung untuk pantauan lalu lintas. Tidak untuk redistribusi ulang tanpa izin.,0.9,
8720cfd778759649,SP CIKUTRA,JBR-SP-CIKUTRA,Jawa Barat,Kota Bandung,,,SP CIKUTRA,,,administrative_only,bandungkota,ATCS Dishub Kota Bandung,https://atcs-dishub.bandung.go.id,Pemerintah Kota Bandung,OFFICIAL_PORTAL,HLS,https://atcs-dishub.bandung.go.id:1990/Cikutra/index.m3u8,https://atcs-dishub.bandung.go.id,41,OFFLINE,2026-09-04T00:21:27+07:00,Asia/Jakarta,Public monitoring feed,Ditayangkan publik oleh Dishub Kota Bandung untuk pantauan lalu lintas. Tidak untuk redistribusi ulang tanpa izin.,0.9,
f66fab4695a7414c,SP CIMUNCANG,JBR-SP-CIMUNCANG,Jawa Barat,Kota Bandung,,,SP CIMUNCANG,,,administrative_only,bandungkota,ATCS Dishub Kota Bandung,https://atcs-dishub.bandung.go.id,Pemerintah Kota Bandung,OFFICIAL_PORTAL,HLS,https://atcs-dishub.bandung.go.id:1990/Cimuncang/index.m3u8,https://atcs-dishub.bandung.go.id,42,OFFLINE,2026-09-04T00:21:27+07:00,Asia/Jakarta,Public monitoring feed,Ditayangkan publik oleh Dishub Kota Bandung untuk pantauan lalu lintas. Tidak untuk redistribusi ulang tanpa izin.,0.9,
dcdf261255264e94,SP CIPAGANTI,JBR-SP-CIPAGANTI,Jawa Barat,Kota Bandung,,,SP CIPAGANTI,,,administrative_only,bandungkota,ATCS Dishub Kota Bandung,https://atcs-dishub.bandung.go.id,Pemerintah Kota Bandung,OFFICIAL_PORTAL,HLS,https://atcs-dishub.bandung.go.id:1990/Cipaganti/index.m3u8,https://atcs-dishub.bandung.go.id,23,ONLINE,2026-09-04T00:21:25+07:00,Asia/Jakarta,Public monitoring feed,Ditayangkan publik oleh Dishub Kota Bandung untuk pantauan lalu lintas. Tidak untuk redistribusi ulang tanpa izin.,0.9,
733606629e5091c1,SP MERDEKA ACEH,JBR-SP-MERDEKA-ACEH,Jawa Barat,Kota Bandung,,,SP MERDEKA ACEH,,,administrative_only,bandungkota,ATCS Dishub Kota Bandung,https://atcs-dishub.bandung.go.id,Pemerintah Kota Bandung,OFFICIAL_PORTAL,HLS,https://atcs-dishub.bandung.go.id:1990/MerdekaAceh/index.m3u8,https://atcs-dishub.bandung.go.id,32,ONLINE,2026-09-04T00:21:26+07:00,Asia/Jakarta,Public monitoring feed,Ditayangkan publik oleh Dishub Kota Bandung untuk pantauan lalu lintas. Tidak untuk redistribusi ulang tanpa izin.,0.9,
2c961a63993b77c0,SP PADASUKA,JBR-SP-PADASUKA,Jawa Barat,Kota Bandung,,,SP PADASUKA,,,administrative_only,bandungkota,ATCS Dishub Kota Bandung,https://atcs-dishub.bandung.go.id,Pemerintah Kota Bandung,OFFICIAL_PORTAL,HLS,https://atcs-dishub.bandung.go.id:1990/Padasuka/index.m3u8,https://atcs-dishub.bandung.go.id,43,OFFLINE,2026-09-04T00:21:27+07:00,Asia/Jakarta,Public monitoring feed,Ditayangkan publik oleh Dishub Kota Bandung untuk pantauan lalu lintas. Tidak untuk redistribusi ulang tanpa izin.,0.9,
b42c875da12ab56b,SP PAHLAWAN,JBR-SP-PAHLAWAN,Jawa Barat,Kota Bandung,,,SP PAHLAWAN,,,administrative_only,bandungkota,ATCS Dishub Kota Bandung,https://atcs-dishub.bandung.go.id,Pemerintah Kota Bandung,OFFICIAL_PORTAL,HLS,https://atcs-dishub.bandung.go.id:1990/Pahlawan/index.m3u8,https://atcs-dishub.bandung.go.id,34,OFFLINE,2026-09-04T00:21:27+07:00,Asia/Jakarta,Public monitoring feed,Ditayangkan publik oleh Dishub Kota Bandung untuk pantauan lalu lintas. Tidak untuk redistribusi ulang tanpa izin.,0.9,
8cc980fcd88ccf8f,SP PASIR KALIKI BARU ( IP CAM ),JBR-SP-PASIR-KALIKI-BARU-IP-,Jawa Barat,Kota Bandung,,,SP PASIR KALIKI BARU ( IP CAM ),,,administrative_only,bandungkota,ATCS Dishub Kota Bandung,https://atcs-dishub.bandung.go.id,Pemerintah Kota Bandung,OFFICIAL_PORTAL,HLS,https://atcs-dishub.bandung.go.id:1990/PaskalPTZ2/index.m3u8,https://atcs-dishub.bandung.go.id,22,ONLINE,2026-09-04T00:21:25+07:00,Asia/Jakarta,Public monitoring feed,Ditayangkan publik oleh Dishub Kota Bandung untuk pantauan lalu lintas. Tidak untuk redistribusi ulang tanpa izin.,0.9,
cda527e799ff5d15,SP SULANJANA,JBR-SP-SULANJANA,Jawa Barat,Kota Bandung,,,SP SULANJANA,,,administrative_only,bandungkota,ATCS Dishub Kota Bandung,https://atcs-dishub.bandung.go.id,Pemerintah Kota Bandung,OFFICIAL_PORTAL,HLS,https://atcs-dishub.bandung.go.id:1990/Sulanjana/index.m3u8,https://atcs-dishub.bandung.go.id,30,OFFLINE,2026-09-04T00:21:26+07:00,Asia/Jakarta,Public monitoring feed,Ditayangkan publik oleh Dishub Kota Bandung untuk pantauan lalu lintas. Tidak untuk redistribusi ulang tanpa izin.,0.9,
65fa77bfead06549,SP TAMANSARI,JBR-SP-TAMANSARI,Jawa Barat,Kota Bandung,,,SP TAMANSARI,,,administrative_only,bandungkota,ATCS Dishub Kota Bandung,https://atcs-dishub.bandung.go.id,Pemerintah Kota Bandung,OFFICIAL_PORTAL,HLS,https://atcs-dishub.bandung.go.id:1990/Tamansari/index.m3u8,https://atcs-dishub.bandung.go.id,28,OFFLINE,2026-09-04T00:21:26+07:00,Asia/Jakarta,Public monitoring feed,Ditayangkan publik oleh Dishub Kota Bandung untuk pantauan lalu lintas. Tidak untuk redistribusi ulang tanpa izin.,0.9,
4d8af9a33197dcca,SP TELKOM,JBR-SP-TELKOM,Jawa Barat,Kota Bandung,,,SP TELKOM,,,administrative_only,bandungkota,ATCS Dishub Kota Bandung,https://atcs-dishub.bandung.go.id,Pemerintah Kota Bandung,OFFICIAL_PORTAL,HLS,https://atcs-dishub.bandung.go.id:1990/Telkom/index.m3u8,https://atcs-dishub.bandung.go.id,33,OFFLINE,2026-09-04T00:21:27+07:00,Asia/Jakarta,Public monitoring feed,Ditayangkan publik oleh Dishub Kota Bandung untuk pantauan lalu lintas. Tidak untuk redistribusi ulang tanpa izin.,0.9,
f63b3c1d6adb1b74,SP TOL PASTEUR,JBR-SP-TOL-PASTEUR,Jawa Barat,Kota Bandung,,,SP TOL PASTEUR,,,administrative_only,bandungkota,ATCS Dishub Kota Bandung,https://atcs-dishub.bandung.go.id,Pemerintah Kota Bandung,OFFICIAL_PORTAL,HLS,https://atcs-dishub.bandung.go.id:1990/Pasteur/index.m3u8,https://atcs-dishub.bandung.go.id,20,ONLINE,2026-09-04T00:21:24+07:00,Asia/Jakarta,Public monitoring feed,Ditayangkan publik oleh Dishub Kota Bandung untuk pantauan lalu lintas. Tidak untuk redistribusi ulang tanpa izin.,0.9,
c67b01310eed38c8,VID PASKAL - RSHS (Dari Arah Barat),JBR-VID-PASKAL-RSHS-DARI-ARA,Jawa Barat,Kota Bandung,,,VID PASKAL - RSHS (Dari Arah Barat),,,administrative_only,bandungkota,ATCS Dishub Kota Bandung,https://atcs-dishub.bandung.go.id,Pemerintah Kota Bandung,OFFICIAL_PORTAL,HLS,https://atcs-dishub.bandung.go.id:1990/PaskalBar/index.m3u8,https://atcs-dishub.bandung.go.id,107,ONLINE,2026-09-04T00:21:28+07:00,Asia/Jakarta,Public monitoring feed,Ditayangkan publik oleh Dishub Kota Bandung untuk pantauan lalu lintas. Tidak untuk redistribusi ulang tanpa izin.,0.9,
337da7c884e5f83a,VID PASKAL - RSHS (Dari Arah Timur),JBR-VID-PASKAL-RSHS-DARI-ARA,Jawa Barat,Kota Bandung,,,VID PASKAL - RSHS (Dari Arah Timur),,,administrative_only,bandungkota,ATCS Dishub Kota Bandung,https://atcs-dishub.bandung.go.id,Pemerintah Kota Bandung,OFFICIAL_PORTAL,HLS,https://atcs-dishub.bandung.go.id:1990/PaskalTim/index.m3u8,https://atcs-dishub.bandung.go.id,109,ONLINE,2026-09-04T00:21:29+07:00,Asia/Jakarta,Public monitoring feed,Ditayangkan publik oleh Dishub Kota Bandung untuk pantauan lalu lintas. Tidak untuk redistribusi ulang tanpa izin.,0.9,
528c608092571db4,VID PASKAL - RSHS (Dari Arah Utara),JBR-VID-PASKAL-RSHS-DARI-ARA,Jawa Barat,Kota Bandung,,,VID PASKAL - RSHS (Dari Arah Utara),,,administrative_only,bandungkota,ATCS Dishub Kota Bandung,https://atcs-dishub.bandung.go.id,Pemerintah Kota Bandung,OFFICIAL_PORTAL,HLS,https://atcs-dishub.bandung.go.id:1990/PaskalUt/index.m3u8,https://atcs-dishub.bandung.go.id,108,ONLINE,2026-09-04T00:21:28+07:00,Asia/Jakarta,Public monitoring feed,Ditayangkan publik oleh Dishub Kota Bandung untuk pantauan lalu lintas. Tidak untuk redistribusi ulang tanpa izin.,0.9,
217e6f5ed4353df2,VID PASTEUR (Dari Arah Barat),JBR-VID-PASTEUR-DARI-ARAH-BA,Jawa Barat,Kota Bandung,,,VID PASTEUR (Dari Arah Barat),,,administrative_only,bandungkota,ATCS Dishub Kota Bandung,https://atcs-dishub.bandung.go.id,Pemerintah Kota Bandung,OFFICIAL_PORTAL,HLS,https://atcs-dishub.bandung.go.id:1990/PasteurBar/index.m3u8,https://atcs-dishub.bandung.go.id,101,ONLINE,2026-09-04T00:21:32+07:00,Asia/Jakarta,Public monitoring feed,Ditayangkan publik oleh Dishub Kota Bandung untuk pantauan lalu lintas. Tidak untuk redistribusi ulang tanpa izin.,0.9,
ce7543a164d536ba,VID PASTEUR (Dari Arah Timur),JBR-VID-PASTEUR-DARI-ARAH-TI,Jawa Barat,Kota Bandung,,,VID PASTEUR (Dari Arah Timur),,,administrative_only,bandungkota,ATCS Dishub Kota Bandung,https://atcs-dishub.bandung.go.id,Pemerintah Kota Bandung,OFFICIAL_PORTAL,HLS,https://atcs-dishub.bandung.go.id:1990/PasteurTim/index.m3u8,https://atcs-dishub.bandung.go.id,100,ONLINE,2026-09-04T00:21:32+07:00,Asia/Jakarta,Public monitoring feed,Ditayangkan publik oleh Dishub Kota Bandung untuk pantauan lalu lintas. Tidak untuk redistribusi ulang tanpa izin.,0.9,
33dcd90b4a3fbba0,JL. Ade Irma Suryani Arah Timur,JTM-JL-ADE-IRMA-SURYANI-ARAH,Jawa Timur,Kota Malang,KLOJEN,,"Jalan Tumapel No.142, Kauman, Klojen, Kauman, Kec. Klojen, Kota Malang, Jawa Timur 65119, Indonesia",-7.9841023208587,112.62626487433,exact,malangkota,Portal CCTV Kota Malang (Diskominfo Kota Malang),https://cctv.malangkota.go.id/sebaran-cctv,Pemerintah Kota Malang,OFFICIAL_PORTAL,HLS,https://cctv.malangkota.go.id/cctv-stream/streams/585001585243656697946585.m3u8,https://cctv.malangkota.go.id/sebaran-cctv,585001585243656697946585,ONLINE,2026-09-04T00:20:24+07:00,Asia/Jakarta,Public monitoring feed,Ditayangkan publik oleh Pemkot Malang untuk pantauan lalu lintas. Tidak untuk redistribusi ulang tanpa izin.,0.95,
69f64005d7b3daf5,JL. Ijen Arah Utara,JTM-JL-IJEN-ARAH-UTARA,Jawa Timur,Kota Malang,KLOJEN,,"Jl. Ijen No.89, Oro-oro Dowo, Kec. Klojen, Kota Malang, Jawa Timur 65113, Indonesia",-7.9633115011586,112.62540840759,exact,malangkota,Portal CCTV Kota Malang (Diskominfo Kota Malang),https://cctv.malangkota.go.id/sebaran-cctv,Pemerintah Kota Malang,OFFICIAL_PORTAL,HLS,https://cctv.malangkota.go.id/cctv-stream/streams/268660637162985239935545.m3u8,https://cctv.malangkota.go.id/sebaran-cctv,268660637162985239935545,ONLINE,2026-09-04T00:20:23+07:00,Asia/Jakarta,Public monitoring feed,Ditayangkan publik oleh Pemkot Malang untuk pantauan lalu lintas. Tidak untuk redistribusi ulang tanpa izin.,0.95,
6ba74a6a887c5353,JL. Ir. Rais Arah Timur,JTM-JL-IR-RAIS-ARAH-TIMUR,Jawa Timur,Kota Malang,SUKUN,,"Jl. I.R. Rais No.569, Tanjungrejo, Kec. Sukun, Kota Malang, Jawa Timur 65116, Indonesia",-7.9835246189301,112.61444523284,exact,malangkota,Portal CCTV Kota Malang (Diskominfo Kota Malang),https://cctv.malangkota.go.id/sebaran-cctv,Pemerintah Kota Malang,OFFICIAL_PORTAL,HLS,https://cctv.malangkota.go.id/cctv-stream/streams/215572611631850575823115.m3u8,https://cctv.malangkota.go.id/sebaran-cctv,215572611631850575823115,ONLINE,2026-09-04T00:20:28+07:00,Asia/Jakarta,Public monitoring feed,Ditayangkan publik oleh Pemkot Malang untuk pantauan lalu lintas. Tidak untuk redistribusi ulang tanpa izin.,0.95,
f463477e4b2fd34e,JL. Merdeka Utara Arah Utara,JTM-JL-MERDEKA-UTARA-ARAH-UT,Jawa Timur,Kota Malang,KLOJEN,,"Jl. Jenderal Basuki Rahmat No.1, Kiduldalem, Kec. Klojen, Kota Malang, Jawa Timur 65119, Indonesia",-7.9815751975434,112.63042387909,exact,malangkota,Portal CCTV Kota Malang (Diskominfo Kota Malang),https://cctv.malangkota.go.id/sebaran-cctv,Pemerintah Kota Malang,OFFICIAL_PORTAL,HLS,https://cctv.malangkota.go.id/cctv-stream/streams/472503741586852378929425.m3u8,https://cctv.malangkota.go.id/sebaran-cctv,472503741586852378929425,ONLINE,2026-09-04T00:20:21+07:00,Asia/Jakarta,Public monitoring feed,Ditayangkan publik oleh Pemkot Malang untuk pantauan lalu lintas. Tidak untuk redistribusi ulang tanpa izin.,0.95,
08f0d6b9e465b7e5,JL. Veteran Arah Timur,JTM-JL-VETERAN-ARAH-TIMUR,Jawa Timur,Kota Malang,LOWOKWARU,,"Jl. Veteran No.37, Ketawanggede, Kec. Lowokwaru, Kota Malang, Jawa Timur 65145, Indonesia",-7.9565403203483,112.61300124641,exact,malangkota,Portal CCTV Kota Malang (Diskominfo Kota Malang),https://cctv.malangkota.go.id/sebaran-cctv,Pemerintah Kota Malang,OFFICIAL_PORTAL,HLS,https://cctv.malangkota.go.id/cctv-stream/streams/636589114401733445781917.m3u8,https://cctv.malangkota.go.id/sebaran-cctv,636589114401733445781917,ONLINE,2026-09-04T00:20:29+07:00,Asia/Jakarta,Public monitoring feed,Ditayangkan publik oleh Pemkot Malang untuk pantauan lalu lintas. Tidak untuk redistribusi ulang tanpa izin.,0.95,
f1d1a0003a928c73,Jembatan TunggulMas,JTM-JEMBATAN-TUNGGULMAS,Jawa Timur,Kota Malang,LOWOKWARU,,Jl. Raya Tlogomas,-7.9260975033872,112.60198299892,exact,malangkota,Portal CCTV Kota Malang (Diskominfo Kota Malang),https://cctv.malangkota.go.id/sebaran-cctv,Pemerintah Kota Malang,OFFICIAL_PORTAL,HLS,https://cctv.malangkota.go.id/cctv-stream/streams/522539750301519499247770.m3u8,https://cctv.malangkota.go.id/sebaran-cctv,522539750301519499247770,ONLINE,2026-09-04T00:20:30+07:00,Asia/Jakarta,Public monitoring feed,Ditayangkan publik oleh Pemkot Malang untuk pantauan lalu lintas. Tidak untuk redistribusi ulang tanpa izin.,0.95,
24cdd304f4964f60,Jl .Tumenggung Suryo Arah Selatan,JTM-JL-TUMENGGUNG-SURYO-ARAH,Jawa Timur,Kota Malang,BLIMBING,,"Jl. Raden Tumenggung Suryo No.70, Purwantoro, Kec. Blimbing, Kota Malang, Jawa Timur 65122, Indonesia",-7.9610427987875,112.64196317727,exact,malangkota,Portal CCTV Kota Malang (Diskominfo Kota Malang),https://cctv.malangkota.go.id/sebaran-cctv,Pemerintah Kota Malang,OFFICIAL_PORTAL,HLS,https://cctv.malangkota.go.id/cctv-stream/streams/795110064442531890711535.m3u8,https://cctv.malangkota.go.id/sebaran-cctv,795110064442531890711535,ONLINE,2026-09-04T00:20:15+07:00,Asia/Jakarta,Public monitoring feed,Ditayangkan publik oleh Pemkot Malang untuk pantauan lalu lintas. Tidak untuk redistribusi ulang tanpa izin.,0.95,
41615371b5884b5f,Jl .Tumenggung Suryo Arah Utara,JTM-JL-TUMENGGUNG-SURYO-ARAH,Jawa Timur,Kota Malang,BLIMBING,,"Jl. Raden Tumenggung Suryo No.70, Purwantoro, Kec. Blimbing, Kota Malang, Jawa Timur 65122, Indonesia",-7.9610105904316,112.64198109359,exact,malangkota,Portal CCTV Kota Malang (Diskominfo Kota Malang),https://cctv.malangkota.go.id/sebaran-cctv,Pemerintah Kota Malang,OFFICIAL_PORTAL,HLS,https://cctv.malangkota.go.id/cctv-stream/streams/966506717989378844885521.m3u8,https://cctv.malangkota.go.id/sebaran-cctv,966506717989378844885521,ONLINE,2026-09-04T00:20:13+07:00,Asia/Jakarta,Public monitoring feed,Ditayangkan publik oleh Pemkot Malang untuk pantauan lalu lintas. Tidak untuk redistribusi ulang tanpa izin.,0.95,
22d185286fb73c1b,Jl Basuki Rachmad Kayutangan Zebra Cross,JTM-JL-BASUKI-RACHMAD-KAYUTA,Jawa Timur,Kota Malang,KLOJEN,,Jl. Basuki Rachmad,-7.9789212698058,112.62944868195,exact,malangkota,Portal CCTV Kota Malang (Diskominfo Kota Malang),https://cctv.malangkota.go.id/sebaran-cctv,Pemerintah Kota Malang,OFFICIAL_PORTAL,HLS,https://cctv.malangkota.go.id/cctv-stream/streams/383467698805698590809269.m3u8,https://cctv.malangkota.go.id/sebaran-cctv,383467698805698590809269,ONLINE,2026-09-04T00:20:16+07:00,Asia/Jakarta,Public monitoring feed,Ditayangkan publik oleh Pemkot Malang untuk pantauan lalu lintas. Tidak untuk redistribusi ulang tanpa izin.,0.95,
ad116cc03840b16f,Jl Kyai Tamin Arah Timur,JTM-JL-KYAI-TAMIN-ARAH-TIMUR,Jawa Timur,Kota Malang,KLOJEN,,"JL. Kapt. P. Tendean 1D No. 108, Sukoharjo, Kec. Klojen, Kota Malang, Jawa Timur 65117, Indonesia",-7.9873753596968,112.63033321498,exact,malangkota,Portal CCTV Kota Malang (Diskominfo Kota Malang),https://cctv.malangkota.go.id/sebaran-cctv,Pemerintah Kota Malang,OFFICIAL_PORTAL,HLS,https://cctv.malangkota.go.id/cctv-stream/streams/373262875962388363723269.m3u8,https://cctv.malangkota.go.id/sebaran-cctv,373262875962388363723269,ONLINE,2026-09-04T00:20:22+07:00,Asia/Jakarta,Public monitoring feed,Ditayangkan publik oleh Pemkot Malang untuk pantauan lalu lintas. Tidak untuk redistribusi ulang tanpa izin.,0.95,
0fad573240480484,Jl MT Haryono Arah Barat,JTM-JL-MT-HARYONO-ARAH-BARAT,Jawa Timur,Kota Malang,LOWOKWARU,,"Jl. MT. Haryono No.73, Dinoyo, Kec. Lowokwaru, Kota Malang, Jawa Timur 65145, Indonesia",-7.9432724138806,112.61047403325,exact,malangkota,Portal CCTV Kota Malang (Diskominfo Kota Malang),https://cctv.malangkota.go.id/sebaran-cctv,Pemerintah Kota Malang,OFFICIAL_PORTAL,HLS,https://cctv.malangkota.go.id/cctv-stream/streams/446907421280943044413749.m3u8,https://cctv.malangkota.go.id/sebaran-cctv,446907421280943044413749,ONLINE,2026-09-04T00:20:30+07:00,Asia/Jakarta,Public monitoring feed,Ditayangkan publik oleh Pemkot Malang untuk pantauan lalu lintas. Tidak untuk redistribusi ulang tanpa izin.,0.95,
6b5893abed5b178a,Jl Pasar Besar Arah Timur,JTM-JL-PASAR-BESAR-ARAH-TIMU,Jawa Timur,Kota Malang,KLOJEN,,"Jl. Pasar Besar No.78, Sukoharjo, Kec. Klojen, Kota Malang, Jawa Timur 65118, Indonesia",-7.9859859938322,112.6334058263,exact,malangkota,Portal CCTV Kota Malang (Diskominfo Kota Malang),https://cctv.malangkota.go.id/sebaran-cctv,Pemerintah Kota Malang,OFFICIAL_PORTAL,HLS,https://cctv.malangkota.go.id/cctv-stream/streams/791662500424223576621102.m3u8,https://cctv.malangkota.go.id/sebaran-cctv,791662500424223576621102,ONLINE,2026-09-04T00:20:15+07:00,Asia/Jakarta,Public monitoring feed,Ditayangkan publik oleh Pemkot Malang untuk pantauan lalu lintas. Tidak untuk redistribusi ulang tanpa izin.,0.95,
c2e118a47b55502c,Jl Retawu Arah Museum,JTM-JL-RETAWU-ARAH-MUSEUM,Jawa Timur,Kota Malang,KLOJEN,,Jl Retawu I,-7.9717736667782,112.62144370125,exact,malangkota,Portal CCTV Kota Malang (Diskominfo Kota Malang),https://cctv.malangkota.go.id/sebaran-cctv,Pemerintah Kota Malang,OFFICIAL_PORTAL,HLS,https://cctv.malangkota.go.id/cctv-stream/streams/996051630808365936867998.m3u8,https://cctv.malangkota.go.id/sebaran-cctv,996051630808365936867998,ONLINE,2026-09-04T00:20:21+07:00,Asia/Jakarta,Public monitoring feed,Ditayangkan publik oleh Pemkot Malang untuk pantauan lalu lintas. Tidak untuk redistribusi ulang tanpa izin.,0.95,
d2719d1b4af41113,Jl Tlogomas Arah Timur,JTM-JL-TLOGOMAS-ARAH-TIMUR,Jawa Timur,Kota Malang,LOWOKWARU,,"Jl. Raya Tlogomas No.83, Tlogomas, Kec. Lowokwaru, Kota Malang, Jawa Timur 65144, Indonesia",-7.9242160621092,112.5991563917,exact,malangkota,Portal CCTV Kota Malang (Diskominfo Kota Malang),https://cctv.malangkota.go.id/sebaran-cctv,Pemerintah Kota Malang,OFFICIAL_PORTAL,HLS,https://cctv.malangkota.go.id/cctv-stream/streams/180731272173025410229793.m3u8,https://cctv.malangkota.go.id/sebaran-cctv,180731272173025410229793,ONLINE,2026-09-04T00:20:30+07:00,Asia/Jakarta,Public monitoring feed,Ditayangkan publik oleh Pemkot Malang untuk pantauan lalu lintas. Tidak untuk redistribusi ulang tanpa izin.,0.95,
0314c15d75e5637a,Jl Veteran Depan Matos,JTM-JL-VETERAN-DEPAN-MATOS,Jawa Timur,Kota Malang,KLOJEN,,Jl Veteran I,-7.9574683260931,112.61883999679,exact,malangkota,Portal CCTV Kota Malang (Diskominfo Kota Malang),https://cctv.malangkota.go.id/sebaran-cctv,Pemerintah Kota Malang,OFFICIAL_PORTAL,HLS,https://cctv.malangkota.go.id/cctv-stream/streams/203191103351222911095423.m3u8,https://cctv.malangkota.go.id/sebaran-cctv,203191103351222911095423,ONLINE,2026-09-04T00:20:22+07:00,Asia/Jakarta,Public monitoring feed,Ditayangkan publik oleh Pemkot Malang untuk pantauan lalu lintas. Tidak untuk redistribusi ulang tanpa izin.,0.95,
409e8d37d4fabbf4,Jl Veteran Gerbang UB,JTM-JL-VETERAN-GERBANG-UB,Jawa Timur,Kota Malang,KLOJEN,,Jl Veteran III,-7.9563021725895,112.61323686252,exact,malangkota,Portal CCTV Kota Malang (Diskominfo Kota Malang),https://cctv.malangkota.go.id/sebaran-cctv,Pemerintah Kota Malang,OFFICIAL_PORTAL,HLS,https://cctv.malangkota.go.id/cctv-stream/streams/767576969564466612969572.m3u8,https://cctv.malangkota.go.id/sebaran-cctv,767576969564466612969572,ONLINE,2026-09-04T00:20:21+07:00,Asia/Jakarta,Public monitoring feed,Ditayangkan publik oleh Pemkot Malang untuk pantauan lalu lintas. Tidak untuk redistribusi ulang tanpa izin.,0.95,
3b32e5fe0d3af475,Jl.  Merdeka Barat,JTM-JL-MERDEKA-BARAT,Jawa Timur,Kota Malang,KLOJEN,,"Jl. Kauman No.6, Kauman, Kec. Klojen, Kota Malang, Jawa Timur 65119, Indonesia",-7.9831737398119,112.62991857046,exact,malangkota,Portal CCTV Kota Malang (Diskominfo Kota Malang),https://cctv.malangkota.go.id/sebaran-cctv,Pemerintah Kota Malang,OFFICIAL_PORTAL,HLS,https://cctv.malangkota.go.id/cctv-stream/streams/818599107354393628794315.m3u8,https://cctv.malangkota.go.id/sebaran-cctv,818599107354393628794315,ONLINE,2026-09-04T00:20:17+07:00,Asia/Jakarta,Public monitoring feed,Ditayangkan publik oleh Pemkot Malang untuk pantauan lalu lintas. Tidak untuk redistribusi ulang tanpa izin.,0.95,
a318f6ded4ab794f,Jl. A Yani Arah Selatan (Masjid Sabilillah),JTM-JL-A-YANI-ARAH-SELATAN-M,Jawa Timur,Kota Malang,BLIMBING,,"Jl. A. Yani No.26f, Polowijen, Kec. Blimbing, Kota Malang, Jawa Timur 65126, Indonesia",-7.9419060164408,112.64210819678,exact,malangkota,Portal CCTV Kota Malang (Diskominfo Kota Malang),https://cctv.malangkota.go.id/sebaran-cctv,Pemerintah Kota Malang,OFFICIAL_PORTAL,HLS,https://cctv.malangkota.go.id/cctv-stream/streams/982131430615781858979987.m3u8,https://cctv.malangkota.go.id/sebaran-cctv,982131430615781858979987,ONLINE,2026-09-04T00:20:13+07:00,Asia/Jakarta,Public monitoring feed,Ditayangkan publik oleh Pemkot Malang untuk pantauan lalu lintas. Tidak untuk redistribusi ulang tanpa izin.,0.95,
188a00f98605397e,Jl. A Yani Arah Utara (Masjid Sabilillah),JTM-JL-A-YANI-ARAH-UTARA-MAS,Jawa Timur,Kota Malang,BLIMBING,,"Jl. A. Yani No.19, Blimbing, Kec. Blimbing, Kota Malang, Jawa Timur 65125, Indonesia",-7.9415921968143,112.64225097144,exact,malangkota,Portal CCTV Kota Malang (Diskominfo Kota Malang),https://cctv.malangkota.go.id/sebaran-cctv,Pemerintah Kota Malang,OFFICIAL_PORTAL,HLS,https://cctv.malangkota.go.id/cctv-stream/streams/719653317344542196173839.m3u8,https://cctv.malangkota.go.id/sebaran-cctv,719653317344542196173839,ONLINE,2026-09-04T00:20:09+07:00,Asia/Jakarta,Public monitoring feed,Ditayangkan publik oleh Pemkot Malang untuk pantauan lalu lintas. Tidak untuk redistribusi ulang tanpa izin.,0.95,
d70a34e8d3ab79b4,Jl. A Yani Utara,JTM-JL-A-YANI-UTARA,Jawa Timur,Kota Malang,BLIMBING,,"Taman kendedes, Jl. A. Yani No.252, Purwodadi, Kec. Blimbing, Kota Malang, Jawa Timur 65126, Indonesia",-7.9254333849433,112.65102476912,exact,malangkota,Portal CCTV Kota Malang (Diskominfo Kota Malang),https://cctv.malangkota.go.id/sebaran-cctv,Pemerintah Kota Malang,OFFICIAL_PORTAL,HLS,https://cctv.malangkota.go.id/cctv-stream/streams/195874189915723862555674.m3u8,https://cctv.malangkota.go.id/sebaran-cctv,195874189915723862555674,ONLINE,2026-09-04T00:20:10+07:00,Asia/Jakarta,Public monitoring feed,Ditayangkan publik oleh Pemkot Malang untuk pantauan lalu lintas. Tidak untuk redistribusi ulang tanpa izin.,0.95,
2d8ac1951040baad,Jl. A. Yani Arah Selatan (Fly Over),JTM-JL-A-YANI-ARAH-SELATAN-F,Jawa Timur,Kota Malang,BLIMBING,,"KPRI Yustisia Pengadilan Negeri Malang, Polowijen, Kec. Blimbing, Kota Malang, Jawa Timur, Indonesia",-7.9294328515218,112.64884897849,exact,malangkota,Portal CCTV Kota Malang (Diskominfo Kota Malang),https://cctv.malangkota.go.id/sebaran-cctv,Pemerintah Kota Malang,OFFICIAL_PORTAL,HLS,https://cctv.malangkota.go.id/cctv-stream/streams/957992467319427676437983.m3u8,https://cctv.malangkota.go.id/sebaran-cctv,957992467319427676437983,ONLINE,2026-09-04T00:20:09+07:00,Asia/Jakarta,Public monitoring feed,Ditayangkan publik oleh Pemkot Malang untuk pantauan lalu lintas. Tidak untuk redistribusi ulang tanpa izin.,0.95,
043f17c415477960,Jl. A. Yani Arah Utara,JTM-JL-A-YANI-ARAH-UTARA,Jawa Timur,Kota Malang,BLIMBING,,"Jl. Jend. Ahmad Yani Utara No.21, Polowijen, Kec. Blimbing, Kota Malang, Jawa Timur 65126, Indonesia",-7.9292582728922,112.6487715069,exact,malangkota,Portal CCTV Kota Malang (Diskominfo Kota Malang),https://cctv.malangkota.go.id/sebaran-cctv,Pemerintah Kota Malang,OFFICIAL_PORTAL,HLS,https://cctv.malangkota.go.id/cctv-stream/streams/300544351200121565371840.m3u8,https://cctv.malangkota.go.id/sebaran-cctv,300544351200121565371840,ONLINE,2026-09-04T00:20:11+07:00,Asia/Jakarta,Public monitoring feed,Ditayangkan publik oleh Pemkot Malang untuk pantauan lalu lintas. Tidak untuk redistribusi ulang tanpa izin.,0.95,
2c021650fc227800,Jl. AR. Hakim Arah Timur,JTM-JL-AR-HAKIM-ARAH-TIMUR,Jawa Timur,Kota Malang,KLOJEN,,Jl. AR. Hakim Arah Timur,-7.980841541881919,112.62731615991213,exact,malangkota,Portal CCTV Kota Malang (Diskominfo Kota Malang),https://cctv.malangkota.go.id/sebaran-cctv,Pemerintah Kota Malang,OFFICIAL_PORTAL,HLS,https://cctv.malangkota.go.id/cctv-stream/streams/079331433202834680650395.m3u8,https://cctv.malangkota.go.id/sebaran-cctv,079331433202834680650395,ONLINE,2026-09-04T00:20:23+07:00,Asia/Jakarta,Public monitoring feed,Ditayangkan publik oleh Pemkot Malang untuk pantauan lalu lintas. Tidak untuk redistribusi ulang tanpa izin.,0.95,
8a1fe648fcda92a5,Jl. Ade Irma Suryani Arah Barat,JTM-JL-ADE-IRMA-SURYANI-ARAH,Jawa Timur,Kota Malang,KLOJEN,,"Jl. Ade Irma Suryani No.3, Kauman, Kec. Klojen, Kota Malang, Jawa Timur 65117, Indonesia",-7.9851823482675,112.63083565901,exact,malangkota,Portal CCTV Kota Malang (Diskominfo Kota Malang),https://cctv.malangkota.go.id/sebaran-cctv,Pemerintah Kota Malang,OFFICIAL_PORTAL,HLS,https://cctv.malangkota.go.id/cctv-stream/streams/588238642766249531642812.m3u8,https://cctv.malangkota.go.id/sebaran-cctv,588238642766249531642812,OFFLINE,2026-09-04T00:20:21+07:00,Asia/Jakarta,Public monitoring feed,Ditayangkan publik oleh Pemkot Malang untuk pantauan lalu lintas. Tidak untuk redistribusi ulang tanpa izin.,0.95,
29bd5caf6460b2f0,Jl. Ade Irma Suryani Arah Barat,JTM-JL-ADE-IRMA-SURYANI-ARAH,Jawa Timur,Kota Malang,KLOJEN,,"Jl. Kyai H. Wahid Hasyim No.30, Kauman, Kec. Klojen, Kota Malang, Jawa Timur 65119, Indonesia",-7.9846157376916,112.62875066297,exact,malangkota,Portal CCTV Kota Malang (Diskominfo Kota Malang),https://cctv.malangkota.go.id/sebaran-cctv,Pemerintah Kota Malang,OFFICIAL_PORTAL,HLS,https://cctv.malangkota.go.id/cctv-stream/streams/340486331612923975414024.m3u8,https://cctv.malangkota.go.id/sebaran-cctv,340486331612923975414024,ONLINE,2026-09-04T00:20:24+07:00,Asia/Jakarta,Public monitoring feed,Ditayangkan publik oleh Pemkot Malang untuk pantauan lalu lintas. Tidak untuk redistribusi ulang tanpa izin.,0.95,
8bd21f37e739457e,Jl. Ade Irma Suryani Arah Timur,JTM-JL-ADE-IRMA-SURYANI-ARAH,Jawa Timur,Kota Malang,KLOJEN,,"Jl. Ade Irma Suryani No.32, Kauman, Kec. Klojen, Kota Malang, Jawa Timur 65123, Indonesia",-7.984652924575,112.62884529204,exact,malangkota,Portal CCTV Kota Malang (Diskominfo Kota Malang),https://cctv.malangkota.go.id/sebaran-cctv,Pemerintah Kota Malang,OFFICIAL_PORTAL,HLS,https://cctv.malangkota.go.id/cctv-stream/streams/096052317426605718543303.m3u8,https://cctv.malangkota.go.id/sebaran-cctv,096052317426605718543303,ONLINE,2026-09-04T00:20:19+07:00,Asia/Jakarta,Public monitoring feed,Ditayangkan publik oleh Pemkot Malang untuk pantauan lalu lintas. Tidak untuk redistribusi ulang tanpa izin.,0.95,
746efd19a6a737cf,Jl. Agus Salim Arah Barat,JTM-JL-AGUS-SALIM-ARAH-BARAT,Jawa Timur,Kota Malang,KLOJEN,,"Jl. Agus Salim No.25, Kiduldalem, Kec. Klojen, Kota Malang, Jawa Timur 65119, Indonesia",-7.9843361760881,112.63379264662,exact,malangkota,Portal CCTV Kota Malang (Diskominfo Kota Malang),https://cctv.malangkota.go.id/sebaran-cctv,Pemerintah Kota Malang,OFFICIAL_PORTAL,HLS,https://cctv.malangkota.go.id/cctv-stream/streams/222512201418345708685754.m3u8,https://cctv.malangkota.go.id/sebaran-cctv,222512201418345708685754,ONLINE,2026-09-04T00:20:22+07:00,Asia/Jakarta,Public monitoring feed,Ditayangkan publik oleh Pemkot Malang untuk pantauan lalu lintas. Tidak untuk redistribusi ulang tanpa izin.,0.95,
7a64fa4ff87a2ecb,Jl. Agus Salim Arah Timur,JTM-JL-AGUS-SALIM-ARAH-TIMUR,Jawa Timur,Kota Malang,KLOJEN,,"Jl. Agus Salim No.6, Sukoharjo, Kec. Klojen, Kota Malang, Jawa Timur 65119, Indonesia",-7.9836514537034,112.63132011235,exact,malangkota,Portal CCTV Kota Malang (Diskominfo Kota Malang),https://cctv.malangkota.go.id/sebaran-cctv,Pemerintah Kota Malang,OFFICIAL_PORTAL,HLS,https://cctv.malangkota.go.id/cctv-stream/streams/117940938424194503584011.m3u8,https://cctv.malangkota.go.id/sebaran-cctv,117940938424194503584011,ONLINE,2026-09-04T00:20:17+07:00,Asia/Jakarta,Public monitoring feed,Ditayangkan publik oleh Pemkot Malang untuk pantauan lalu lintas. Tidak untuk redistribusi ulang tanpa izin.,0.95,
c353ade0c76dd3a3,Jl. Agus Salim Arah Timur,JTM-JL-AGUS-SALIM-ARAH-TIMUR,Jawa Timur,Kota Malang,KLOJEN,,"Jl. Agus Salim No.6, Sukoharjo, Kec. Klojen, Kota Malang, Jawa Timur 65119, Indonesia",-7.9835125563269,112.63137031522,exact,malangkota,Portal CCTV Kota Malang (Diskominfo Kota Malang),https://cctv.malangkota.go.id/sebaran-cctv,Pemerintah Kota Malang,OFFICIAL_PORTAL,HLS,https://cctv.malangkota.go.id/cctv-stream/streams/217486301753431654065609.m3u8,https://cctv.malangkota.go.id/sebaran-cctv,217486301753431654065609,OFFLINE,2026-09-04T00:20:23+07:00,Asia/Jakarta,Public monitoring feed,Ditayangkan publik oleh Pemkot Malang untuk pantauan lalu lintas. Tidak untuk redistribusi ulang tanpa izin.,0.95,
c09ce0099b2a3651,Jl. Ahmad Yani Arah Selatan,JTM-JL-AHMAD-YANI-ARAH-SELAT,Jawa Timur,Kota Malang,BLIMBING,,"Jl. A. Yani No.62, RW.02, Blimbing, Kec. Blimbing, Kota Malang, Jawa Timur 65126, Indonesia",-7.9408167597241,112.64265873793,exact,malangkota,Portal CCTV Kota Malang (Diskominfo Kota Malang),https://cctv.malangkota.go.id/sebaran-cctv,Pemerintah Kota Malang,OFFICIAL_PORTAL,HLS,https://cctv.malangkota.go.id/cctv-stream/streams/348389393952249311802450.m3u8,https://cctv.malangkota.go.id/sebaran-cctv,348389393952249311802450,ONLINE,2026-09-04T00:20:11+07:00,Asia/Jakarta,Public monitoring feed,Ditayangkan publik oleh Pemkot Malang untuk pantauan lalu lintas. Tidak untuk redistribusi ulang tanpa izin.,0.95,
678ec9fc7302f534,Jl. Ahmad Yani Arah Utara,JTM-JL-AHMAD-YANI-ARAH-UTARA,Jawa Timur,Kota Malang,BLIMBING,,"Jl. A. Yani No.37, Blimbing, Kec. Blimbing, Kota Malang, Jawa Timur 65126, Indonesia",-7.9406434237077,112.64263210443,exact,malangkota,Portal CCTV Kota Malang (Diskominfo Kota Malang),https://cctv.malangkota.go.id/sebaran-cctv,Pemerintah Kota Malang,OFFICIAL_PORTAL,HLS,https://cctv.malangkota.go.id/cctv-stream/streams/178242276523301631131466.m3u8,https://cctv.malangkota.go.id/sebaran-cctv,178242276523301631131466,ONLINE,2026-09-04T00:20:09+07:00,Asia/Jakarta,Public monitoring feed,Ditayangkan publik oleh Pemkot Malang untuk pantauan lalu lintas. Tidak untuk redistribusi ulang tanpa izin.,0.95,
494ee1b533771a12,Jl. Arif Margono Arah Selatan,JTM-JL-ARIF-MARGONO-ARAH-SEL,Jawa Timur,Kota Malang,KLOJEN,,"Jl. Yulius Usman No.55, Kasin, Kec. Klojen, Kota Malang, Jawa Timur 65117, Indonesia",-7.9851823940611,112.62470431944,exact,malangkota,Portal CCTV Kota Malang (Diskominfo Kota Malang),https://cctv.malangkota.go.id/sebaran-cctv,Pemerintah Kota Malang,OFFICIAL_PORTAL,HLS,https://cctv.malangkota.go.id/cctv-stream/streams/713846259452297607019995.m3u8,https://cctv.malangkota.go.id/sebaran-cctv,713846259452297607019995,ONLINE,2026-09-04T00:20:17+07:00,Asia/Jakarta,Public monitoring feed,Ditayangkan publik oleh Pemkot Malang untuk pantauan lalu lintas. Tidak untuk redistribusi ulang tanpa izin.,0.95,
1f2c4e47dbf4bdc4,Jl. Arif Margono Arah Selatan,JTM-JL-ARIF-MARGONO-ARAH-SEL,Jawa Timur,Kota Malang,KLOJEN,,"Jl. Arif Margono No.31D, Kasin, Kec. Klojen, Kota Malang, Jawa Timur 65117, Indonesia",-7.9841459293288,112.62611115799,exact,malangkota,Portal CCTV Kota Malang (Diskominfo Kota Malang),https://cctv.malangkota.go.id/sebaran-cctv,Pemerintah Kota Malang,OFFICIAL_PORTAL,HLS,https://cctv.malangkota.go.id/cctv-stream/streams/789762621921935268666704.m3u8,https://cctv.malangkota.go.id/sebaran-cctv,789762621921935268666704,ONLINE,2026-09-04T00:20:17+07:00,Asia/Jakarta,Public monitoring feed,Ditayangkan publik oleh Pemkot Malang untuk pantauan lalu lintas. Tidak untuk redistribusi ulang tanpa izin.,0.95,
2f8e6f61b9b291e0,Jl. Arif Margono Arah Utara,JTM-JL-ARIF-MARGONO-ARAH-UTA,Jawa Timur,Kota Malang,KLOJEN,,"Jl. Arif Margono No.58, Kasin, Kec. Klojen, Kota Malang, Jawa Timur 65117, Indonesia",-7.9866500451534,112.62348234253,exact,malangkota,Portal CCTV Kota Malang (Diskominfo Kota Malang),https://cctv.malangkota.go.id/sebaran-cctv,Pemerintah Kota Malang,OFFICIAL_PORTAL,HLS,https://cctv.malangkota.go.id/cctv-stream/streams/652269633484216664565215.m3u8,https://cctv.malangkota.go.id/sebaran-cctv,652269633484216664565215,ONLINE,2026-09-04T00:20:15+07:00,Asia/Jakarta,Public monitoring feed,Ditayangkan publik oleh Pemkot Malang untuk pantauan lalu lintas. Tidak untuk redistribusi ulang tanpa izin.,0.95,
afc490b09305bf2a,Jl. Aris Munandar Arah Barat,JTM-JL-ARIS-MUNANDAR-ARAH-BA,Jawa Timur,Kota Malang,KLOJEN,,"Jl. Aries Munandar No.30, Kiduldalem, Kec. Klojen, Kota Malang, Jawa Timur 65119, Indonesia",-7.9816351157523,112.63466394904,exact,malangkota,Portal CCTV Kota Malang (Diskominfo Kota Malang),https://cctv.malangkota.go.id/sebaran-cctv,Pemerintah Kota Malang,OFFICIAL_PORTAL,HLS,https://cctv.malangkota.go.id/cctv-stream/streams/491236279805146068523382.m3u8,https://cctv.malangkota.go.id/sebaran-cctv,491236279805146068523382,ONLINE,2026-09-04T00:20:20+07:00,Asia/Jakarta,Public monitoring feed,Ditayangkan publik oleh Pemkot Malang untuk pantauan lalu lintas. Tidak untuk redistribusi ulang tanpa izin.,0.95,
fe45874b4352c1af,Jl. Aris Munandar Arah Timur,JTM-JL-ARIS-MUNANDAR-ARAH-TI,Jawa Timur,Kota Malang,KLOJEN,,"Jl. Zainul Arifin No.1, Sukoharjo, Kec. Klojen, Kota Malang, Jawa Timur 65119, Indonesia",-7.9817282523094,112.63488263025,exact,malangkota,Portal CCTV Kota Malang (Diskominfo Kota Malang),https://cctv.malangkota.go.id/sebaran-cctv,Pemerintah Kota Malang,OFFICIAL_PORTAL,HLS,https://cctv.malangkota.go.id/cctv-stream/streams/002327922068835068551525.m3u8,https://cctv.malangkota.go.id/sebaran-cctv,002327922068835068551525,ONLINE,2026-09-04T00:20:16+07:00,Asia/Jakarta,Public monitoring feed,Ditayangkan publik oleh Pemkot Malang untuk pantauan lalu lintas. Tidak untuk redistribusi ulang tanpa izin.,0.95,
1e5b90bccc2a847d,Jl. Arjuno Arah Utara (BRI Kawi),JTM-JL-ARJUNO-ARAH-UTARA-BRI,Jawa Timur,Kota Malang,KLOJEN,,"Jl. Kawi No.7, Kauman, Kec. Klojen, Kota Malang, Jawa Timur 65119, Indonesia",-7.9798029805368,112.62619448083,exact,malangkota,Portal CCTV Kota Malang (Diskominfo Kota Malang),https://cctv.malangkota.go.id/sebaran-cctv,Pemerintah Kota Malang,OFFICIAL_PORTAL,HLS,https://cctv.malangkota.go.id/cctv-stream/streams/599118267175295987908194.m3u8,https://cctv.malangkota.go.id/sebaran-cctv,599118267175295987908194,ONLINE,2026-09-04T00:20:20+07:00,Asia/Jakarta,Public monitoring feed,Ditayangkan publik oleh Pemkot Malang untuk pantauan lalu lintas. Tidak untuk redistribusi ulang tanpa izin.,0.95,
650972934bb268db,Jl. Bandung Arah Barat (Bundaran UKS),JTM-JL-BANDUNG-ARAH-BARAT-BU,Jawa Timur,Kota Malang,KLOJEN,,"Jl. Bandung No.1, Penanggungan, Kec. Klojen, Kota Malang, Jawa Timur 65113, Indonesia",-7.9622672931418,112.62564722251,exact,malangkota,Portal CCTV Kota Malang (Diskominfo Kota Malang),https://cctv.malangkota.go.id/sebaran-cctv,Pemerintah Kota Malang,OFFICIAL_PORTAL,HLS,https://cctv.malangkota.go.id/cctv-stream/streams/699355759296848496652742.m3u8,https://cctv.malangkota.go.id/sebaran-cctv,699355759296848496652742,ONLINE,2026-09-04T00:20:20+07:00,Asia/Jakarta,Public monitoring feed,Ditayangkan publik oleh Pemkot Malang untuk pantauan lalu lintas. Tidak untuk redistribusi ulang tanpa izin.,0.95,
e110bf10106a2fa4,Jl. Basuki Rahmat Arah Selatan,JTM-JL-BASUKI-RAHMAT-ARAH-SE,Jawa Timur,Kota Malang,KLOJEN,,"Jl. Polowijen II No.314, Polowijen, Kec. Blimbing, Kota Malang, Jawa Timur 65126, Indonesia",-7.9744003771114,112.62979392116,exact,malangkota,Portal CCTV Kota Malang (Diskominfo Kota Malang),https://cctv.malangkota.go.id/sebaran-cctv,Pemerintah Kota Malang,OFFICIAL_PORTAL,HLS,https://cctv.malangkota.go.id/cctv-stream/streams/876263708687156206364361.m3u8,https://cctv.malangkota.go.id/sebaran-cctv,876263708687156206364361,ONLINE,2026-09-04T00:20:19+07:00,Asia/Jakarta,Public monitoring feed,Ditayangkan publik oleh Pemkot Malang untuk pantauan lalu lintas. Tidak untuk redistribusi ulang tanpa izin.,0.95,
1e24c67e208d5399,Jl. Basuki Rahmat Arah Selatan,JTM-JL-BASUKI-RAHMAT-ARAH-SE,Jawa Timur,Kota Malang,KLOJEN,,"Jl. Jenderal Basuki Rahmat No.64A, RW.3, Kauman, Kec. Klojen, Kota Malang, Jawa Timur 65119, Indonesia",-7.9765568193952,112.62938479567,exact,malangkota,Portal CCTV Kota Malang (Diskominfo Kota Malang),https://cctv.malangkota.go.id/sebaran-cctv,Pemerintah Kota Malang,OFFICIAL_PORTAL,HLS,https://cctv.malangkota.go.id/cctv-stream/streams/771615331018457682499213.m3u8,https://cctv.malangkota.go.id/sebaran-cctv,771615331018457682499213,ONLINE,2026-09-04T00:20:18+07:00,Asia/Jakarta,Public monitoring feed,Ditayangkan publik oleh Pemkot Malang untuk pantauan lalu lintas. Tidak untuk redistribusi ulang tanpa izin.,0.95,
c9619e81da7ee96f,Jl. Basuki Rahmat Arah Selatan,JTM-JL-BASUKI-RAHMAT-ARAH-SE,Jawa Timur,Kota Malang,KLOJEN,,"Jl. Jenderal Basuki Rahmat No.4, Kauman, Kec. Klojen, Kota Malang, Jawa Timur 65119, Indonesia",-7.9806017505387,112.63055525549,exact,malangkota,Portal CCTV Kota Malang (Diskominfo Kota Malang),https://cctv.malangkota.go.id/sebaran-cctv,Pemerintah Kota Malang,OFFICIAL_PORTAL,HLS,https://cctv.malangkota.go.id/cctv-stream/streams/825109914933198114646936.m3u8,https://cctv.malangkota.go.id/sebaran-cctv,825109914933198114646936,ONLINE,2026-09-04T00:20:24+07:00,Asia/Jakarta,Public monitoring feed,Ditayangkan publik oleh Pemkot Malang untuk pantauan lalu lintas. Tidak untuk redistribusi ulang tanpa izin.,0.95,
f022a034972ad8ec,Jl. Basuki Rahmat Arah Utara,JTM-JL-BASUKI-RAHMAT-ARAH-UT,Jawa Timur,Kota Malang,KLOJEN,,"Jl. Semeru No.4, Klojen, Kec. Klojen, Kota Malang, Jawa Timur 65119, Indonesia",-7.9762154935754,112.62937765799,exact,malangkota,Portal CCTV Kota Malang (Diskominfo Kota Malang),https://cctv.malangkota.go.id/sebaran-cctv,Pemerintah Kota Malang,OFFICIAL_PORTAL,HLS,https://cctv.malangkota.go.id/cctv-stream/streams/134679292061611148844449.m3u8,https://cctv.malangkota.go.id/sebaran-cctv,134679292061611148844449,ONLINE,2026-09-04T00:20:23+07:00,Asia/Jakarta,Public monitoring feed,Ditayangkan publik oleh Pemkot Malang untuk pantauan lalu lintas. Tidak untuk redistribusi ulang tanpa izin.,0.95,
dae8e29460a5eafc,Jl. Basuki Rahmat arah utara,JTM-JL-BASUKI-RAHMAT-ARAH-UT,Jawa Timur,Kota Malang,KLOJEN,,"Jl. Jenderal Basuki Rahmat No.6e, Kauman, Kec. Klojen, Kota Malang, Jawa Timur 65119, Indonesia",-7.9802024549855,112.63039082456,exact,malangkota,Portal CCTV Kota Malang (Diskominfo Kota Malang),https://cctv.malangkota.go.id/sebaran-cctv,Pemerintah Kota Malang,OFFICIAL_PORTAL,HLS,https://cctv.malangkota.go.id/cctv-stream/streams/291214161756678285690451.m3u8,https://cctv.malangkota.go.id/sebaran-cctv,291214161756678285690451,ONLINE,2026-09-04T00:20:21+07:00,Asia/Jakarta,Public monitoring feed,Ditayangkan publik oleh Pemkot Malang untuk pantauan lalu lintas. Tidak untuk redistribusi ulang tanpa izin.,0.95,
441737c2ff60e5a0,Jl. Bendungan Sutami Arah Selatan,JTM-JL-BENDUNGAN-SUTAMI-ARAH,Jawa Timur,Kota Malang,LOWOKWARU,,"Jl. Bendungan Sutami No.1, Sumbersari, Kec. Lowokwaru, Kota Malang, Jawa Timur 65115, Indonesia",-7.9567833460861,112.61293111321,exact,malangkota,Portal CCTV Kota Malang (Diskominfo Kota Malang),https://cctv.malangkota.go.id/sebaran-cctv,Pemerintah Kota Malang,OFFICIAL_PORTAL,HLS,https://cctv.malangkota.go.id/cctv-stream/streams/386132036661026320418844.m3u8,https://cctv.malangkota.go.id/sebaran-cctv,386132036661026320418844,ONLINE,2026-09-04T00:20:30+07:00,Asia/Jakarta,Public monitoring feed,Ditayangkan publik oleh Pemkot Malang untuk pantauan lalu lintas. Tidak untuk redistribusi ulang tanpa izin.,0.95,
7aaa215f13b211d3,Jl. Borobudur Arah Barat,JTM-JL-BOROBUDUR-ARAH-BARAT,Jawa Timur,Kota Malang,BLIMBING,,"Jl. A. Yani No.17, RW.02, Blimbing, Kec. Blimbing, Kota Malang, Jawa Timur 65126, Indonesia",-7.9416950782559,112.64203512082,exact,malangkota,Portal CCTV Kota Malang (Diskominfo Kota Malang),https://cctv.malangkota.go.id/sebaran-cctv,Pemerintah Kota Malang,OFFICIAL_PORTAL,HLS,https://cctv.malangkota.go.id/cctv-stream/streams/307023650278212238808482.m3u8,https://cctv.malangkota.go.id/sebaran-cctv,307023650278212238808482,ONLINE,2026-09-04T00:20:09+07:00,Asia/Jakarta,Public monitoring feed,Ditayangkan publik oleh Pemkot Malang untuk pantauan lalu lintas. Tidak untuk redistribusi ulang tanpa izin.,0.95,
364e8705d40cfd0d,Jl. Borobudur Arah Timur,JTM-JL-BOROBUDUR-ARAH-TIMUR,Jawa Timur,Kota Malang,LOWOKWARU,,"Jl. Sudimoro No.67, Mojolangu, Kec. Lowokwaru, Kota Malang, Jawa Timur 65142, Indonesia",-7.9390908860831,112.63316259019,exact,malangkota,Portal CCTV Kota Malang (Diskominfo Kota Malang),https://cctv.malangkota.go.id/sebaran-cctv,Pemerintah Kota Malang,OFFICIAL_PORTAL,HLS,https://cctv.malangkota.go.id/cctv-stream/streams/807179387709306202506877.m3u8,https://cctv.malangkota.go.id/sebaran-cctv,807179387709306202506877,ONLINE,2026-09-04T00:20:32+07:00,Asia/Jakarta,Public monitoring feed,Ditayangkan publik oleh Pemkot Malang untuk pantauan lalu lintas. Tidak untuk redistribusi ulang tanpa izin.,0.95,
c7a2263888be579c,Jl. Brigjend Slamet Riadi Arah Barat,JTM-JL-BRIGJEND-SLAMET-RIADI,Jawa Timur,Kota Malang,KLOJEN,,"Jl. Brigjend Slamet Riadi No.2a, Oro-oro Dowo, Kec. Klojen, Kota Malang, Jawa Timur 65119, Indonesia",-7.9742567692522,112.62976551479,exact,malangkota,Portal CCTV Kota Malang (Diskominfo Kota Malang),https://cctv.malangkota.go.id/sebaran-cctv,Pemerintah Kota Malang,OFFICIAL_PORTAL,HLS,https://cctv.malangkota.go.id/cctv-stream/streams/654189372598870108548003.m3u8,https://cctv.malangkota.go.id/sebaran-cctv,654189372598870108548003,ONLINE,2026-09-04T00:20:23+07:00,Asia/Jakarta,Public monitoring feed,Ditayangkan publik oleh Pemkot Malang untuk pantauan lalu lintas. Tidak untuk redistribusi ulang tanpa izin.,0.95,
07bb4849824a9f1c,Jl. Bromo Arah Utara,JTM-JL-BROMO-ARAH-UTARA,Jawa Timur,Kota Malang,KLOJEN,,"Jl. Bromo No.29, Kauman, Kec. Klojen, Kota Malang, Jawa Timur 65119, Indonesia",-7.9758821152916,112.62675137498,exact,malangkota,Portal CCTV Kota Malang (Diskominfo Kota Malang),https://cctv.malangkota.go.id/sebaran-cctv,Pemerintah Kota Malang,OFFICIAL_PORTAL,HLS,https://cctv.malangkota.go.id/cctv-stream/streams/898902535875476482823426.m3u8,https://cctv.malangkota.go.id/sebaran-cctv,898902535875476482823426,ONLINE,2026-09-04T00:20:24+07:00,Asia/Jakarta,Public monitoring feed,Ditayangkan publik oleh Pemkot Malang untuk pantauan lalu lintas. Tidak untuk redistribusi ulang tanpa izin.,0.95,
fb15cee8165a0d93,Jl. Bromo Arah Utara (GKI Bromo),JTM-JL-BROMO-ARAH-UTARA-GKI-,Jawa Timur,Kota Malang,KLOJEN,,"Jl. Bromo No.14-4, Kauman, Kec. Klojen, Kota Malang, Jawa Timur 65119, Indonesia",-7.9790722501546,112.62526556398,exact,malangkota,Portal CCTV Kota Malang (Diskominfo Kota Malang),https://cctv.malangkota.go.id/sebaran-cctv,Pemerintah Kota Malang,OFFICIAL_PORTAL,HLS,https://cctv.malangkota.go.id/cctv-stream/streams/664697529898892981084889.m3u8,https://cctv.malangkota.go.id/sebaran-cctv,664697529898892981084889,ONLINE,2026-09-04T00:20:19+07:00,Asia/Jakarta,Public monitoring feed,Ditayangkan publik oleh Pemkot Malang untuk pantauan lalu lintas. Tidak untuk redistribusi ulang tanpa izin.,0.95,
6e77c75f40eb30de,Jl. Candi Panggung Arah selatan,JTM-JL-CANDI-PANGGUNG-ARAH-S,Jawa Timur,Kota Malang,LOWOKWARU,,"Jl. Simpang Akordeon No.1b, Tunggulwulung, Kec. Lowokwaru, Kota Malang, Jawa Timur 65143, Indonesia",-7.9331367806487,112.61330513623,exact,malangkota,Portal CCTV Kota Malang (Diskominfo Kota Malang),https://cctv.malangkota.go.id/sebaran-cctv,Pemerintah Kota Malang,OFFICIAL_PORTAL,HLS,https://cctv.malangkota.go.id/cctv-stream/streams/895502928116887610228060.m3u8,https://cctv.malangkota.go.id/sebaran-cctv,895502928116887610228060,ONLINE,2026-09-04T00:20:30+07:00,Asia/Jakarta,Public monitoring feed,Ditayangkan publik oleh Pemkot Malang untuk pantauan lalu lintas. Tidak untuk redistribusi ulang tanpa izin.,0.95,
0bd1c3aaa9a5c5b5,Jl. Cengger Ayam Arah Utara,JTM-JL-CENGGER-AYAM-ARAH-UTA,Jawa Timur,Kota Malang,LOWOKWARU,,"Jl. Kalpataru No.16, Jatimulyo, Kec. Lowokwaru, Kota Malang, Jawa Timur 65141, Indonesia",-7.9506892197304,112.6316346668,exact,malangkota,Portal CCTV Kota Malang (Diskominfo Kota Malang),https://cctv.malangkota.go.id/sebaran-cctv,Pemerintah Kota Malang,OFFICIAL_PORTAL,HLS,https://cctv.malangkota.go.id/cctv-stream/streams/289833992881029327755836.m3u8,https://cctv.malangkota.go.id/sebaran-cctv,289833992881029327755836,ONLINE,2026-09-04T00:20:32+07:00,Asia/Jakarta,Public monitoring feed,Ditayangkan publik oleh Pemkot Malang untuk pantauan lalu lintas. Tidak untuk redistribusi ulang tanpa izin.,0.95,
4ebb258d96b33658,Jl. Cokroaminoto Arah Utara,JTM-JL-COKROAMINOTO-ARAH-UTA,Jawa Timur,Kota Malang,KLOJEN,,"Jl. Patimura No.69-71, Klojen, Kec. Klojen, Kota Malang, Jawa Timur 65111, Indonesia",-7.9733948897679,112.6366761213,exact,malangkota,Portal CCTV Kota Malang (Diskominfo Kota Malang),https://cctv.malangkota.go.id/sebaran-cctv,Pemerintah Kota Malang,OFFICIAL_PORTAL,HLS,https://cctv.malangkota.go.id/cctv-stream/streams/462406715974251335062174.m3u8,https://cctv.malangkota.go.id/sebaran-cctv,462406715974251335062174,ONLINE,2026-09-04T00:20:21+07:00,Asia/Jakarta,Public monitoring feed,Ditayangkan publik oleh Pemkot Malang untuk pantauan lalu lintas. Tidak untuk redistribusi ulang tanpa izin.,0.95,
5ab3f00db3bf9833,Jl. Danau Bratan Arah Barat,JTM-JL-DANAU-BRATAN-ARAH-BAR,Jawa Timur,Kota Malang,KEDUNGKANDANG,,Jl. Danau Bratan Arah Barat,-7.975502868155886,112.66156695067546,exact,malangkota,Portal CCTV Kota Malang (Diskominfo Kota Malang),https://cctv.malangkota.go.id/sebaran-cctv,Pemerintah Kota Malang,OFFICIAL_PORTAL,HLS,https://cctv.malangkota.go.id/cctv-stream/streams/392886608131064314613341.m3u8,https://cctv.malangkota.go.id/sebaran-cctv,392886608131064314613341,ONLINE,2026-09-04T00:20:25+07:00,Asia/Jakarta,Public monitoring feed,Ditayangkan publik oleh Pemkot Malang untuk pantauan lalu lintas. Tidak untuk redistribusi ulang tanpa izin.,0.95,
7769a2d9a7970b56,Jl. Danau Bratan Arah Timur,JTM-JL-DANAU-BRATAN-ARAH-TIM,Jawa Timur,Kota Malang,KEDUNGKANDANG,,Jl. Danau Bratan Arah Timur,-7.975619743812436,112.6617547053065,exact,malangkota,Portal CCTV Kota Malang (Diskominfo Kota Malang),https://cctv.malangkota.go.id/sebaran-cctv,Pemerintah Kota Malang,OFFICIAL_PORTAL,HLS,https://cctv.malangkota.go.id/cctv-stream/streams/511560590871402984783229.m3u8,https://cctv.malangkota.go.id/sebaran-cctv,511560590871402984783229,ONLINE,2026-09-04T00:20:24+07:00,Asia/Jakarta,Public monitoring feed,Ditayangkan publik oleh Pemkot Malang untuk pantauan lalu lintas. Tidak untuk redistribusi ulang tanpa izin.,0.95,
15ec3323aeee60de,Jl. Danau Kerinci Arah Selatan,JTM-JL-DANAU-KERINCI-ARAH-SE,Jawa Timur,Kota Malang,KEDUNGKANDANG,,"Jl. Danau Yamur No.1, Sawojajar, Kedungkandang, Malang, Keduyo, Sawojajar, Kec. Kedungkandang, Malang, Jawa Timur 65154, Indonesia",-7.9712384586829,112.66398784702,exact,malangkota,Portal CCTV Kota Malang (Diskominfo Kota Malang),https://cctv.malangkota.go.id/sebaran-cctv,Pemerintah Kota Malang,OFFICIAL_PORTAL,HLS,https://cctv.malangkota.go.id/cctv-stream/streams/148960239776637882670743.m3u8,https://cctv.malangkota.go.id/sebaran-cctv,148960239776637882670743,ONLINE,2026-09-04T00:20:27+07:00,Asia/Jakarta,Public monitoring feed,Ditayangkan publik oleh Pemkot Malang untuk pantauan lalu lintas. Tidak untuk redistribusi ulang tanpa izin.,0.95,
4cfde26ba33e7dbe,Jl. Danau Kerinci Arah Utara,JTM-JL-DANAU-KERINCI-ARAH-UT,Jawa Timur,Kota Malang,KEDUNGKANDANG,,"C2/F17, Jl. Danau Kerinci Raya, Keduyo, Sawojajar, Pakis, Malang City, East Java 65154, Indonesia",-7.9712337609891,112.66411783584,exact,malangkota,Portal CCTV Kota Malang (Diskominfo Kota Malang),https://cctv.malangkota.go.id/sebaran-cctv,Pemerintah Kota Malang,OFFICIAL_PORTAL,HLS,https://cctv.malangkota.go.id/cctv-stream/streams/892431741317523091394671.m3u8,https://cctv.malangkota.go.id/sebaran-cctv,892431741317523091394671,ONLINE,2026-09-04T00:20:26+07:00,Asia/Jakarta,Public monitoring feed,Ditayangkan publik oleh Pemkot Malang untuk pantauan lalu lintas. Tidak untuk redistribusi ulang tanpa izin.,0.95,
c92d943a9fae24d9,Jl. Danau Kerinci Arah Utara,JTM-JL-DANAU-KERINCI-ARAH-UT,Jawa Timur,Kota Malang,KEDUNGKANDANG,,"Jl. Danau Kerinci Raya No.1, Lesanpuro, Kec. Kedungkandang, Kota Malang, Jawa Timur 65139, Indonesia",-7.978996655219,112.65965216595,exact,malangkota,Portal CCTV Kota Malang (Diskominfo Kota Malang),https://cctv.malangkota.go.id/sebaran-cctv,Pemerintah Kota Malang,OFFICIAL_PORTAL,HLS,https://cctv.malangkota.go.id/cctv-stream/streams/931466165340267193793620.m3u8,https://cctv.malangkota.go.id/sebaran-cctv,931466165340267193793620,ONLINE,2026-09-04T00:20:26+07:00,Asia/Jakarta,Public monitoring feed,Ditayangkan publik oleh Pemkot Malang untuk pantauan lalu lintas. Tidak untuk redistribusi ulang tanpa izin.,0.95,
409b2b477f36dde7,Jl. Danau Toba Arah Barat,JTM-JL-DANAU-TOBA-ARAH-BARAT,Jawa Timur,Kota Malang,KEDUNGKANDANG,,"Jl. Danau Kerinci Raya No.1, Lesanpuro, Kec. Kedungkandang, Kota Malang, Jawa Timur 65139, Indonesia",-7.9790869759775,112.65953897435,exact,malangkota,Portal CCTV Kota Malang (Diskominfo Kota Malang),https://cctv.malangkota.go.id/sebaran-cctv,Pemerintah Kota Malang,OFFICIAL_PORTAL,HLS,https://cctv.malangkota.go.id/cctv-stream/streams/037075518670899465560926.m3u8,https://cctv.malangkota.go.id/sebaran-cctv,037075518670899465560926,ONLINE,2026-09-04T00:20:25+07:00,Asia/Jakarta,Public monitoring feed,Ditayangkan publik oleh Pemkot Malang untuk pantauan lalu lintas. Tidak untuk redistribusi ulang tanpa izin.,0.95,
22ad75c09e22dc6e,Jl. Danau Toba Arah Barat,JTM-JL-DANAU-TOBA-ARAH-BARAT,Jawa Timur,Kota Malang,KEDUNGKANDANG,,"Jl. Raya Ki Ageng Gribig No.mor 2, Madyopuro, Kec. Kedungkandang, Kota Malang, Jawa Timur 65139, Indonesia",-7.9807161688601,112.66270762353,exact,malangkota,Portal CCTV Kota Malang (Diskominfo Kota Malang),https://cctv.malangkota.go.id/sebaran-cctv,Pemerintah Kota Malang,OFFICIAL_PORTAL,HLS,https://cctv.malangkota.go.id/cctv-stream/streams/133105391563125665089003.m3u8,https://cctv.malangkota.go.id/sebaran-cctv,133105391563125665089003,ONLINE,2026-09-04T00:20:28+07:00,Asia/Jakarta,Public monitoring feed,Ditayangkan publik oleh Pemkot Malang untuk pantauan lalu lintas. Tidak untuk redistribusi ulang tanpa izin.,0.95,
c4552a4ae89fb3e5,Jl. Danau Toba Arah Timur,JTM-JL-DANAU-TOBA-ARAH-TIMUR,Jawa Timur,Kota Malang,KEDUNGKANDANG,,"Jl. Danau Kerinci Raya, Perumahan Sawojajar, Lesanpuro, Kedungkandang, Malang City, East Java 65139, Indonesia",-7.979106297252,112.65968375923,exact,malangkota,Portal CCTV Kota Malang (Diskominfo Kota Malang),https://cctv.malangkota.go.id/sebaran-cctv,Pemerintah Kota Malang,OFFICIAL_PORTAL,HLS,https://cctv.malangkota.go.id/cctv-stream/streams/799063606348608223030193.m3u8,https://cctv.malangkota.go.id/sebaran-cctv,799063606348608223030193,ONLINE,2026-09-04T00:20:26+07:00,Asia/Jakarta,Public monitoring feed,Ditayangkan publik oleh Pemkot Malang untuk pantauan lalu lintas. Tidak untuk redistribusi ulang tanpa izin.,0.95,
4f94f0992abe773e,Jl. Danau Toba Arah Timur,JTM-JL-DANAU-TOBA-ARAH-TIMUR,Jawa Timur,Kota Malang,KEDUNGKANDANG,,"Jl. Simpang Ranugrati No.5d, Lesanpuro, Kec. Kedungkandang, Kota Malang, Jawa Timur 65139, Indonesia",-7.9809960182299,112.65377079464,exact,malangkota,Portal CCTV Kota Malang (Diskominfo Kota Malang),https://cctv.malangkota.go.id/sebaran-cctv,Pemerintah Kota Malang,OFFICIAL_PORTAL,HLS,https://cctv.malangkota.go.id/cctv-stream/streams/004708955419442040752767.m3u8,https://cctv.malangkota.go.id/sebaran-cctv,004708955419442040752767,ONLINE,2026-09-04T00:20:28+07:00,Asia/Jakarta,Public monitoring feed,Ditayangkan publik oleh Pemkot Malang untuk pantauan lalu lintas. Tidak untuk redistribusi ulang tanpa izin.,0.95,
a3a9b8d21528bc44,Jl. Dieng Arah Timur,JTM-JL-DIENG-ARAH-TIMUR,Jawa Timur,Kota Malang,KLOJEN,,"Jl. Galunggung No.2, Gading Kasri, Kec. Klojen, Kota Malang, Jawa Timur 65146, Indonesia",-7.9732906622822,112.61329216201,exact,malangkota,Portal CCTV Kota Malang (Diskominfo Kota Malang),https://cctv.malangkota.go.id/sebaran-cctv,Pemerintah Kota Malang,OFFICIAL_PORTAL,HLS,https://cctv.malangkota.go.id/cctv-stream/streams/547359693237078797537666.m3u8,https://cctv.malangkota.go.id/sebaran-cctv,547359693237078797537666,ONLINE,2026-09-04T00:20:21+07:00,Asia/Jakarta,Public monitoring feed,Ditayangkan publik oleh Pemkot Malang untuk pantauan lalu lintas. Tidak untuk redistribusi ulang tanpa izin.,0.95,
dd8cbd871ca3a3ac,Jl. Gadang Pasar Arah Timur,JTM-JL-GADANG-PASAR-ARAH-TIM,Jawa Timur,Kota Malang,SUKUN,,"XJGH+V49 TAMAN GADANG, Jl. Gadang Bumiayu, Gadang, Kec. Sukun, Kota Malang, Jawa Timur 65149, Indonesia",-8.0227794419722,112.62773707736,exact,malangkota,Portal CCTV Kota Malang (Diskominfo Kota Malang),https://cctv.malangkota.go.id/sebaran-cctv,Pemerintah Kota Malang,OFFICIAL_PORTAL,HLS,https://cctv.malangkota.go.id/cctv-stream/streams/292570058740218968707392.m3u8,https://cctv.malangkota.go.id/sebaran-cctv,292570058740218968707392,ONLINE,2026-09-04T00:20:28+07:00,Asia/Jakarta,Public monitoring feed,Ditayangkan publik oleh Pemkot Malang untuk pantauan lalu lintas. Tidak untuk redistribusi ulang tanpa izin.,0.95,
b693d8344e5fbae0,Jl. Gajayana Arah Selatan,JTM-JL-GAJAYANA-ARAH-SELATAN,Jawa Timur,Kota Malang,LOWOKWARU,,"Jl. Gajayana No.12, Ketawanggede, Kec. Lowokwaru, Kota Malang, Jawa Timur 65144, Indonesia",-7.9470124795052,112.60870793038,exact,malangkota,Portal CCTV Kota Malang (Diskominfo Kota Malang),https://cctv.malangkota.go.id/sebaran-cctv,Pemerintah Kota Malang,OFFICIAL_PORTAL,HLS,https://cctv.malangkota.go.id/cctv-stream/streams/715337494726392556880466.m3u8,https://cctv.malangkota.go.id/sebaran-cctv,715337494726392556880466,ONLINE,2026-09-04T00:20:31+07:00,Asia/Jakarta,Public monitoring feed,Ditayangkan publik oleh Pemkot Malang untuk pantauan lalu lintas. Tidak untuk redistribusi ulang tanpa izin.,0.95,
868df7104176610b,Jl. Gajayana Arah Selatan (Sardo),JTM-JL-GAJAYANA-ARAH-SELATAN,Jawa Timur,Kota Malang,LOWOKWARU,,"Jl. Gajayana No.25, Ketawanggede, Kec. Lowokwaru, Kota Malang, Jawa Timur 65144, Indonesia",-7.9472848993973,112.60882818468,exact,malangkota,Portal CCTV Kota Malang (Diskominfo Kota Malang),https://cctv.malangkota.go.id/sebaran-cctv,Pemerintah Kota Malang,OFFICIAL_PORTAL,HLS,https://cctv.malangkota.go.id/cctv-stream/streams/385150101635081489243344.m3u8,https://cctv.malangkota.go.id/sebaran-cctv,385150101635081489243344,ONLINE,2026-09-04T00:20:29+07:00,Asia/Jakarta,Public monitoring feed,Ditayangkan publik oleh Pemkot Malang untuk pantauan lalu lintas. Tidak untuk redistribusi ulang tanpa izin.,0.95,
dee717b2519c4704,Jl. Gajayana Arah Utara (Sardo),JTM-JL-GAJAYANA-ARAH-UTARA-S,Jawa Timur,Kota Malang,LOWOKWARU,,"Jl. Gajayana No.Kav. 14, Ketawanggede, Kec. Lowokwaru, Kota Malang, Jawa Timur 65145, Indonesia",-7.9469843339316,112.60889705726,exact,malangkota,Portal CCTV Kota Malang (Diskominfo Kota Malang),https://cctv.malangkota.go.id/sebaran-cctv,Pemerintah Kota Malang,OFFICIAL_PORTAL,HLS,https://cctv.malangkota.go.id/cctv-stream/streams/455597782591873967365987.m3u8,https://cctv.malangkota.go.id/sebaran-cctv,455597782591873967365987,ONLINE,2026-09-04T00:20:31+07:00,Asia/Jakarta,Public monitoring feed,Ditayangkan publik oleh Pemkot Malang untuk pantauan lalu lintas. Tidak untuk redistribusi ulang tanpa izin.,0.95,
6505abd49b20d3d8,Jl. Galunggung Arah Utara,JTM-JL-GALUNGGUNG-ARAH-UTARA,Jawa Timur,Kota Malang,KLOJEN,,"Jl. Galunggung No.76c, Gading Kasri, Kec. Klojen, Kota Malang, Jawa Timur 65115, Indonesia",-7.9671798845705,112.6135961468,exact,malangkota,Portal CCTV Kota Malang (Diskominfo Kota Malang),https://cctv.malangkota.go.id/sebaran-cctv,Pemerintah Kota Malang,OFFICIAL_PORTAL,HLS,https://cctv.malangkota.go.id/cctv-stream/streams/879779063216883395653396.m3u8,https://cctv.malangkota.go.id/sebaran-cctv,879779063216883395653396,ONLINE,2026-09-04T00:20:22+07:00,Asia/Jakarta,Public monitoring feed,Ditayangkan publik oleh Pemkot Malang untuk pantauan lalu lintas. Tidak untuk redistribusi ulang tanpa izin.,0.95,
659efb98b4aab3ae,Jl. Galunggung Arah Utara,JTM-JL-GALUNGGUNG-ARAH-UTARA,Jawa Timur,Kota Malang,KLOJEN,,"Jl. Galunggung No.74, Gading Kasri, Kec. Klojen, Kota Malang, Jawa Timur 65115, Indonesia",-7.9669408157606,112.61355573485,exact,malangkota,Portal CCTV Kota Malang (Diskominfo Kota Malang),https://cctv.malangkota.go.id/sebaran-cctv,Pemerintah Kota Malang,OFFICIAL_PORTAL,HLS,https://cctv.malangkota.go.id/cctv-stream/streams/710655546702615517203062.m3u8,https://cctv.malangkota.go.id/sebaran-cctv,710655546702615517203062,ONLINE,2026-09-04T00:20:23+07:00,Asia/Jakarta,Public monitoring feed,Ditayangkan publik oleh Pemkot Malang untuk pantauan lalu lintas. Tidak untuk redistribusi ulang tanpa izin.,0.95,
de725e8e655d3a69,Jl. Galunggung Arah Utara,JTM-JL-GALUNGGUNG-ARAH-UTARA,Jawa Timur,Kota Malang,KLOJEN,,"Jl. Dieng No.32, Gading Kasri, Kec. Klojen, Kota Malang, Jawa Timur 65115, Indonesia",-7.9729859379202,112.6131400908,exact,malangkota,Portal CCTV Kota Malang (Diskominfo Kota Malang),https://cctv.malangkota.go.id/sebaran-cctv,Pemerintah Kota Malang,OFFICIAL_PORTAL,HLS,https://cctv.malangkota.go.id/cctv-stream/streams/564510132783646943412082.m3u8,https://cctv.malangkota.go.id/sebaran-cctv,564510132783646943412082,ONLINE,2026-09-04T00:20:24+07:00,Asia/Jakarta,Public monitoring feed,Ditayangkan publik oleh Pemkot Malang untuk pantauan lalu lintas. Tidak untuk redistribusi ulang tanpa izin.,0.95,
a013f8b9f5eb3cc7,Jl. Galungung Arah Selatan,JTM-JL-GALUNGUNG-ARAH-SELATA,Jawa Timur,Kota Malang,KLOJEN,,"Jl. Galunggung No.58g, Gading Kasri, Kec. Klojen, Kota Malang, Jawa Timur 65115, Indonesia",-7.9674016151997,112.61350948649,exact,malangkota,Portal CCTV Kota Malang (Diskominfo Kota Malang),https://cctv.malangkota.go.id/sebaran-cctv,Pemerintah Kota Malang,OFFICIAL_PORTAL,HLS,https://cctv.malangkota.go.id/cctv-stream/streams/889779720689036295934998.m3u8,https://cctv.malangkota.go.id/sebaran-cctv,889779720689036295934998,ONLINE,2026-09-04T00:20:20+07:00,Asia/Jakarta,Public monitoring feed,Ditayangkan publik oleh Pemkot Malang untuk pantauan lalu lintas. Tidak untuk redistribusi ulang tanpa izin.,0.95,
c3cc238cb3eb60f9,Jl. Gatot Subroto Arah Selatan,JTM-JL-GATOT-SUBROTO-ARAH-SE,Jawa Timur,Kota Malang,BLIMBING,,"Indiana Guna Aneka Warna, Kesatrian, Kec. Blimbing, Kota Malang, Jawa Timur, Indonesia",-7.9809990571082,112.63789356981,exact,malangkota,Portal CCTV Kota Malang (Diskominfo Kota Malang),https://cctv.malangkota.go.id/sebaran-cctv,Pemerintah Kota Malang,OFFICIAL_PORTAL,HLS,https://cctv.malangkota.go.id/cctv-stream/streams/239025669818857831915521.m3u8,https://cctv.malangkota.go.id/sebaran-cctv,239025669818857831915521,ONLINE,2026-09-04T00:20:12+07:00,Asia/Jakarta,Public monitoring feed,Ditayangkan publik oleh Pemkot Malang untuk pantauan lalu lintas. Tidak untuk redistribusi ulang tanpa izin.,0.95,
fca4988186419b48,Jl. Gatot Subroto Arah Selatan,JTM-JL-GATOT-SUBROTO-ARAH-SE,Jawa Timur,Kota Malang,BLIMBING,,"Jl. Gatot Subroto No.38, Jodipan, Kec. Blimbing, Kota Malang, Jawa Timur 65118, Indonesia",-7.9832088702797,112.63701272616,exact,malangkota,Portal CCTV Kota Malang (Diskominfo Kota Malang),https://cctv.malangkota.go.id/sebaran-cctv,Pemerintah Kota Malang,OFFICIAL_PORTAL,HLS,https://cctv.malangkota.go.id/cctv-stream/streams/192101052696608982929523.m3u8,https://cctv.malangkota.go.id/sebaran-cctv,192101052696608982929523,ONLINE,2026-09-04T00:20:12+07:00,Asia/Jakarta,Public monitoring feed,Ditayangkan publik oleh Pemkot Malang untuk pantauan lalu lintas. Tidak untuk redistribusi ulang tanpa izin.,0.95,
35c3aa2cfddbbb1a,Jl. Gatot Subroto Arah Utara,JTM-JL-GATOT-SUBROTO-ARAH-UT,Jawa Timur,Kota Malang,KLOJEN,,"Jl. Pasar Besar No.167, Sukoharjo, Kec. Klojen, Kota Malang, Jawa Timur 65118, Indonesia",-7.9870238760987,112.63572782514,exact,malangkota,Portal CCTV Kota Malang (Diskominfo Kota Malang),https://cctv.malangkota.go.id/sebaran-cctv,Pemerintah Kota Malang,OFFICIAL_PORTAL,HLS,https://cctv.malangkota.go.id/cctv-stream/streams/938035466891117643541014.m3u8,https://cctv.malangkota.go.id/sebaran-cctv,938035466891117643541014,ONLINE,2026-09-04T00:20:20+07:00,Asia/Jakarta,Public monitoring feed,Ditayangkan publik oleh Pemkot Malang untuk pantauan lalu lintas. Tidak untuk redistribusi ulang tanpa izin.,0.95,
991f9c7c65f4c772,Jl. Gatot Subroto Arah Utara (Jembatan Brantas),JTM-JL-GATOT-SUBROTO-ARAH-UT,Jawa Timur,Kota Malang,BLIMBING,,"Jl. Gatot Subroto No.1, Jodipan, Kec. Blimbing, Kota Malang, Jawa Timur 65118, Indonesia",-7.9829624402492,112.63707992976,exact,malangkota,Portal CCTV Kota Malang (Diskominfo Kota Malang),https://cctv.malangkota.go.id/sebaran-cctv,Pemerintah Kota Malang,OFFICIAL_PORTAL,HLS,https://cctv.malangkota.go.id/cctv-stream/streams/717880005188495257691864.m3u8,https://cctv.malangkota.go.id/sebaran-cctv,717880005188495257691864,ONLINE,2026-09-04T00:20:14+07:00,Asia/Jakarta,Public monitoring feed,Ditayangkan publik oleh Pemkot Malang untuk pantauan lalu lintas. Tidak untuk redistribusi ulang tanpa izin.,0.95,
59838f9a443b7ffe,Jl. Gribig Arah Utara (Jembatan),JTM-JL-GRIBIG-ARAH-UTARA-JEM,Jawa Timur,Kota Malang,KEDUNGKANDANG,,"Jl. Mayjen Sungkono No.38, Kedungkandang, Kec. Kedungkandang, Kota Malang, Jawa Timur 65136, Indonesia",-7.9940003315615,112.64773556238,exact,malangkota,Portal CCTV Kota Malang (Diskominfo Kota Malang),https://cctv.malangkota.go.id/sebaran-cctv,Pemerintah Kota Malang,OFFICIAL_PORTAL,HLS,https://cctv.malangkota.go.id/cctv-stream/streams/397487832387359645963672.m3u8,https://cctv.malangkota.go.id/sebaran-cctv,397487832387359645963672,ONLINE,2026-09-04T00:20:28+07:00,Asia/Jakarta,Public monitoring feed,Ditayangkan publik oleh Pemkot Malang untuk pantauan lalu lintas. Tidak untuk redistribusi ulang tanpa izin.,0.95,
cfd094594e4a4c65,Jl. Halmahera Arah Selatan,JTM-JL-HALMAHERA-ARAH-SELATA,Jawa Timur,Kota Malang,SUKUN,,"Jl. Halmahera No.56, Ciptomulyo, Kec. Sukun, Kota Malang, Jawa Timur 65117, Indonesia",-7.992390350705,112.62829070372,exact,malangkota,Portal CCTV Kota Malang (Diskominfo Kota Malang),https://cctv.malangkota.go.id/sebaran-cctv,Pemerintah Kota Malang,OFFICIAL_PORTAL,HLS,https://cctv.malangkota.go.id/cctv-stream/streams/836708782306919156448722.m3u8,https://cctv.malangkota.go.id/sebaran-cctv,836708782306919156448722,ONLINE,2026-09-04T00:20:28+07:00,Asia/Jakarta,Public monitoring feed,Ditayangkan publik oleh Pemkot Malang untuk pantauan lalu lintas. Tidak untuk redistribusi ulang tanpa izin.,0.95,
c5fc9b07dc9be4d3,Jl. Halmahera Arah Selatan,JTM-JL-HALMAHERA-ARAH-SELATA,Jawa Timur,Kota Malang,SUKUN,,"Jl. Halmahera No.9, Ciptomulyo, Kec. Sukun, Kota Malang, Jawa Timur 65117, Indonesia",-7.9912448241828,112.6287927154,exact,malangkota,Portal CCTV Kota Malang (Diskominfo Kota Malang),https://cctv.malangkota.go.id/sebaran-cctv,Pemerintah Kota Malang,OFFICIAL_PORTAL,HLS,https://cctv.malangkota.go.id/cctv-stream/streams/858976621501627801724527.m3u8,https://cctv.malangkota.go.id/sebaran-cctv,858976621501627801724527,ONLINE,2026-09-04T00:20:29+07:00,Asia/Jakarta,Public monitoring feed,Ditayangkan publik oleh Pemkot Malang untuk pantauan lalu lintas. Tidak untuk redistribusi ulang tanpa izin.,0.95,
03702a4ffe870586,Jl. Hamid Rusdi Arah Barat,JTM-JL-HAMID-RUSDI-ARAH-BARA,Jawa Timur,Kota Malang,BLIMBING,,"Jl. Hamid Rusdi Tim. No.317, Bunulrejo, Kec. Blimbing, Kota Malang, Jawa Timur 65126, Indonesia",-7.9731487192918,112.64635676426,exact,malangkota,Portal CCTV Kota Malang (Diskominfo Kota Malang),https://cctv.malangkota.go.id/sebaran-cctv,Pemerintah Kota Malang,OFFICIAL_PORTAL,HLS,https://cctv.malangkota.go.id/cctv-stream/streams/760985375028014640425523.m3u8,https://cctv.malangkota.go.id/sebaran-cctv,760985375028014640425523,ONLINE,2026-09-04T00:20:11+07:00,Asia/Jakarta,Public monitoring feed,Ditayangkan publik oleh Pemkot Malang untuk pantauan lalu lintas. Tidak untuk redistribusi ulang tanpa izin.,0.95,
73bcfe35d6c42a85,Jl. Hasyim Ashari Arah Selatan,JTM-JL-HASYIM-ASHARI-ARAH-SE,Jawa Timur,Kota Malang,KLOJEN,,Jl. Hasyim Ashari Arah Selatan,-7.98100091568454,112.62764875379338,exact,malangkota,Portal CCTV Kota Malang (Diskominfo Kota Malang),https://cctv.malangkota.go.id/sebaran-cctv,Pemerintah Kota Malang,OFFICIAL_PORTAL,HLS,https://cctv.malangkota.go.id/cctv-stream/streams/584894580391537462827774.m3u8,https://cctv.malangkota.go.id/sebaran-cctv,584894580391537462827774,ONLINE,2026-09-04T00:20:20+07:00,Asia/Jakarta,Public monitoring feed,Ditayangkan publik oleh Pemkot Malang untuk pantauan lalu lintas. Tidak untuk redistribusi ulang tanpa izin.,0.95,
adc5a161d08130ee,Jl. Husni Tamrin Arah Utara,JTM-JL-HUSNI-TAMRIN-ARAH-UTA,Jawa Timur,Kota Malang,KLOJEN,,"Jl. Patimura No.22, Klojen, Kec. Klojen, Kota Malang, Jawa Timur 65111, Indonesia",-7.9731576817215,112.63460322804,exact,malangkota,Portal CCTV Kota Malang (Diskominfo Kota Malang),https://cctv.malangkota.go.id/sebaran-cctv,Pemerintah Kota Malang,OFFICIAL_PORTAL,HLS,https://cctv.malangkota.go.id/cctv-stream/streams/824468526355652946351265.m3u8,https://cctv.malangkota.go.id/sebaran-cctv,824468526355652946351265,ONLINE,2026-09-04T00:20:20+07:00,Asia/Jakarta,Public monitoring feed,Ditayangkan publik oleh Pemkot Malang untuk pantauan lalu lintas. Tidak untuk redistribusi ulang tanpa izin.,0.95,
b728d1b0b005f07e,Jl. Ijen Arah Selatan,JTM-JL-IJEN-ARAH-SELATAN,Jawa Timur,Kota Malang,KLOJEN,,"3, Apotek Kimia Farma, Jl. Besar Ijen No.88, Oro-oro Dowo, Kec. Klojen, Kota Malang, Jawa Timur 65119, Indonesia",-7.9635130965252,112.62538075902,exact,malangkota,Portal CCTV Kota Malang (Diskominfo Kota Malang),https://cctv.malangkota.go.id/sebaran-cctv,Pemerintah Kota Malang,OFFICIAL_PORTAL,HLS,https://cctv.malangkota.go.id/cctv-stream/streams/742158442433359267079827.m3u8,https://cctv.malangkota.go.id/sebaran-cctv,742158442433359267079827,ONLINE,2026-09-04T00:20:19+07:00,Asia/Jakarta,Public monitoring feed,Ditayangkan publik oleh Pemkot Malang untuk pantauan lalu lintas. Tidak untuk redistribusi ulang tanpa izin.,0.95,
543890aa4734a2ea,Jl. Ijen Arah Selatan,JTM-JL-IJEN-ARAH-SELATAN,Jawa Timur,Kota Malang,KLOJEN,,"Jl. Buring No.60, RW.3, Oro-oro Dowo, Kec. Klojen, Kota Malang, Jawa Timur 65112, Indonesia",-7.9687934770834,112.62392151894,exact,malangkota,Portal CCTV Kota Malang (Diskominfo Kota Malang),https://cctv.malangkota.go.id/sebaran-cctv,Pemerintah Kota Malang,OFFICIAL_PORTAL,HLS,https://cctv.malangkota.go.id/cctv-stream/streams/735506210316890709562691.m3u8,https://cctv.malangkota.go.id/sebaran-cctv,735506210316890709562691,ONLINE,2026-09-04T00:20:21+07:00,Asia/Jakarta,Public monitoring feed,Ditayangkan publik oleh Pemkot Malang untuk pantauan lalu lintas. Tidak untuk redistribusi ulang tanpa izin.,0.95,
7c9eb29418d36dd8,Jl. Ijen Arah Selatan (Simpang Balapan),JTM-JL-IJEN-ARAH-SELATAN-SIM,Jawa Timur,Kota Malang,KLOJEN,,"Jl. Simpang Balapan No.1, Oro-oro Dowo, Kec. Klojen, Kota Malang, Jawa Timur 65119, Indonesia",-7.9654473106679,112.62526334093,exact,malangkota,Portal CCTV Kota Malang (Diskominfo Kota Malang),https://cctv.malangkota.go.id/sebaran-cctv,Pemerintah Kota Malang,OFFICIAL_PORTAL,HLS,https://cctv.malangkota.go.id/cctv-stream/streams/383651772119550945722301.m3u8,https://cctv.malangkota.go.id/sebaran-cctv,383651772119550945722301,ONLINE,2026-09-04T00:20:16+07:00,Asia/Jakarta,Public monitoring feed,Ditayangkan publik oleh Pemkot Malang untuk pantauan lalu lintas. Tidak untuk redistribusi ulang tanpa izin.,0.95,
f32f47f61da26569,Jl. Ijen Arah Utara,JTM-JL-IJEN-ARAH-UTARA,Jawa Timur,Kota Malang,KLOJEN,,"Jl. Kawi No.46, Gading Kasri, Kec. Klojen, Kota Malang, Jawa Timur 65116, Indonesia",-7.9755911663497,112.62072907383,exact,malangkota,Portal CCTV Kota Malang (Diskominfo Kota Malang),https://cctv.malangkota.go.id/sebaran-cctv,Pemerintah Kota Malang,OFFICIAL_PORTAL,HLS,https://cctv.malangkota.go.id/cctv-stream/streams/467561291886570342820693.m3u8,https://cctv.malangkota.go.id/sebaran-cctv,467561291886570342820693,ONLINE,2026-09-04T00:20:15+07:00,Asia/Jakarta,Public monitoring feed,Ditayangkan publik oleh Pemkot Malang untuk pantauan lalu lintas. Tidak untuk redistribusi ulang tanpa izin.,0.95,
6202f5bb67619471,Jl. Ijen Arah Utara,JTM-JL-IJEN-ARAH-UTARA,Jawa Timur,Kota Malang,KLOJEN,,"JL Ijen, No 90-92, Oro-oro Dowo, Kec. Klojen, Kota Malang, Jawa Timur 65119, Indonesia",-7.9687423955713,112.623686703,exact,malangkota,Portal CCTV Kota Malang (Diskominfo Kota Malang),https://cctv.malangkota.go.id/sebaran-cctv,Pemerintah Kota Malang,OFFICIAL_PORTAL,HLS,https://cctv.malangkota.go.id/cctv-stream/streams/408386140723144623861301.m3u8,https://cctv.malangkota.go.id/sebaran-cctv,408386140723144623861301,ONLINE,2026-09-04T00:20:19+07:00,Asia/Jakarta,Public monitoring feed,Ditayangkan publik oleh Pemkot Malang untuk pantauan lalu lintas. Tidak untuk redistribusi ulang tanpa izin.,0.95,
b101642a8fc00cab,Jl. Ijen Arah Utara,JTM-JL-IJEN-ARAH-UTARA,Jawa Timur,Kota Malang,KLOJEN,,"Jl. Besar Ijen No.30a, Oro-oro Dowo, Kec. Klojen, Kota Malang, Jawa Timur, Indonesia",-7.9720342789587,112.62187618007,exact,malangkota,Portal CCTV Kota Malang (Diskominfo Kota Malang),https://cctv.malangkota.go.id/sebaran-cctv,Pemerintah Kota Malang,OFFICIAL_PORTAL,HLS,https://cctv.malangkota.go.id/cctv-stream/streams/627129209468594400740829.m3u8,https://cctv.malangkota.go.id/sebaran-cctv,627129209468594400740829,ONLINE,2026-09-04T00:20:21+07:00,Asia/Jakarta,Public monitoring feed,Ditayangkan publik oleh Pemkot Malang untuk pantauan lalu lintas. Tidak untuk redistribusi ulang tanpa izin.,0.95,
98ed47fb1a157c1d,Jl. Ijen Arah Utara (Poltekes),JTM-JL-IJEN-ARAH-UTARA-POLTE,Jawa Timur,Kota Malang,KLOJEN,,"Politeknik Kesehatan Kemenkes Malang, Oro-oro Dowo, Kec. Klojen, Kota Malang, Jawa Timur, Indonesia",-7.9655728222683,112.62486253928,exact,malangkota,Portal CCTV Kota Malang (Diskominfo Kota Malang),https://cctv.malangkota.go.id/sebaran-cctv,Pemerintah Kota Malang,OFFICIAL_PORTAL,HLS,https://cctv.malangkota.go.id/cctv-stream/streams/098343692068108583411220.m3u8,https://cctv.malangkota.go.id/sebaran-cctv,098343692068108583411220,ONLINE,2026-09-04T00:20:18+07:00,Asia/Jakarta,Public monitoring feed,Ditayangkan publik oleh Pemkot Malang untuk pantauan lalu lintas. Tidak untuk redistribusi ulang tanpa izin.,0.95,
fa563ad209f223fe,Jl. Jaksa Agung Suprapto Arah Selatan,JTM-JL-JAKSA-AGUNG-SUPRAPTO-,Jawa Timur,Kota Malang,KLOJEN,,"Jl. Jaksa Agung Suprapto No.19b, Klojen, Kec. Klojen, Kota Malang, Jawa Timur 65112, Indonesia",-7.9726039540491,112.63081703466,exact,malangkota,Portal CCTV Kota Malang (Diskominfo Kota Malang),https://cctv.malangkota.go.id/sebaran-cctv,Pemerintah Kota Malang,OFFICIAL_PORTAL,HLS,https://cctv.malangkota.go.id/cctv-stream/streams/655224432137058620115166.m3u8,https://cctv.malangkota.go.id/sebaran-cctv,655224432137058620115166,ONLINE,2026-09-04T00:20:21+07:00,Asia/Jakarta,Public monitoring feed,Ditayangkan publik oleh Pemkot Malang untuk pantauan lalu lintas. Tidak untuk redistribusi ulang tanpa izin.,0.95,
9c5445e1e13c1adc,Jl. Jaksa Agung Suprapto Arah Timur,JTM-JL-JAKSA-AGUNG-SUPRAPTO-,Jawa Timur,Kota Malang,KLOJEN,,"Jl. Jaksa Agung Suprapto No.72AB, Rampal Celaket, Kec. Klojen, Kota Malang, Jawa Timur 65112, Indonesia",-7.9647753636826,112.63479507623,exact,malangkota,Portal CCTV Kota Malang (Diskominfo Kota Malang),https://cctv.malangkota.go.id/sebaran-cctv,Pemerintah Kota Malang,OFFICIAL_PORTAL,HLS,https://cctv.malangkota.go.id/cctv-stream/streams/660120947895309721081787.m3u8,https://cctv.malangkota.go.id/sebaran-cctv,660120947895309721081787,ONLINE,2026-09-04T00:20:17+07:00,Asia/Jakarta,Public monitoring feed,Ditayangkan publik oleh Pemkot Malang untuk pantauan lalu lintas. Tidak untuk redistribusi ulang tanpa izin.,0.95,
1d865699a6056cf5,Jl. Jaksa Agung Suprapto Arah Utara,JTM-JL-JAKSA-AGUNG-SUPRAPTO-,Jawa Timur,Kota Malang,KLOJEN,,"Jl. Jaksa Agung Suprapto Dalam Rw. 06 No.11, RT.06, Klojen, Kec. Klojen, Kota Malang, Jawa Timur 65112, Indonesia",-7.972844347692,112.63074021452,exact,malangkota,Portal CCTV Kota Malang (Diskominfo Kota Malang),https://cctv.malangkota.go.id/sebaran-cctv,Pemerintah Kota Malang,OFFICIAL_PORTAL,HLS,https://cctv.malangkota.go.id/cctv-stream/streams/092075042505129095657722.m3u8,https://cctv.malangkota.go.id/sebaran-cctv,092075042505129095657722,ONLINE,2026-09-04T00:20:18+07:00,Asia/Jakarta,Public monitoring feed,Ditayangkan publik oleh Pemkot Malang untuk pantauan lalu lintas. Tidak untuk redistribusi ulang tanpa izin.,0.95,
4a54fa0a581a09db,Jl. Jaksa Agung Suprapto Arah Utara,JTM-JL-JAKSA-AGUNG-SUPRAPTO-,Jawa Timur,Kota Malang,KLOJEN,,"Jl. Brigjend Slamet Riadi No.2a, Oro-oro Dowo, Kec. Klojen, Kota Malang, Jawa Timur 65119, Indonesia",-7.974189093092,112.6298633605,exact,malangkota,Portal CCTV Kota Malang (Diskominfo Kota Malang),https://cctv.malangkota.go.id/sebaran-cctv,Pemerintah Kota Malang,OFFICIAL_PORTAL,HLS,https://cctv.malangkota.go.id/cctv-stream/streams/395810883923327543094739.m3u8,https://cctv.malangkota.go.id/sebaran-cctv,395810883923327543094739,ONLINE,2026-09-04T00:20:24+07:00,Asia/Jakarta,Public monitoring feed,Ditayangkan publik oleh Pemkot Malang untuk pantauan lalu lintas. Tidak untuk redistribusi ulang tanpa izin.,0.95,
398408ca4f765341,Jl. Janti Barat Arah Timur,JTM-JL-JANTI-BARAT-ARAH-TIMU,Jawa Timur,Kota Malang,SUKUN,,"Jl. S. Supriadi No.46, Bandungrejosari, Kec. Sukun, Kota Malang, Jawa Timur 65147, Indonesia",-8.0004348388294,112.61820046456,exact,malangkota,Portal CCTV Kota Malang (Diskominfo Kota Malang),https://cctv.malangkota.go.id/sebaran-cctv,Pemerintah Kota Malang,OFFICIAL_PORTAL,HLS,https://cctv.malangkota.go.id/cctv-stream/streams/171077206204474544672476.m3u8,https://cctv.malangkota.go.id/sebaran-cctv,171077206204474544672476,ONLINE,2026-09-04T00:20:28+07:00,Asia/Jakarta,Public monitoring feed,Ditayangkan publik oleh Pemkot Malang untuk pantauan lalu lintas. Tidak untuk redistribusi ulang tanpa izin.,0.95,
1c7212cf7dc17d17,Jl. Jenderal Sudirman Arah Barat,JTM-JL-JENDERAL-SUDIRMAN-ARA,Jawa Timur,Kota Malang,KLOJEN,,"Halte WR Supratman, Rampal Celaket, Kec. Klojen, Kota Malang, Jawa Timur, Indonesia",-7.9668162894629,112.63841239235,exact,malangkota,Portal CCTV Kota Malang (Diskominfo Kota Malang),https://cctv.malangkota.go.id/sebaran-cctv,Pemerintah Kota Malang,OFFICIAL_PORTAL,HLS,https://cctv.malangkota.go.id/cctv-stream/streams/855876619782149417527265.m3u8,https://cctv.malangkota.go.id/sebaran-cctv,855876619782149417527265,ONLINE,2026-09-04T00:20:21+07:00,Asia/Jakarta,Public monitoring feed,Ditayangkan publik oleh Pemkot Malang untuk pantauan lalu lintas. Tidak untuk redistribusi ulang tanpa izin.,0.95,
5eaa7f67ec987edb,Jl. Jendral Sudirman Arah Selatan (smpn 5),JTM-JL-JENDRAL-SUDIRMAN-ARAH,Jawa Timur,Kota Malang,KLOJEN,,"Jl. Panglima Sudirman Utara No.38, Rampal Celaket, Kec. Klojen, Kota Malang, Jawa Timur 65111, Indonesia",-7.9675634227276,112.6383922785,exact,malangkota,Portal CCTV Kota Malang (Diskominfo Kota Malang),https://cctv.malangkota.go.id/sebaran-cctv,Pemerintah Kota Malang,OFFICIAL_PORTAL,HLS,https://cctv.malangkota.go.id/cctv-stream/streams/054856199643889577039217.m3u8,https://cctv.malangkota.go.id/sebaran-cctv,054856199643889577039217,ONLINE,2026-09-04T00:20:20+07:00,Asia/Jakarta,Public monitoring feed,Ditayangkan publik oleh Pemkot Malang untuk pantauan lalu lintas. Tidak untuk redistribusi ulang tanpa izin.,0.95,
766cf5c1094187ba,Jl. Juanda Arah Timur,JTM-JL-JUANDA-ARAH-TIMUR,Jawa Timur,Kota Malang,BLIMBING,,"Jl. Ir. H. Juanda No.1b, Jodipan, Kec. Blimbing, Kota Malang, Jawa Timur 65126, Indonesia",-7.9832375841373,112.63715869748,exact,malangkota,Portal CCTV Kota Malang (Diskominfo Kota Malang),https://cctv.malangkota.go.id/sebaran-cctv,Pemerintah Kota Malang,OFFICIAL_PORTAL,HLS,https://cctv.malangkota.go.id/cctv-stream/streams/121335965337329637078039.m3u8,https://cctv.malangkota.go.id/sebaran-cctv,121335965337329637078039,ONLINE,2026-09-04T00:20:10+07:00,Asia/Jakarta,Public monitoring feed,Ditayangkan publik oleh Pemkot Malang untuk pantauan lalu lintas. Tidak untuk redistribusi ulang tanpa izin.,0.95,
748ac2557632fafd,Jl. Juanda Arah Utara,JTM-JL-JUANDA-ARAH-UTARA,Jawa Timur,Kota Malang,BLIMBING,,"Jl. Muharto No.1, Jodipan, Kec. Blimbing, Kota Malang, Jawa Timur 65119, Indonesia",-7.9887376059222,112.63890588448,exact,malangkota,Portal CCTV Kota Malang (Diskominfo Kota Malang),https://cctv.malangkota.go.id/sebaran-cctv,Pemerintah Kota Malang,OFFICIAL_PORTAL,HLS,https://cctv.malangkota.go.id/cctv-stream/streams/247723564512685003488446.m3u8,https://cctv.malangkota.go.id/sebaran-cctv,247723564512685003488446,ONLINE,2026-09-04T00:20:15+07:00,Asia/Jakarta,Public monitoring feed,Ditayangkan publik oleh Pemkot Malang untuk pantauan lalu lintas. Tidak untuk redistribusi ulang tanpa izin.,0.95,
bd5805cd232379dd,Jl. Jupri Arah Barat,JTM-JL-JUPRI-ARAH-BARAT,Jawa Timur,Kota Malang,SUKUN,,"Jl. Jupri No.621, Tanjungrejo, Kec. Sukun, Kota Malang, Jawa Timur 65147, Indonesia",-7.9835724656652,112.6141778857,exact,malangkota,Portal CCTV Kota Malang (Diskominfo Kota Malang),https://cctv.malangkota.go.id/sebaran-cctv,Pemerintah Kota Malang,OFFICIAL_PORTAL,HLS,https://cctv.malangkota.go.id/cctv-stream/streams/425250660135490708615779.m3u8,https://cctv.malangkota.go.id/sebaran-cctv,425250660135490708615779,ONLINE,2026-09-04T00:20:28+07:00,Asia/Jakarta,Public monitoring feed,Ditayangkan publik oleh Pemkot Malang untuk pantauan lalu lintas. Tidak untuk redistribusi ulang tanpa izin.,0.95,
dcf1df0d816dc4df,Jl. KH Ahmad Dahlan Arah Timur,JTM-JL-KH-AHMAD-DAHLAN-ARAH-,Jawa Timur,Kota Malang,KLOJEN,,"Jl. KH Ahmad Dahlan No.2 no.568, Sukoharjo, Kec. Klojen, Kota Malang, Jawa Timur 65118, Indonesia",-7.9844351061273,112.63407770918,exact,malangkota,Portal CCTV Kota Malang (Diskominfo Kota Malang),https://cctv.malangkota.go.id/sebaran-cctv,Pemerintah Kota Malang,OFFICIAL_PORTAL,HLS,https://cctv.malangkota.go.id/cctv-stream/streams/422383028253759413095916.m3u8,https://cctv.malangkota.go.id/sebaran-cctv,422383028253759413095916,ONLINE,2026-09-04T00:20:19+07:00,Asia/Jakarta,Public monitoring feed,Ditayangkan publik oleh Pemkot Malang untuk pantauan lalu lintas. Tidak untuk redistribusi ulang tanpa izin.,0.95,
b17260ee9372e943,Jl. KH. Hasyim Ashari Arah Selatan,JTM-JL-KH-HASYIM-ASHARI-ARAH,Jawa Timur,Kota Malang,KLOJEN,,"Gg. VI No.20, Kauman, Kec. Klojen, Kota Malang, Jawa Timur 65119, Indonesia",-7.9826879471469,112.62682418555,exact,malangkota,Portal CCTV Kota Malang (Diskominfo Kota Malang),https://cctv.malangkota.go.id/sebaran-cctv,Pemerintah Kota Malang,OFFICIAL_PORTAL,HLS,https://cctv.malangkota.go.id/cctv-stream/streams/171664895247859983097279.m3u8,https://cctv.malangkota.go.id/sebaran-cctv,171664895247859983097279,ONLINE,2026-09-04T00:20:17+07:00,Asia/Jakarta,Public monitoring feed,Ditayangkan publik oleh Pemkot Malang untuk pantauan lalu lintas. Tidak untuk redistribusi ulang tanpa izin.,0.95,
cfd3b5fa522b2275,Jl. KH. Hasyim Ashari Arah Utara,JTM-JL-KH-HASYIM-ASHARI-ARAH,Jawa Timur,Kota Malang,KLOJEN,,"Jl. K.H. Hasyim Ashari No.16, Kauman, Kec. Klojen, Kota Malang, Jawa Timur 65119, Indonesia",-7.9822871253877,112.62695060708,exact,malangkota,Portal CCTV Kota Malang (Diskominfo Kota Malang),https://cctv.malangkota.go.id/sebaran-cctv,Pemerintah Kota Malang,OFFICIAL_PORTAL,HLS,https://cctv.malangkota.go.id/cctv-stream/streams/406217477871280304673887.m3u8,https://cctv.malangkota.go.id/sebaran-cctv,406217477871280304673887,ONLINE,2026-09-04T00:20:21+07:00,Asia/Jakarta,Public monitoring feed,Ditayangkan publik oleh Pemkot Malang untuk pantauan lalu lintas. Tidak untuk redistribusi ulang tanpa izin.,0.95,
3e8357c6db37e55e,Jl. Kahuripan Arah Timur,JTM-JL-KAHURIPAN-ARAH-TIMUR,Jawa Timur,Kota Malang,KLOJEN,,"Jl. Jenderal Basuki Rahmat No.64A, RW.3, Kauman, Kec. Klojen, Kota Malang, Jawa Timur 65119, Indonesia",-7.9764020923109,112.62954323459,exact,malangkota,Portal CCTV Kota Malang (Diskominfo Kota Malang),https://cctv.malangkota.go.id/sebaran-cctv,Pemerintah Kota Malang,OFFICIAL_PORTAL,HLS,https://cctv.malangkota.go.id/cctv-stream/streams/994477999826297213214297.m3u8,https://cctv.malangkota.go.id/sebaran-cctv,994477999826297213214297,ONLINE,2026-09-04T00:20:20+07:00,Asia/Jakarta,Public monitoring feed,Ditayangkan publik oleh Pemkot Malang untuk pantauan lalu lintas. Tidak untuk redistribusi ulang tanpa izin.,0.95,
e6f125c43772bd8c,Jl. Kalpataru Arah Barat,JTM-JL-KALPATARU-ARAH-BARAT,Jawa Timur,Kota Malang,LOWOKWARU,,"Jl. Kalpataru No.20, RW.02, Jatimulyo, Kec. Lowokwaru, Kota Malang, Jawa Timur 65141, Indonesia",-7.9507950091217,112.6314669223,exact,malangkota,Portal CCTV Kota Malang (Diskominfo Kota Malang),https://cctv.malangkota.go.id/sebaran-cctv,Pemerintah Kota Malang,OFFICIAL_PORTAL,HLS,https://cctv.malangkota.go.id/cctv-stream/streams/553368650971977610920123.m3u8,https://cctv.malangkota.go.id/sebaran-cctv,553368650971977610920123,ONLINE,2026-09-04T00:20:30+07:00,Asia/Jakarta,Public monitoring feed,Ditayangkan publik oleh Pemkot Malang untuk pantauan lalu lintas. Tidak untuk redistribusi ulang tanpa izin.,0.95,
8e6ca2cac9c8f36c,Jl. Kauman Arah Timur,JTM-JL-KAUMAN-ARAH-TIMUR,Jawa Timur,Kota Malang,KLOJEN,,"Jl. K.H. Hasyim Ashari No.9a, Kauman, Kec. Klojen, Kota Malang, Jawa Timur 65119, Indonesia",-7.9825136778617,112.62700689146,exact,malangkota,Portal CCTV Kota Malang (Diskominfo Kota Malang),https://cctv.malangkota.go.id/sebaran-cctv,Pemerintah Kota Malang,OFFICIAL_PORTAL,HLS,https://cctv.malangkota.go.id/cctv-stream/streams/913339812782937126202419.m3u8,https://cctv.malangkota.go.id/sebaran-cctv,913339812782937126202419,ONLINE,2026-09-04T00:20:20+07:00,Asia/Jakarta,Public monitoring feed,Ditayangkan publik oleh Pemkot Malang untuk pantauan lalu lintas. Tidak untuk redistribusi ulang tanpa izin.,0.95,
e109871e49e39b56,Jl. Kawi Arah Barat,JTM-JL-KAWI-ARAH-BARAT,Jawa Timur,Kota Malang,KLOJEN,,"Jl. Bareng Kartini 3D No.194, Kauman, Kec. Klojen, Kota Malang, Jawa Timur 65116, Indonesia",-7.9781031395978,112.62377097938,exact,malangkota,Portal CCTV Kota Malang (Diskominfo Kota Malang),https://cctv.malangkota.go.id/sebaran-cctv,Pemerintah Kota Malang,OFFICIAL_PORTAL,HLS,https://cctv.malangkota.go.id/cctv-stream/streams/494044159463642643864378.m3u8,https://cctv.malangkota.go.id/sebaran-cctv,494044159463642643864378,ONLINE,2026-09-04T00:20:17+07:00,Asia/Jakarta,Public monitoring feed,Ditayangkan publik oleh Pemkot Malang untuk pantauan lalu lintas. Tidak untuk redistribusi ulang tanpa izin.,0.95,
cede0566dc96b2a2,Jl. Kawi Arah Barat,JTM-JL-KAWI-ARAH-BARAT,Jawa Timur,Kota Malang,KLOJEN,,Jl. Kawi Arah Barat,-7.9808202773976085,112.62762728831831,exact,malangkota,Portal CCTV Kota Malang (Diskominfo Kota Malang),https://cctv.malangkota.go.id/sebaran-cctv,Pemerintah Kota Malang,OFFICIAL_PORTAL,HLS,https://cctv.malangkota.go.id/cctv-stream/streams/060929711024394280433963.m3u8,https://cctv.malangkota.go.id/sebaran-cctv,060929711024394280433963,ONLINE,2026-09-04T00:20:20+07:00,Asia/Jakarta,Public monitoring feed,Ditayangkan publik oleh Pemkot Malang untuk pantauan lalu lintas. Tidak untuk redistribusi ulang tanpa izin.,0.95,
ec031d0aab592e3f,Jl. Kawi Arah Barat,JTM-JL-KAWI-ARAH-BARAT,Jawa Timur,Kota Malang,KLOJEN,,"Jl. Kawi No.46, Gading Kasri, Kec. Klojen, Kota Malang, Jawa Timur 65116, Indonesia",-7.9756429406335,112.62061926357,exact,malangkota,Portal CCTV Kota Malang (Diskominfo Kota Malang),https://cctv.malangkota.go.id/sebaran-cctv,Pemerintah Kota Malang,OFFICIAL_PORTAL,HLS,https://cctv.malangkota.go.id/cctv-stream/streams/322877538584592778525433.m3u8,https://cctv.malangkota.go.id/sebaran-cctv,322877538584592778525433,ONLINE,2026-09-04T00:20:24+07:00,Asia/Jakarta,Public monitoring feed,Ditayangkan publik oleh Pemkot Malang untuk pantauan lalu lintas. Tidak untuk redistribusi ulang tanpa izin.,0.95,
3c5f374d78e6f8c2,Jl. Kawi Arah Barat (BRI Kawi),JTM-JL-KAWI-ARAH-BARAT-BRI-K,Jawa Timur,Kota Malang,KLOJEN,,"Cabang Biro Perencanaan Dan Pengembangan Perusahaan, Kauman, Kec. Klojen, Kota Malang, Jawa Timur, Indonesia",-7.9798254151343,112.62608608785,exact,malangkota,Portal CCTV Kota Malang (Diskominfo Kota Malang),https://cctv.malangkota.go.id/sebaran-cctv,Pemerintah Kota Malang,OFFICIAL_PORTAL,HLS,https://cctv.malangkota.go.id/cctv-stream/streams/244729190133053856685781.m3u8,https://cctv.malangkota.go.id/sebaran-cctv,244729190133053856685781,ONLINE,2026-09-04T00:20:23+07:00,Asia/Jakarta,Public monitoring feed,Ditayangkan publik oleh Pemkot Malang untuk pantauan lalu lintas. Tidak untuk redistribusi ulang tanpa izin.,0.95,
9ee7250210c27074,Jl. Kawi Arah Timur,JTM-JL-KAWI-ARAH-TIMUR,Jawa Timur,Kota Malang,KLOJEN,,"Jl. Kawi No.46, Gading Kasri, Kec. Klojen, Kota Malang, Jawa Timur 65116, Indonesia",-7.9757838519385,112.62065559703,exact,malangkota,Portal CCTV Kota Malang (Diskominfo Kota Malang),https://cctv.malangkota.go.id/sebaran-cctv,Pemerintah Kota Malang,OFFICIAL_PORTAL,HLS,https://cctv.malangkota.go.id/cctv-stream/streams/642085663280892020139410.m3u8,https://cctv.malangkota.go.id/sebaran-cctv,642085663280892020139410,ONLINE,2026-09-04T00:20:20+07:00,Asia/Jakarta,Public monitoring feed,Ditayangkan publik oleh Pemkot Malang untuk pantauan lalu lintas. Tidak untuk redistribusi ulang tanpa izin.,0.95,
3291e7c189bcb256,Jl. Kawi Arah Timur (BRI Kawi),JTM-JL-KAWI-ARAH-TIMUR-BRI-K,Jawa Timur,Kota Malang,KLOJEN,,"Jl. Kawi No.7, Kauman, Kec. Klojen, Kota Malang, Jawa Timur 65119, Indonesia",-7.9799339704206,112.62621703132,exact,malangkota,Portal CCTV Kota Malang (Diskominfo Kota Malang),https://cctv.malangkota.go.id/sebaran-cctv,Pemerintah Kota Malang,OFFICIAL_PORTAL,HLS,https://cctv.malangkota.go.id/cctv-stream/streams/269060901340905226381917.m3u8,https://cctv.malangkota.go.id/sebaran-cctv,269060901340905226381917,ONLINE,2026-09-04T00:20:15+07:00,Asia/Jakarta,Public monitoring feed,Ditayangkan publik oleh Pemkot Malang untuk pantauan lalu lintas. Tidak untuk redistribusi ulang tanpa izin.,0.95,
83c90848d50292d5,Jl. Kawi Arah Timur (GKI Bromo),JTM-JL-KAWI-ARAH-TIMUR-GKI-B,Jawa Timur,Kota Malang,KLOJEN,,"Jl. Kawi No.11, RW.3, Kauman, Kec. Klojen, Kota Malang, Jawa Timur 65116, Indonesia",-7.97929323909,112.62533821228,exact,malangkota,Portal CCTV Kota Malang (Diskominfo Kota Malang),https://cctv.malangkota.go.id/sebaran-cctv,Pemerintah Kota Malang,OFFICIAL_PORTAL,HLS,https://cctv.malangkota.go.id/cctv-stream/streams/433161038569412405938175.m3u8,https://cctv.malangkota.go.id/sebaran-cctv,433161038569412405938175,ONLINE,2026-09-04T00:20:24+07:00,Asia/Jakarta,Public monitoring feed,Ditayangkan publik oleh Pemkot Malang untuk pantauan lalu lintas. Tidak untuk redistribusi ulang tanpa izin.,0.95,
bcbfdfbff0f73392,Jl. Kawi Arah Timur.,JTM-JL-KAWI-ARAH-TIMUR,Jawa Timur,Kota Malang,KLOJEN,,"Jalan kawi bawah 4 no 3A, Kauman, Klojen, Malang City, East Java 65116, Indonesia",-7.9782704417049,112.62397772459,exact,malangkota,Portal CCTV Kota Malang (Diskominfo Kota Malang),https://cctv.malangkota.go.id/sebaran-cctv,Pemerintah Kota Malang,OFFICIAL_PORTAL,HLS,https://cctv.malangkota.go.id/cctv-stream/streams/192932202274819493009134.m3u8,https://cctv.malangkota.go.id/sebaran-cctv,192932202274819493009134,ONLINE,2026-09-04T00:20:23+07:00,Asia/Jakarta,Public monitoring feed,Ditayangkan publik oleh Pemkot Malang untuk pantauan lalu lintas. Tidak untuk redistribusi ulang tanpa izin.,0.95,
9359a2080708641b,Jl. Kawi Arah barat (SMPN6),JTM-JL-KAWI-ARAH-BARAT-SMPN6,Jawa Timur,Kota Malang,KLOJEN,,"3, Jl. Kawi No.22 A, Kauman, Kec. Klojen, Kota Malang, Jawa Timur 65119, Indonesia",-7.9791369717037,112.62512178637,exact,malangkota,Portal CCTV Kota Malang (Diskominfo Kota Malang),https://cctv.malangkota.go.id/sebaran-cctv,Pemerintah Kota Malang,OFFICIAL_PORTAL,HLS,https://cctv.malangkota.go.id/cctv-stream/streams/067883214706611879049144.m3u8,https://cctv.malangkota.go.id/sebaran-cctv,067883214706611879049144,ONLINE,2026-09-04T00:20:16+07:00,Asia/Jakarta,Public monitoring feed,Ditayangkan publik oleh Pemkot Malang untuk pantauan lalu lintas. Tidak untuk redistribusi ulang tanpa izin.,0.95,
d7c493f417691ab7,Jl. Kebalen Wetan Arah Selatan,JTM-JL-KEBALEN-WETAN-ARAH-SE,Jawa Timur,Kota Malang,KEDUNGKANDANG,,"Jl. Kebalen Wetan No.01, Kotalama, Kec. Kedungkandang, Kota Malang, Jawa Timur 65136, Indonesia",-7.989048761795,112.63872368841,exact,malangkota,Portal CCTV Kota Malang (Diskominfo Kota Malang),https://cctv.malangkota.go.id/sebaran-cctv,Pemerintah Kota Malang,OFFICIAL_PORTAL,HLS,https://cctv.malangkota.go.id/cctv-stream/streams/453382724774773485227390.m3u8,https://cctv.malangkota.go.id/sebaran-cctv,453382724774773485227390,ONLINE,2026-09-04T00:20:27+07:00,Asia/Jakarta,Public monitoring feed,Ditayangkan publik oleh Pemkot Malang untuk pantauan lalu lintas. Tidak untuk redistribusi ulang tanpa izin.,0.95,
dd0591b00a3f4905,Jl. Kebalen Wetan Arah Timur,JTM-JL-KEBALEN-WETAN-ARAH-TI,Jawa Timur,Kota Malang,KEDUNGKANDANG,,"Jl. Kolonel Sugiono No.1, Mergosono, Kec. Kedungkandang, Kota Malang, Jawa Timur 65118, Indonesia",-7.9939005881375,112.63364104707,exact,malangkota,Portal CCTV Kota Malang (Diskominfo Kota Malang),https://cctv.malangkota.go.id/sebaran-cctv,Pemerintah Kota Malang,OFFICIAL_PORTAL,HLS,https://cctv.malangkota.go.id/cctv-stream/streams/839830267892971466247721.m3u8,https://cctv.malangkota.go.id/sebaran-cctv,839830267892971466247721,ONLINE,2026-09-04T00:20:26+07:00,Asia/Jakarta,Public monitoring feed,Ditayangkan publik oleh Pemkot Malang untuk pantauan lalu lintas. Tidak untuk redistribusi ulang tanpa izin.,0.95,
be8d17a599163a2f,Jl. Kedawung Arah Timur,JTM-JL-KEDAWUNG-ARAH-TIMUR,Jawa Timur,Kota Malang,LOWOKWARU,,"Jl. Kalpataru No.94, Jatimulyo, Kec. Lowokwaru, Kota Malang, Jawa Timur 65141, Indonesia",-7.9508745054178,112.63172470939,exact,malangkota,Portal CCTV Kota Malang (Diskominfo Kota Malang),https://cctv.malangkota.go.id/sebaran-cctv,Pemerintah Kota Malang,OFFICIAL_PORTAL,HLS,https://cctv.malangkota.go.id/cctv-stream/streams/032716732487147302736608.m3u8,https://cctv.malangkota.go.id/sebaran-cctv,032716732487147302736608,ONLINE,2026-09-04T00:20:32+07:00,Asia/Jakarta,Public monitoring feed,Ditayangkan publik oleh Pemkot Malang untuk pantauan lalu lintas. Tidak untuk redistribusi ulang tanpa izin.,0.95,
031b7ec977903734,Jl. Kertanegara Arah Barat,JTM-JL-KERTANEGARA-ARAH-BARA,Jawa Timur,Kota Malang,KLOJEN,,"Jl. Trunojoyo No.80a, Klojen, Kec. Klojen, Kota Malang, Jawa Timur 65111, Indonesia",-7.9775599677685,112.6366878558,exact,malangkota,Portal CCTV Kota Malang (Diskominfo Kota Malang),https://cctv.malangkota.go.id/sebaran-cctv,Pemerintah Kota Malang,OFFICIAL_PORTAL,HLS,https://cctv.malangkota.go.id/cctv-stream/streams/231554183770498281450318.m3u8,https://cctv.malangkota.go.id/sebaran-cctv,231554183770498281450318,ONLINE,2026-09-04T00:20:25+07:00,Asia/Jakarta,Public monitoring feed,Ditayangkan publik oleh Pemkot Malang untuk pantauan lalu lintas. Tidak untuk redistribusi ulang tanpa izin.,0.95,
d091e7a25ebd27f8,Jl. Kesatrian Arah Selatan,JTM-JL-KESATRIAN-ARAH-SELATA,Jawa Timur,Kota Malang,BLIMBING,,"Jl. Simpang Kesatrian No.6, Keduyo, Kesatrian, Kec. Blimbing, Kota Malang, Jawa Timur 65121, Indonesia",-7.977528818545,112.64345728334,exact,malangkota,Portal CCTV Kota Malang (Diskominfo Kota Malang),https://cctv.malangkota.go.id/sebaran-cctv,Pemerintah Kota Malang,OFFICIAL_PORTAL,HLS,https://cctv.malangkota.go.id/cctv-stream/streams/031608321985243356752404.m3u8,https://cctv.malangkota.go.id/sebaran-cctv,031608321985243356752404,ONLINE,2026-09-04T00:20:13+07:00,Asia/Jakarta,Public monitoring feed,Ditayangkan publik oleh Pemkot Malang untuk pantauan lalu lintas. Tidak untuk redistribusi ulang tanpa izin.,0.95,
5b025ee30cf47488,Jl. Kesatrian Arah Utara,JTM-JL-KESATRIAN-ARAH-UTARA,Jawa Timur,Kota Malang,BLIMBING,,"Jl. Simpang Kesatrian No.6, Keduyo, Kesatrian, Kec. Blimbing, Kota Malang, Jawa Timur 65121, Indonesia",-7.9774600837325,112.64349334693,exact,malangkota,Portal CCTV Kota Malang (Diskominfo Kota Malang),https://cctv.malangkota.go.id/sebaran-cctv,Pemerintah Kota Malang,OFFICIAL_PORTAL,HLS,https://cctv.malangkota.go.id/cctv-stream/streams/786150212613240322734192.m3u8,https://cctv.malangkota.go.id/sebaran-cctv,786150212613240322734192,ONLINE,2026-09-04T00:20:15+07:00,Asia/Jakarta,Public monitoring feed,Ditayangkan publik oleh Pemkot Malang untuk pantauan lalu lintas. Tidak untuk redistribusi ulang tanpa izin.,0.95,
032a1f8105c532da,Jl. Ki Ageng Gribig Arah Selatan,JTM-JL-KI-AGENG-GRIBIG-ARAH-,Jawa Timur,Kota Malang,KEDUNGKANDANG,,"Jl. Raya Ki Ageng Gribig No.11, Madyopuro, Kec. Kedungkandang, Kota Malang, Jawa Timur 65139, Indonesia",-7.9745092328817,112.67245976856,exact,malangkota,Portal CCTV Kota Malang (Diskominfo Kota Malang),https://cctv.malangkota.go.id/sebaran-cctv,Pemerintah Kota Malang,OFFICIAL_PORTAL,HLS,https://cctv.malangkota.go.id/cctv-stream/streams/919248977431029784415723.m3u8,https://cctv.malangkota.go.id/sebaran-cctv,919248977431029784415723,ONLINE,2026-09-04T00:20:25+07:00,Asia/Jakarta,Public monitoring feed,Ditayangkan publik oleh Pemkot Malang untuk pantauan lalu lintas. Tidak untuk redistribusi ulang tanpa izin.,0.95,
810ebecfc69f64bf,Jl. Ki Ageng Gribig Arah Selatan,JTM-JL-KI-AGENG-GRIBIG-ARAH-,Jawa Timur,Kota Malang,KEDUNGKANDANG,,"Jalan Danau Toba Blok.E 9 No.16, Sawojajar, Kedungkandang, Lesanpuro, Kec. Kedungkandang, Kota Malang, Jawa Timur 65139, Indonesia",-7.9808859838311,112.66261624078,exact,malangkota,Portal CCTV Kota Malang (Diskominfo Kota Malang),https://cctv.malangkota.go.id/sebaran-cctv,Pemerintah Kota Malang,OFFICIAL_PORTAL,HLS,https://cctv.malangkota.go.id/cctv-stream/streams/748385964560314122807188.m3u8,https://cctv.malangkota.go.id/sebaran-cctv,748385964560314122807188,ONLINE,2026-09-04T00:20:27+07:00,Asia/Jakarta,Public monitoring feed,Ditayangkan publik oleh Pemkot Malang untuk pantauan lalu lintas. Tidak untuk redistribusi ulang tanpa izin.,0.95,
2e3fcab9c461f49b,Jl. Ki Ageng Gribig Arah Utara,JTM-JL-KI-AGENG-GRIBIG-ARAH-,Jawa Timur,Kota Malang,KEDUNGKANDANG,,"Jl. Raya Ki Ageng Gribig No.19, Madyopuro, Kec. Kedungkandang, Kota Malang, Jawa Timur 65139, Indonesia",-7.9742168153195,112.67259470513,exact,malangkota,Portal CCTV Kota Malang (Diskominfo Kota Malang),https://cctv.malangkota.go.id/sebaran-cctv,Pemerintah Kota Malang,OFFICIAL_PORTAL,HLS,https://cctv.malangkota.go.id/cctv-stream/streams/817521846151282907919064.m3u8,https://cctv.malangkota.go.id/sebaran-cctv,817521846151282907919064,ONLINE,2026-09-04T00:20:27+07:00,Asia/Jakarta,Public monitoring feed,Ditayangkan publik oleh Pemkot Malang untuk pantauan lalu lintas. Tidak untuk redistribusi ulang tanpa izin.,0.95,
f2c349cf4dae45d4,Jl. Kol Sugiono Arah Selatan,JTM-JL-KOL-SUGIONO-ARAH-SELA,Jawa Timur,Kota Malang,SUKUN,,"Jl. Kolonel Sugiono No.229, Gadang, Kec. Sukun, Kota Malang, Jawa Timur 65148, Indonesia",-8.0039351751878,112.63040588491,exact,malangkota,Portal CCTV Kota Malang (Diskominfo Kota Malang),https://cctv.malangkota.go.id/sebaran-cctv,Pemerintah Kota Malang,OFFICIAL_PORTAL,HLS,https://cctv.malangkota.go.id/cctv-stream/streams/519874872010984433957942.m3u8,https://cctv.malangkota.go.id/sebaran-cctv,519874872010984433957942,ONLINE,2026-09-04T00:20:28+07:00,Asia/Jakarta,Public monitoring feed,Ditayangkan publik oleh Pemkot Malang untuk pantauan lalu lintas. Tidak untuk redistribusi ulang tanpa izin.,0.95,
40b978fc126cf905,Jl. Kolonel Sugiono Arah Utara,JTM-JL-KOLONEL-SUGIONO-ARAH-,Jawa Timur,Kota Malang,SUKUN,,"Jl. Kolonel Sugiono No.229, Gadang, Kec. Sukun, Kota Malang, Jawa Timur 65148, Indonesia",-8.0039793407998,112.63039603679,exact,malangkota,Portal CCTV Kota Malang (Diskominfo Kota Malang),https://cctv.malangkota.go.id/sebaran-cctv,Pemerintah Kota Malang,OFFICIAL_PORTAL,HLS,https://cctv.malangkota.go.id/cctv-stream/streams/983215248854190957425299.m3u8,https://cctv.malangkota.go.id/sebaran-cctv,983215248854190957425299,ONLINE,2026-09-04T00:20:28+07:00,Asia/Jakarta,Public monitoring feed,Ditayangkan publik oleh Pemkot Malang untuk pantauan lalu lintas. Tidak untuk redistribusi ulang tanpa izin.,0.95,
a636254a7ef398d6,Jl. Kyai Parseh Jaya Arah Utara,JTM-JL-KYAI-PARSEH-JAYA-ARAH,Jawa Timur,Kota Malang,KEDUNGKANDANG,,"Jl. Gadang Bumiayu No.8, RT.04/RW.05, Bumiayu, Kec. Kedungkandang, Kota Malang, Jawa Timur 65135, Indonesia",-8.0245590074592,112.63351631963,exact,malangkota,Portal CCTV Kota Malang (Diskominfo Kota Malang),https://cctv.malangkota.go.id/sebaran-cctv,Pemerintah Kota Malang,OFFICIAL_PORTAL,HLS,https://cctv.malangkota.go.id/cctv-stream/streams/791264717746791807536169.m3u8,https://cctv.malangkota.go.id/sebaran-cctv,791264717746791807536169,ONLINE,2026-09-04T00:20:25+07:00,Asia/Jakarta,Public monitoring feed,Ditayangkan publik oleh Pemkot Malang untuk pantauan lalu lintas. Tidak untuk redistribusi ulang tanpa izin.,0.95,
d66706fd3c6fc06f,Jl. L.A Sucipto Arah Timur,JTM-JL-L-A-SUCIPTO-ARAH-TIMU,Jawa Timur,Kota Malang,BLIMBING,,"Jl. A. Yani No.62, RW.02, Blimbing, Kec. Blimbing, Kota Malang, Jawa Timur 65126, Indonesia",-7.9407759934185,112.6427713907,exact,malangkota,Portal CCTV Kota Malang (Diskominfo Kota Malang),https://cctv.malangkota.go.id/sebaran-cctv,Pemerintah Kota Malang,OFFICIAL_PORTAL,HLS,https://cctv.malangkota.go.id/cctv-stream/streams/506397672406115725994991.m3u8,https://cctv.malangkota.go.id/sebaran-cctv,506397672406115725994991,ONLINE,2026-09-04T00:20:11+07:00,Asia/Jakarta,Public monitoring feed,Ditayangkan publik oleh Pemkot Malang untuk pantauan lalu lintas. Tidak untuk redistribusi ulang tanpa izin.,0.95,
691e4180bbd76e5d,Jl. L.A Sucipto Arah Timur (Rel Kereta),JTM-JL-L-A-SUCIPTO-ARAH-TIMU,Jawa Timur,Kota Malang,BLIMBING,,"Jl. Laksda Adi Sucipto No.36a, Blimbing, Kec. Blimbing, Kota Malang, Jawa Timur 65126, Indonesia",-7.9415939481937,112.64432260627,exact,malangkota,Portal CCTV Kota Malang (Diskominfo Kota Malang),https://cctv.malangkota.go.id/sebaran-cctv,Pemerintah Kota Malang,OFFICIAL_PORTAL,HLS,https://cctv.malangkota.go.id/cctv-stream/streams/383058139820804059897454.m3u8,https://cctv.malangkota.go.id/sebaran-cctv,383058139820804059897454,ONLINE,2026-09-04T00:20:13+07:00,Asia/Jakarta,Public monitoring feed,Ditayangkan publik oleh Pemkot Malang untuk pantauan lalu lintas. Tidak untuk redistribusi ulang tanpa izin.,0.95,
bbde85e09366619c,Jl. LA Sucipto Arah Barat (Perbatasan),JTM-JL-LA-SUCIPTO-ARAH-BARAT,Jawa Timur,Kota Malang,BLIMBING,,"Jl. Raya Wendit Barat No.458, Pandanwangi, Kec. Blimbing, Kota Malang, Jawa Timur 65126, Indonesia",-7.9501648738256,112.66417854753,exact,malangkota,Portal CCTV Kota Malang (Diskominfo Kota Malang),https://cctv.malangkota.go.id/sebaran-cctv,Pemerintah Kota Malang,OFFICIAL_PORTAL,HLS,https://cctv.malangkota.go.id/cctv-stream/streams/537255318919087826651532.m3u8,https://cctv.malangkota.go.id/sebaran-cctv,537255318919087826651532,ONLINE,2026-09-04T00:20:15+07:00,Asia/Jakarta,Public monitoring feed,Ditayangkan publik oleh Pemkot Malang untuk pantauan lalu lintas. Tidak untuk redistribusi ulang tanpa izin.,0.95,
0ed7b075678d685c,Jl. LA Sucipto Arah Timur (Perbatasan),JTM-JL-LA-SUCIPTO-ARAH-TIMUR,Jawa Timur,Kota Malang,KEDUNGKANDANG,,"Jl. Raya Wendit Barat No.1, Lowoksoro, Mangliawan, Kec. Pakis, Kota Malang, Jawa Timur 65154, Indonesia",-7.9502961908227,112.66467304435,exact,malangkota,Portal CCTV Kota Malang (Diskominfo Kota Malang),https://cctv.malangkota.go.id/sebaran-cctv,Pemerintah Kota Malang,OFFICIAL_PORTAL,HLS,https://cctv.malangkota.go.id/cctv-stream/streams/886421518518743577298499.m3u8,https://cctv.malangkota.go.id/sebaran-cctv,886421518518743577298499,ONLINE,2026-09-04T00:20:28+07:00,Asia/Jakarta,Public monitoring feed,Ditayangkan publik oleh Pemkot Malang untuk pantauan lalu lintas. Tidak untuk redistribusi ulang tanpa izin.,0.95,
2d4f9ba2911be33c,Jl. Laksda Adi Sucipto Arah Barat,JTM-JL-LAKSDA-ADI-SUCIPTO-AR,Jawa Timur,Kota Malang,BLIMBING,,"Jl. Laksda Adi Sucipto No.151, Blimbing, Kec. Blimbing, Kota Malang, Jawa Timur 65126, Indonesia",-7.9436808088967,112.64812513013,exact,malangkota,Portal CCTV Kota Malang (Diskominfo Kota Malang),https://cctv.malangkota.go.id/sebaran-cctv,Pemerintah Kota Malang,OFFICIAL_PORTAL,HLS,https://cctv.malangkota.go.id/cctv-stream/streams/272315206096758266726516.m3u8,https://cctv.malangkota.go.id/sebaran-cctv,272315206096758266726516,ONLINE,2026-09-04T00:20:15+07:00,Asia/Jakarta,Public monitoring feed,Ditayangkan publik oleh Pemkot Malang untuk pantauan lalu lintas. Tidak untuk redistribusi ulang tanpa izin.,0.95,
73f1617d69b5ac54,Jl. Laksda Adi Sucipto Arah Timur,JTM-JL-LAKSDA-ADI-SUCIPTO-AR,Jawa Timur,Kota Malang,BLIMBING,,"Jl. Laksda Adi Sucipto No.161, Blimbing, Kec. Blimbing, Kota Malang, Jawa Timur 65126, Indonesia",-7.943790038499,112.64836138797,exact,malangkota,Portal CCTV Kota Malang (Diskominfo Kota Malang),https://cctv.malangkota.go.id/sebaran-cctv,Pemerintah Kota Malang,OFFICIAL_PORTAL,HLS,https://cctv.malangkota.go.id/cctv-stream/streams/340493797437204668929658.m3u8,https://cctv.malangkota.go.id/sebaran-cctv,340493797437204668929658,ONLINE,2026-09-04T00:20:12+07:00,Asia/Jakarta,Public monitoring feed,Ditayangkan publik oleh Pemkot Malang untuk pantauan lalu lintas. Tidak untuk redistribusi ulang tanpa izin.,0.95,
e564ff44217888b0,Jl. Langsep Arah Selatan,JTM-JL-LANGSEP-ARAH-SELATAN,Jawa Timur,Kota Malang,KLOJEN,,"Jl. Dieng No.27d, Bareng, Kec. Klojen, Kota Malang, Jawa Timur 65116, Indonesia",-7.9735138945672,112.6130609291,exact,malangkota,Portal CCTV Kota Malang (Diskominfo Kota Malang),https://cctv.malangkota.go.id/sebaran-cctv,Pemerintah Kota Malang,OFFICIAL_PORTAL,HLS,https://cctv.malangkota.go.id/cctv-stream/streams/573357726087672833075775.m3u8,https://cctv.malangkota.go.id/sebaran-cctv,573357726087672833075775,ONLINE,2026-09-04T00:20:17+07:00,Asia/Jakarta,Public monitoring feed,Ditayangkan publik oleh Pemkot Malang untuk pantauan lalu lintas. Tidak untuk redistribusi ulang tanpa izin.,0.95,
d574179da13781fe,Jl. Letjen S. Parman Arah Selatan,JTM-JL-LETJEN-S-PARMAN-ARAH-,Jawa Timur,Kota Malang,BLIMBING,,"Jl. Ciliwung No.1b, Purwantoro, Kec. Blimbing, Kota Malang, Jawa Timur 65122, Indonesia",-7.951925116872,112.63914091657,exact,malangkota,Portal CCTV Kota Malang (Diskominfo Kota Malang),https://cctv.malangkota.go.id/sebaran-cctv,Pemerintah Kota Malang,OFFICIAL_PORTAL,HLS,https://cctv.malangkota.go.id/cctv-stream/streams/810133524862588268334710.m3u8,https://cctv.malangkota.go.id/sebaran-cctv,810133524862588268334710,ONLINE,2026-09-04T00:20:11+07:00,Asia/Jakarta,Public monitoring feed,Ditayangkan publik oleh Pemkot Malang untuk pantauan lalu lintas. Tidak untuk redistribusi ulang tanpa izin.,0.95,
edf31cc0f5db2f25,Jl. Letjen S. Parman Arah Utara,JTM-JL-LETJEN-S-PARMAN-ARAH-,Jawa Timur,Kota Malang,BLIMBING,,"GKJW Waru,, Purwantoro, Kec. Blimbing, Kota Malang, Jawa Timur, Indonesia",-7.9516399570327,112.63919951939,exact,malangkota,Portal CCTV Kota Malang (Diskominfo Kota Malang),https://cctv.malangkota.go.id/sebaran-cctv,Pemerintah Kota Malang,OFFICIAL_PORTAL,HLS,https://cctv.malangkota.go.id/cctv-stream/streams/637253114452609264665590.m3u8,https://cctv.malangkota.go.id/sebaran-cctv,637253114452609264665590,ONLINE,2026-09-04T00:20:09+07:00,Asia/Jakarta,Public monitoring feed,Ditayangkan publik oleh Pemkot Malang untuk pantauan lalu lintas. Tidak untuk redistribusi ulang tanpa izin.,0.95,
1fcddbe208b2d42e,Jl. Letjend Sutoyo Arah Selatan (Hotel Savana),JTM-JL-LETJEND-SUTOYO-ARAH-S,Jawa Timur,Kota Malang,KLOJEN,,"Jl. Letjen Sutoyo No.27c, RW.3, Rampal Celaket, Kec. Klojen, Kota Malang, Jawa Timur 65141, Indonesia",-7.962092861193,112.636167138,exact,malangkota,Portal CCTV Kota Malang (Diskominfo Kota Malang),https://cctv.malangkota.go.id/sebaran-cctv,Pemerintah Kota Malang,OFFICIAL_PORTAL,HLS,https://cctv.malangkota.go.id/cctv-stream/streams/435572404308262635105603.m3u8,https://cctv.malangkota.go.id/sebaran-cctv,435572404308262635105603,ONLINE,2026-09-04T00:20:15+07:00,Asia/Jakarta,Public monitoring feed,Ditayangkan publik oleh Pemkot Malang untuk pantauan lalu lintas. Tidak untuk redistribusi ulang tanpa izin.,0.95,
36b00cd32786c400,Jl. Letjend Sutoyo Arah Utara,JTM-JL-LETJEND-SUTOYO-ARAH-U,Jawa Timur,Kota Malang,LOWOKWARU,,"Jl. Letjen Sutoyo No.3b, Lowokwaru, Kec. Lowokwaru, Kota Malang, Jawa Timur 65141, Indonesia",-7.9642636501319,112.635084682,exact,malangkota,Portal CCTV Kota Malang (Diskominfo Kota Malang),https://cctv.malangkota.go.id/sebaran-cctv,Pemerintah Kota Malang,OFFICIAL_PORTAL,HLS,https://cctv.malangkota.go.id/cctv-stream/streams/274808309434970115761531.m3u8,https://cctv.malangkota.go.id/sebaran-cctv,274808309434970115761531,ONLINE,2026-09-04T00:20:31+07:00,Asia/Jakarta,Public monitoring feed,Ditayangkan publik oleh Pemkot Malang untuk pantauan lalu lintas. Tidak untuk redistribusi ulang tanpa izin.,0.95,
3954724caebf293a,Jl. MT. Haryono Arah Barat,JTM-JL-MT-HARYONO-ARAH-BARAT,Jawa Timur,Kota Malang,LOWOKWARU,,"Jl. MT. Haryono No.35, Dinoyo, Kec. Lowokwaru, Kota Malang, Jawa Timur 65145, Indonesia",-7.9496715479629,112.61520040957,exact,malangkota,Portal CCTV Kota Malang (Diskominfo Kota Malang),https://cctv.malangkota.go.id/sebaran-cctv,Pemerintah Kota Malang,OFFICIAL_PORTAL,HLS,https://cctv.malangkota.go.id/cctv-stream/streams/373865942595202639251772.m3u8,https://cctv.malangkota.go.id/sebaran-cctv,373865942595202639251772,ONLINE,2026-09-04T00:20:32+07:00,Asia/Jakarta,Public monitoring feed,Ditayangkan publik oleh Pemkot Malang untuk pantauan lalu lintas. Tidak untuk redistribusi ulang tanpa izin.,0.95,
04f7d00469f79bc1,Jl. Majapahit Arah Utara,JTM-JL-MAJAPAHIT-ARAH-UTARA,Jawa Timur,Kota Malang,KLOJEN,,"3, Jl. MGR Sugiyopranoto No.3A, Kiduldalem, Kec. Klojen, Kota Malang, Jawa Timur 65119, Indonesia",-7.9802423098069,112.63089616965,exact,malangkota,Portal CCTV Kota Malang (Diskominfo Kota Malang),https://cctv.malangkota.go.id/sebaran-cctv,Pemerintah Kota Malang,OFFICIAL_PORTAL,HLS,https://cctv.malangkota.go.id/cctv-stream/streams/116009283303235824630445.m3u8,https://cctv.malangkota.go.id/sebaran-cctv,116009283303235824630445,ONLINE,2026-09-04T00:20:23+07:00,Asia/Jakarta,Public monitoring feed,Ditayangkan publik oleh Pemkot Malang untuk pantauan lalu lintas. Tidak untuk redistribusi ulang tanpa izin.,0.95,
503b20fc60b2a397,Jl. Martadinata Arah Selatan,JTM-JL-MARTADINATA-ARAH-SELA,Jawa Timur,Kota Malang,BLIMBING,,"Jl. Martadinata No.1, Jodipan, Kec. Blimbing, Kota Malang, Jawa Timur 65118, Indonesia",-7.9872651424444,112.63563623857,exact,malangkota,Portal CCTV Kota Malang (Diskominfo Kota Malang),https://cctv.malangkota.go.id/sebaran-cctv,Pemerintah Kota Malang,OFFICIAL_PORTAL,HLS,https://cctv.malangkota.go.id/cctv-stream/streams/006065046819333616502324.m3u8,https://cctv.malangkota.go.id/sebaran-cctv,006065046819333616502324,ONLINE,2026-09-04T00:20:11+07:00,Asia/Jakarta,Public monitoring feed,Ditayangkan publik oleh Pemkot Malang untuk pantauan lalu lintas. Tidak untuk redistribusi ulang tanpa izin.,0.95,
559c2f3e3f5163b2,Jl. Martadinata Arah Utara,JTM-JL-MARTADINATA-ARAH-UTAR,Jawa Timur,Kota Malang,KEDUNGKANDANG,,"Jl. Kolonel Sugiono No.1, Mergosono, Kec. Kedungkandang, Kota Malang, Jawa Timur 65118, Indonesia",-7.9938247531935,112.63356035779,exact,malangkota,Portal CCTV Kota Malang (Diskominfo Kota Malang),https://cctv.malangkota.go.id/sebaran-cctv,Pemerintah Kota Malang,OFFICIAL_PORTAL,HLS,https://cctv.malangkota.go.id/cctv-stream/streams/359461418488526462162650.m3u8,https://cctv.malangkota.go.id/sebaran-cctv,359461418488526462162650,ONLINE,2026-09-04T00:20:26+07:00,Asia/Jakarta,Public monitoring feed,Ditayangkan publik oleh Pemkot Malang untuk pantauan lalu lintas. Tidak untuk redistribusi ulang tanpa izin.,0.95,
8ca5804d8098eb90,Jl. Mayjen Sungkono Arah Selatan,JTM-JL-MAYJEN-SUNGKONO-ARAH-,Jawa Timur,Kota Malang,KEDUNGKANDANG,,"Jl. Mayjen Sungkono No.13b, RT.04/RW.05, Wonokoyo, Kec. Kedungkandang, Kota Malang, Jawa Timur 65135, Indonesia",-8.0266821298389,112.64285641359,exact,malangkota,Portal CCTV Kota Malang (Diskominfo Kota Malang),https://cctv.malangkota.go.id/sebaran-cctv,Pemerintah Kota Malang,OFFICIAL_PORTAL,HLS,https://cctv.malangkota.go.id/cctv-stream/streams/872337836594410225468546.m3u8,https://cctv.malangkota.go.id/sebaran-cctv,872337836594410225468546,ONLINE,2026-09-04T00:20:25+07:00,Asia/Jakarta,Public monitoring feed,Ditayangkan publik oleh Pemkot Malang untuk pantauan lalu lintas. Tidak untuk redistribusi ulang tanpa izin.,0.95,
5e459da04d0f9fd9,Jl. Mayjen Sungkono Arah Selatan (Gor Ken Arok),JTM-JL-MAYJEN-SUNGKONO-ARAH-,Jawa Timur,Kota Malang,KEDUNGKANDANG,,"Jalan Mayjend Sungkono (Depan Gor Ken Arok), Bumiayu, Kedungkandang,, Buring, Kec. Kedungkandang, Kota Malang, Jawa Timur 65135, Indonesia",-8.0133238335934,112.64353480274,exact,malangkota,Portal CCTV Kota Malang (Diskominfo Kota Malang),https://cctv.malangkota.go.id/sebaran-cctv,Pemerintah Kota Malang,OFFICIAL_PORTAL,HLS,https://cctv.malangkota.go.id/cctv-stream/streams/246296455949996661977887.m3u8,https://cctv.malangkota.go.id/sebaran-cctv,246296455949996661977887,ONLINE,2026-09-04T00:20:25+07:00,Asia/Jakarta,Public monitoring feed,Ditayangkan publik oleh Pemkot Malang untuk pantauan lalu lintas. Tidak untuk redistribusi ulang tanpa izin.,0.95,
2ab1d8fcdaeb3770,Jl. Mayjen Sungkono Arah Selatan (Jembatan),JTM-JL-MAYJEN-SUNGKONO-ARAH-,Jawa Timur,Kota Malang,KEDUNGKANDANG,,"Jl. Raya Ki Ageng Gribig No.31, Kedungkandang, Kec. Kedungkandang, Kota Malang, Jawa Timur 65139, Indonesia",-7.9939030466594,112.64780478967,exact,malangkota,Portal CCTV Kota Malang (Diskominfo Kota Malang),https://cctv.malangkota.go.id/sebaran-cctv,Pemerintah Kota Malang,OFFICIAL_PORTAL,HLS,https://cctv.malangkota.go.id/cctv-stream/streams/424989231290086461229636.m3u8,https://cctv.malangkota.go.id/sebaran-cctv,424989231290086461229636,ONLINE,2026-09-04T00:20:26+07:00,Asia/Jakarta,Public monitoring feed,Ditayangkan publik oleh Pemkot Malang untuk pantauan lalu lintas. Tidak untuk redistribusi ulang tanpa izin.,0.95,
d9713bf6dad80708,Jl. Mayjen Wiyono Arah Timur,JTM-JL-MAYJEN-WIYONO-ARAH-TI,Jawa Timur,Kota Malang,BLIMBING,,"Jl. Kesatrian No.2, Kesatrian, Kec. Blimbing, Kota Malang, Jawa Timur 65123, Indonesia",-7.9775254589273,112.6435220588,exact,malangkota,Portal CCTV Kota Malang (Diskominfo Kota Malang),https://cctv.malangkota.go.id/sebaran-cctv,Pemerintah Kota Malang,OFFICIAL_PORTAL,HLS,https://cctv.malangkota.go.id/cctv-stream/streams/973041049647521784083717.m3u8,https://cctv.malangkota.go.id/sebaran-cctv,973041049647521784083717,ONLINE,2026-09-04T00:20:14+07:00,Asia/Jakarta,Public monitoring feed,Ditayangkan publik oleh Pemkot Malang untuk pantauan lalu lintas. Tidak untuk redistribusi ulang tanpa izin.,0.95,
26ccf0210a1866ee,Jl. Mayjend Sungkono Arah Selatan (Block Office),JTM-JL-MAYJEND-SUNGKONO-ARAH,Jawa Timur,Kota Malang,KEDUNGKANDANG,,"Tlogowaru, Tlogowaru, Kec. Kedungkandang, Kota Malang, Jawa Timur, Indonesia",-8.0326239922323,112.64262576999,exact,malangkota,Portal CCTV Kota Malang (Diskominfo Kota Malang),https://cctv.malangkota.go.id/sebaran-cctv,Pemerintah Kota Malang,OFFICIAL_PORTAL,HLS,https://cctv.malangkota.go.id/cctv-stream/streams/341249267574702296399925.m3u8,https://cctv.malangkota.go.id/sebaran-cctv,341249267574702296399925,ONLINE,2026-09-04T00:20:28+07:00,Asia/Jakarta,Public monitoring feed,Ditayangkan publik oleh Pemkot Malang untuk pantauan lalu lintas. Tidak untuk redistribusi ulang tanpa izin.,0.95,
3f19c63c9a73c5ba,Jl. Mayjend Sungkono Arah Utara (Block Office),JTM-JL-MAYJEND-SUNGKONO-ARAH,Jawa Timur,Kota Malang,KEDUNGKANDANG,,"depan perkantoran terpadu, pertigaan, Jl. Mayjen Sungkono, Wonokoyo, Kec. Kedungkandang, Kota Malang, Jawa Timur 65132, Indonesia",-8.0324356945612,112.64265223647,exact,malangkota,Portal CCTV Kota Malang (Diskominfo Kota Malang),https://cctv.malangkota.go.id/sebaran-cctv,Pemerintah Kota Malang,OFFICIAL_PORTAL,HLS,https://cctv.malangkota.go.id/cctv-stream/streams/648109998063016154575665.m3u8,https://cctv.malangkota.go.id/sebaran-cctv,648109998063016154575665,ONLINE,2026-09-04T00:20:26+07:00,Asia/Jakarta,Public monitoring feed,Ditayangkan publik oleh Pemkot Malang untuk pantauan lalu lintas. Tidak untuk redistribusi ulang tanpa izin.,0.95,
fd24f3c492a92a17,Jl. Mayjend Sungkono Arah Utara (Gor Ken Arok),JTM-JL-MAYJEND-SUNGKONO-ARAH,Jawa Timur,Kota Malang,KEDUNGKANDANG,,"Jl. Mayjen Sungkono No.17, Buring, Kec. Kedungkandang, Kota Malang, Jawa Timur 65136, Indonesia",-8.0132643690914,112.64353469034,exact,malangkota,Portal CCTV Kota Malang (Diskominfo Kota Malang),https://cctv.malangkota.go.id/sebaran-cctv,Pemerintah Kota Malang,OFFICIAL_PORTAL,HLS,https://cctv.malangkota.go.id/cctv-stream/streams/247069575513558870999554.m3u8,https://cctv.malangkota.go.id/sebaran-cctv,247069575513558870999554,ONLINE,2026-09-04T00:20:27+07:00,Asia/Jakarta,Public monitoring feed,Ditayangkan publik oleh Pemkot Malang untuk pantauan lalu lintas. Tidak untuk redistribusi ulang tanpa izin.,0.95,
ec76fb68e117ced9,Jl. Melati Arah Selatan,JTM-JL-MELATI-ARAH-SELATAN,Jawa Timur,Kota Malang,LOWOKWARU,,"Jl. Melati No.1, RW.02, Jatimulyo, Kec. Lowokwaru, Kota Malang, Jawa Timur 65141, Indonesia",-7.9515234941649,112.63163609006,exact,malangkota,Portal CCTV Kota Malang (Diskominfo Kota Malang),https://cctv.malangkota.go.id/sebaran-cctv,Pemerintah Kota Malang,OFFICIAL_PORTAL,HLS,https://cctv.malangkota.go.id/cctv-stream/streams/006104464277312024187785.m3u8,https://cctv.malangkota.go.id/sebaran-cctv,006104464277312024187785,ONLINE,2026-09-04T00:20:29+07:00,Asia/Jakarta,Public monitoring feed,Ditayangkan publik oleh Pemkot Malang untuk pantauan lalu lintas. Tidak untuk redistribusi ulang tanpa izin.,0.95,
98097d283c813a38,Jl. Merbabu Arah Selatan,JTM-JL-MERBABU-ARAH-SELATAN,Jawa Timur,Kota Malang,KLOJEN,,"Jl. Panggung No.2A, Oro-oro Dowo, Kec. Klojen, Kota Malang, Jawa Timur 65119, Indonesia",-7.9658629817514,112.62536890787,exact,malangkota,Portal CCTV Kota Malang (Diskominfo Kota Malang),https://cctv.malangkota.go.id/sebaran-cctv,Pemerintah Kota Malang,OFFICIAL_PORTAL,HLS,https://cctv.malangkota.go.id/cctv-stream/streams/653722151300593309331609.m3u8,https://cctv.malangkota.go.id/sebaran-cctv,653722151300593309331609,ONLINE,2026-09-04T00:20:20+07:00,Asia/Jakarta,Public monitoring feed,Ditayangkan publik oleh Pemkot Malang untuk pantauan lalu lintas. Tidak untuk redistribusi ulang tanpa izin.,0.95,
3cb8153e642a6791,Jl. Merdeka Barat Arah Utara,JTM-JL-MERDEKA-BARAT-ARAH-UT,Jawa Timur,Kota Malang,KLOJEN,,"Jl. Kauman No.6, Kauman, Kec. Klojen, Kota Malang, Jawa Timur 65119, Indonesia",-7.9830090364441,112.62999084052,exact,malangkota,Portal CCTV Kota Malang (Diskominfo Kota Malang),https://cctv.malangkota.go.id/sebaran-cctv,Pemerintah Kota Malang,OFFICIAL_PORTAL,HLS,https://cctv.malangkota.go.id/cctv-stream/streams/662201042760075959506830.m3u8,https://cctv.malangkota.go.id/sebaran-cctv,662201042760075959506830,ONLINE,2026-09-04T00:20:16+07:00,Asia/Jakarta,Public monitoring feed,Ditayangkan publik oleh Pemkot Malang untuk pantauan lalu lintas. Tidak untuk redistribusi ulang tanpa izin.,0.95,
0c2f79909871c9ce,Jl. Merdeka Timur Arah Selatan,JTM-JL-MERDEKA-TIMUR-ARAH-SE,Jawa Timur,Kota Malang,KLOJEN,,"Jl. Merdeka Timur No.2a, Kiduldalem, Kec. Klojen, Kota Malang, Jawa Timur 65119, Indonesia",-7.981990281737,112.63166709143,exact,malangkota,Portal CCTV Kota Malang (Diskominfo Kota Malang),https://cctv.malangkota.go.id/sebaran-cctv,Pemerintah Kota Malang,OFFICIAL_PORTAL,HLS,https://cctv.malangkota.go.id/cctv-stream/streams/293434869573645632741268.m3u8,https://cctv.malangkota.go.id/sebaran-cctv,293434869573645632741268,ONLINE,2026-09-04T00:20:16+07:00,Asia/Jakarta,Public monitoring feed,Ditayangkan publik oleh Pemkot Malang untuk pantauan lalu lintas. Tidak untuk redistribusi ulang tanpa izin.,0.95,
0997e260b6073c75,Jl. Merdeka Utara Arah Utara,JTM-JL-MERDEKA-UTARA-ARAH-UT,Jawa Timur,Kota Malang,KLOJEN,,"Jl. Merdeka Timur, Kiduldalem, Kec. Klojen, Kota Malang, Jawa Timur 65119",-7.981779115765,112.63174579237,exact,malangkota,Portal CCTV Kota Malang (Diskominfo Kota Malang),https://cctv.malangkota.go.id/sebaran-cctv,Pemerintah Kota Malang,OFFICIAL_PORTAL,HLS,https://cctv.malangkota.go.id/cctv-stream/streams/375341952336011589690586.m3u8,https://cctv.malangkota.go.id/sebaran-cctv,375341952336011589690586,ONLINE,2026-09-04T00:20:15+07:00,Asia/Jakarta,Public monitoring feed,Ditayangkan publik oleh Pemkot Malang untuk pantauan lalu lintas. Tidak untuk redistribusi ulang tanpa izin.,0.95,
ffede886f51177ab,Jl. Mergan Lori Arah Selatan,JTM-JL-MERGAN-LORI-ARAH-SELA,Jawa Timur,Kota Malang,SUKUN,,"Jl. I.R. Rais No.570, Tanjungrejo, Kec. Sukun, Kota Malang, Jawa Timur 65146, Indonesia",-7.9835682572161,112.61429173535,exact,malangkota,Portal CCTV Kota Malang (Diskominfo Kota Malang),https://cctv.malangkota.go.id/sebaran-cctv,Pemerintah Kota Malang,OFFICIAL_PORTAL,HLS,https://cctv.malangkota.go.id/cctv-stream/streams/473307088033186544380122.m3u8,https://cctv.malangkota.go.id/sebaran-cctv,473307088033186544380122,ONLINE,2026-09-04T00:20:28+07:00,Asia/Jakarta,Public monitoring feed,Ditayangkan publik oleh Pemkot Malang untuk pantauan lalu lintas. Tidak untuk redistribusi ulang tanpa izin.,0.95,
868a2b8d0ebc68f6,Jl. Muharto Arah Barat,JTM-JL-MUHARTO-ARAH-BARAT,Jawa Timur,Kota Malang,KEDUNGKANDANG,,"Jl. Muharto No.26, Kedungkandang, Kec. Kedungkandang, Kota Malang, Jawa Timur 65137, Indonesia",-7.9939098777072,112.64768527232,exact,malangkota,Portal CCTV Kota Malang (Diskominfo Kota Malang),https://cctv.malangkota.go.id/sebaran-cctv,Pemerintah Kota Malang,OFFICIAL_PORTAL,HLS,https://cctv.malangkota.go.id/cctv-stream/streams/284039786620080380014346.m3u8,https://cctv.malangkota.go.id/sebaran-cctv,284039786620080380014346,ONLINE,2026-09-04T00:20:25+07:00,Asia/Jakarta,Public monitoring feed,Ditayangkan publik oleh Pemkot Malang untuk pantauan lalu lintas. Tidak untuk redistribusi ulang tanpa izin.,0.95,
1fe7f87a254a6a88,Jl. Muharto Arah Timur,JTM-JL-MUHARTO-ARAH-TIMUR,Jawa Timur,Kota Malang,BLIMBING,,"Jl. Muharto No.1, Jodipan, Kec. Blimbing, Kota Malang, Jawa Timur 65119, Indonesia",-7.9889135431247,112.63888729389,exact,malangkota,Portal CCTV Kota Malang (Diskominfo Kota Malang),https://cctv.malangkota.go.id/sebaran-cctv,Pemerintah Kota Malang,OFFICIAL_PORTAL,HLS,https://cctv.malangkota.go.id/cctv-stream/streams/023076357712194374375085.m3u8,https://cctv.malangkota.go.id/sebaran-cctv,023076357712194374375085,ONLINE,2026-09-04T00:20:15+07:00,Asia/Jakarta,Public monitoring feed,Ditayangkan publik oleh Pemkot Malang untuk pantauan lalu lintas. Tidak untuk redistribusi ulang tanpa izin.,0.95,
ae59f830eb7b6100,Jl. Nusakambangan Arah Barat,JTM-JL-NUSAKAMBANGAN-ARAH-BA,Jawa Timur,Kota Malang,KLOJEN,,"Jl. Nusakambangan No.44, Kasin, Kec. Klojen, Kota Malang, Jawa Timur 65117, Indonesia",-7.9878276102681,112.62577336634,exact,malangkota,Portal CCTV Kota Malang (Diskominfo Kota Malang),https://cctv.malangkota.go.id/sebaran-cctv,Pemerintah Kota Malang,OFFICIAL_PORTAL,HLS,https://cctv.malangkota.go.id/cctv-stream/streams/212039658036127116733044.m3u8,https://cctv.malangkota.go.id/sebaran-cctv,212039658036127116733044,ONLINE,2026-09-04T00:20:16+07:00,Asia/Jakarta,Public monitoring feed,Ditayangkan publik oleh Pemkot Malang untuk pantauan lalu lintas. Tidak untuk redistribusi ulang tanpa izin.,0.95,
7e4dc90d7100a882,Jl. Nusakambangan Arah Timur,JTM-JL-NUSAKAMBANGAN-ARAH-TI,Jawa Timur,Kota Malang,KLOJEN,,"Jl. Nusakambangan No.2, Kasin, Kec. Klojen, Kota Malang, Jawa Timur 65117, Indonesia",-7.9865637188768,112.62355612285,exact,malangkota,Portal CCTV Kota Malang (Diskominfo Kota Malang),https://cctv.malangkota.go.id/sebaran-cctv,Pemerintah Kota Malang,OFFICIAL_PORTAL,HLS,https://cctv.malangkota.go.id/cctv-stream/streams/259213973885550105439889.m3u8,https://cctv.malangkota.go.id/sebaran-cctv,259213973885550105439889,ONLINE,2026-09-04T00:20:16+07:00,Asia/Jakarta,Public monitoring feed,Ditayangkan publik oleh Pemkot Malang untuk pantauan lalu lintas. Tidak untuk redistribusi ulang tanpa izin.,0.95,
d1f8cecc5523f29d,Jl. Pahlawan Trip,JTM-JL-PAHLAWAN-TRIP,Jawa Timur,Kota Malang,KLOJEN,,"3, Jl. Pahlawan Trip No.2, Oro-oro Dowo, Kec. Klojen, Kota Malang, Jawa Timur 65112, Indonesia",-7.9684717137907,112.62314575185,exact,malangkota,Portal CCTV Kota Malang (Diskominfo Kota Malang),https://cctv.malangkota.go.id/sebaran-cctv,Pemerintah Kota Malang,OFFICIAL_PORTAL,HLS,https://cctv.malangkota.go.id/cctv-stream/streams/603889351830833340753818.m3u8,https://cctv.malangkota.go.id/sebaran-cctv,603889351830833340753818,ONLINE,2026-09-04T00:20:16+07:00,Asia/Jakarta,Public monitoring feed,Ditayangkan publik oleh Pemkot Malang untuk pantauan lalu lintas. Tidak untuk redistribusi ulang tanpa izin.,0.95,
c486613851bff680,Jl. Panglima Sudirman Arah Selatan,JTM-JL-PANGLIMA-SUDIRMAN-ARA,Jawa Timur,Kota Malang,KLOJEN,,"Halte WR Supratman, Rampal Celaket, Kec. Klojen, Kota Malang, Jawa Timur, Indonesia",-7.9671540052596,112.63825343409,exact,malangkota,Portal CCTV Kota Malang (Diskominfo Kota Malang),https://cctv.malangkota.go.id/sebaran-cctv,Pemerintah Kota Malang,OFFICIAL_PORTAL,HLS,https://cctv.malangkota.go.id/cctv-stream/streams/281336549789753967841481.m3u8,https://cctv.malangkota.go.id/sebaran-cctv,281336549789753967841481,ONLINE,2026-09-04T00:20:18+07:00,Asia/Jakarta,Public monitoring feed,Ditayangkan publik oleh Pemkot Malang untuk pantauan lalu lintas. Tidak untuk redistribusi ulang tanpa izin.,0.95,
b3cfd9303c64673b,Jl. Panglima Sudirman Arah Utara,JTM-JL-PANGLIMA-SUDIRMAN-ARA,Jawa Timur,Kota Malang,KLOJEN,,"Jl. Patimura No.111, Klojen, Kec. Klojen, Kota Malang, Jawa Timur 65111, Indonesia",-7.9734076388565,112.63848787099,exact,malangkota,Portal CCTV Kota Malang (Diskominfo Kota Malang),https://cctv.malangkota.go.id/sebaran-cctv,Pemerintah Kota Malang,OFFICIAL_PORTAL,HLS,https://cctv.malangkota.go.id/cctv-stream/streams/320035756896441723894425.m3u8,https://cctv.malangkota.go.id/sebaran-cctv,320035756896441723894425,ONLINE,2026-09-04T00:20:21+07:00,Asia/Jakarta,Public monitoring feed,Ditayangkan publik oleh Pemkot Malang untuk pantauan lalu lintas. Tidak untuk redistribusi ulang tanpa izin.,0.95,
ff9628a0407ac43a,Jl. Panjaitan Arah Timur,JTM-JL-PANJAITAN-ARAH-TIMUR,Jawa Timur,Kota Malang,LOWOKWARU,,"Jl. MT. Haryono No.12, Ketawanggede, Kec. Lowokwaru, Kota Malang, Jawa Timur 65113, Indonesia",-7.9500002979033,112.61555390881,exact,malangkota,Portal CCTV Kota Malang (Diskominfo Kota Malang),https://cctv.malangkota.go.id/sebaran-cctv,Pemerintah Kota Malang,OFFICIAL_PORTAL,HLS,https://cctv.malangkota.go.id/cctv-stream/streams/673512185163543498056968.m3u8,https://cctv.malangkota.go.id/sebaran-cctv,673512185163543498056968,ONLINE,2026-09-04T00:20:31+07:00,Asia/Jakarta,Public monitoring feed,Ditayangkan publik oleh Pemkot Malang untuk pantauan lalu lintas. Tidak untuk redistribusi ulang tanpa izin.,0.95,
93fcaf84c3c452c5,Jl. Panji Suroso Arah Selatan,JTM-JL-PANJI-SUROSO-ARAH-SEL,Jawa Timur,Kota Malang,BLIMBING,,"Jl. Raden Panji Suroso No.8g, Polowijen, Kec. Blimbing, Kota Malang, Jawa Timur 65126, Indonesia",-7.9323745503225,112.64989777426,exact,malangkota,Portal CCTV Kota Malang (Diskominfo Kota Malang),https://cctv.malangkota.go.id/sebaran-cctv,Pemerintah Kota Malang,OFFICIAL_PORTAL,HLS,https://cctv.malangkota.go.id/cctv-stream/streams/323299835038577603023529.m3u8,https://cctv.malangkota.go.id/sebaran-cctv,323299835038577603023529,ONLINE,2026-09-04T00:20:10+07:00,Asia/Jakarta,Public monitoring feed,Ditayangkan publik oleh Pemkot Malang untuk pantauan lalu lintas. Tidak untuk redistribusi ulang tanpa izin.,0.95,
1df697e7add8bc0b,Jl. Panji Suroso Arah Selatan,JTM-JL-PANJI-SUROSO-ARAH-SEL,Jawa Timur,Kota Malang,BLIMBING,,"JL. R. Panji Suroso No.18, Malang, East Java 65125, Polowijen, Blimbing, Malang City, East Java 65126, Indonesia",-7.9303282640499,112.65073911879,exact,malangkota,Portal CCTV Kota Malang (Diskominfo Kota Malang),https://cctv.malangkota.go.id/sebaran-cctv,Pemerintah Kota Malang,OFFICIAL_PORTAL,HLS,https://cctv.malangkota.go.id/cctv-stream/streams/466452347587002114136805.m3u8,https://cctv.malangkota.go.id/sebaran-cctv,466452347587002114136805,ONLINE,2026-09-04T00:20:14+07:00,Asia/Jakarta,Public monitoring feed,Ditayangkan publik oleh Pemkot Malang untuk pantauan lalu lintas. Tidak untuk redistribusi ulang tanpa izin.,0.95,
9e4efb4cfec68da3,Jl. Panji Suroso Arah Timur,JTM-JL-PANJI-SUROSO-ARAH-TIM,Jawa Timur,Kota Malang,BLIMBING,,"Jl. Raden Panji Suroso No.8g, Polowijen, Kec. Blimbing, Kota Malang, Jawa Timur 65126, Indonesia",-7.9322898596193,112.64992025405,exact,malangkota,Portal CCTV Kota Malang (Diskominfo Kota Malang),https://cctv.malangkota.go.id/sebaran-cctv,Pemerintah Kota Malang,OFFICIAL_PORTAL,HLS,https://cctv.malangkota.go.id/cctv-stream/streams/196782209615539550198936.m3u8,https://cctv.malangkota.go.id/sebaran-cctv,196782209615539550198936,ONLINE,2026-09-04T00:20:11+07:00,Asia/Jakarta,Public monitoring feed,Ditayangkan publik oleh Pemkot Malang untuk pantauan lalu lintas. Tidak untuk redistribusi ulang tanpa izin.,0.95,
e9b92d6b6380d074,Jl. Panji Suroso Arah Utara,JTM-JL-PANJI-SUROSO-ARAH-UTA,Jawa Timur,Kota Malang,BLIMBING,,"Jl. Raden Panji Suroso No.8g, Polowijen, Kec. Blimbing, Kota Malang, Jawa Timur 65126, Indonesia",-7.9322357759493,112.64993749254,exact,malangkota,Portal CCTV Kota Malang (Diskominfo Kota Malang),https://cctv.malangkota.go.id/sebaran-cctv,Pemerintah Kota Malang,OFFICIAL_PORTAL,HLS,https://cctv.malangkota.go.id/cctv-stream/streams/884548119530974853338399.m3u8,https://cctv.malangkota.go.id/sebaran-cctv,884548119530974853338399,ONLINE,2026-09-04T00:20:13+07:00,Asia/Jakarta,Public monitoring feed,Ditayangkan publik oleh Pemkot Malang untuk pantauan lalu lintas. Tidak untuk redistribusi ulang tanpa izin.,0.95,
edcb05a2781208f8,Jl. Pasar Besar Arah Barat,JTM-JL-PASAR-BESAR-ARAH-BARA,Jawa Timur,Kota Malang,KLOJEN,,"Toko Mas Djodjo, Sukoharjo, Kec. Klojen, Kota Malang, Jawa Timur, Indonesia",-7.985942830626,112.63329872653,exact,malangkota,Portal CCTV Kota Malang (Diskominfo Kota Malang),https://cctv.malangkota.go.id/sebaran-cctv,Pemerintah Kota Malang,OFFICIAL_PORTAL,HLS,https://cctv.malangkota.go.id/cctv-stream/streams/211248133615597097922668.m3u8,https://cctv.malangkota.go.id/sebaran-cctv,211248133615597097922668,ONLINE,2026-09-04T00:20:19+07:00,Asia/Jakarta,Public monitoring feed,Ditayangkan publik oleh Pemkot Malang untuk pantauan lalu lintas. Tidak untuk redistribusi ulang tanpa izin.,0.95,
7da67f3720850569,Jl. Pasar Besar Arah Barat,JTM-JL-PASAR-BESAR-ARAH-BARA,Jawa Timur,Kota Malang,KLOJEN,,"Jl. Pasar Besar No.163, Sukoharjo, Kec. Klojen, Kota Malang, Jawa Timur 65118, Indonesia",-7.9869815091865,112.6354541434,exact,malangkota,Portal CCTV Kota Malang (Diskominfo Kota Malang),https://cctv.malangkota.go.id/sebaran-cctv,Pemerintah Kota Malang,OFFICIAL_PORTAL,HLS,https://cctv.malangkota.go.id/cctv-stream/streams/623797234825519031426274.m3u8,https://cctv.malangkota.go.id/sebaran-cctv,623797234825519031426274,ONLINE,2026-09-04T00:20:24+07:00,Asia/Jakarta,Public monitoring feed,Ditayangkan publik oleh Pemkot Malang untuk pantauan lalu lintas. Tidak untuk redistribusi ulang tanpa izin.,0.95,
a12925ecfc93fc95,Jl. Pasar Besar Arah Timur,JTM-JL-PASAR-BESAR-ARAH-TIMU,Jawa Timur,Kota Malang,KLOJEN,,"Jl. Pasar Besar No.12, Sukoharjo, Kec. Klojen, Kota Malang, Jawa Timur 65118, Indonesia",-7.9852556187818,112.63110894774,exact,malangkota,Portal CCTV Kota Malang (Diskominfo Kota Malang),https://cctv.malangkota.go.id/sebaran-cctv,Pemerintah Kota Malang,OFFICIAL_PORTAL,HLS,https://cctv.malangkota.go.id/cctv-stream/streams/787400068366441690070099.m3u8,https://cctv.malangkota.go.id/sebaran-cctv,787400068366441690070099,ONLINE,2026-09-04T00:20:17+07:00,Asia/Jakarta,Public monitoring feed,Ditayangkan publik oleh Pemkot Malang untuk pantauan lalu lintas. Tidak untuk redistribusi ulang tanpa izin.,0.95,
6cbd706ef06dcc09,Jl. Patimura Arah Barat,JTM-JL-PATIMURA-ARAH-BARAT,Jawa Timur,Kota Malang,KLOJEN,,"JL. Trunojoyo No. 46, Malang - East Java, Klojen, Malang City, East Java 65111, Indonesia",-7.9734210532331,112.63662250924,exact,malangkota,Portal CCTV Kota Malang (Diskominfo Kota Malang),https://cctv.malangkota.go.id/sebaran-cctv,Pemerintah Kota Malang,OFFICIAL_PORTAL,HLS,https://cctv.malangkota.go.id/cctv-stream/streams/008689729209182017615333.m3u8,https://cctv.malangkota.go.id/sebaran-cctv,008689729209182017615333,ONLINE,2026-09-04T00:20:16+07:00,Asia/Jakarta,Public monitoring feed,Ditayangkan publik oleh Pemkot Malang untuk pantauan lalu lintas. Tidak untuk redistribusi ulang tanpa izin.,0.95,
dde5959085808b96,Jl. Patimura Arah Barat,JTM-JL-PATIMURA-ARAH-BARAT,Jawa Timur,Kota Malang,KLOJEN,,"Jl. Patimura No.1 A, RW.3, Klojen, Kec. Klojen, Kota Malang, Jawa Timur 65111, Indonesia",-7.9713392134144,112.63320330628,exact,malangkota,Portal CCTV Kota Malang (Diskominfo Kota Malang),https://cctv.malangkota.go.id/sebaran-cctv,Pemerintah Kota Malang,OFFICIAL_PORTAL,HLS,https://cctv.malangkota.go.id/cctv-stream/streams/844727028021085216938269.m3u8,https://cctv.malangkota.go.id/sebaran-cctv,844727028021085216938269,ONLINE,2026-09-04T00:20:17+07:00,Asia/Jakarta,Public monitoring feed,Ditayangkan publik oleh Pemkot Malang untuk pantauan lalu lintas. Tidak untuk redistribusi ulang tanpa izin.,0.95,
04451e4a4f8d1091,Jl. Patimura Arah Selatan,JTM-JL-PATIMURA-ARAH-SELATAN,Jawa Timur,Kota Malang,KLOJEN,,"Jl. Patimura IV No.268, Klojen, Kec. Klojen, Kota Malang, Jawa Timur 65111, Indonesia",-7.9713053456857,112.63329163058,exact,malangkota,Portal CCTV Kota Malang (Diskominfo Kota Malang),https://cctv.malangkota.go.id/sebaran-cctv,Pemerintah Kota Malang,OFFICIAL_PORTAL,HLS,https://cctv.malangkota.go.id/cctv-stream/streams/643592251459005888214586.m3u8,https://cctv.malangkota.go.id/sebaran-cctv,643592251459005888214586,ONLINE,2026-09-04T00:20:16+07:00,Asia/Jakarta,Public monitoring feed,Ditayangkan publik oleh Pemkot Malang untuk pantauan lalu lintas. Tidak untuk redistribusi ulang tanpa izin.,0.95,
39a4c6d42c25c322,Jl. Raden Intan Arah Barat,JTM-JL-RADEN-INTAN-ARAH-BARA,Jawa Timur,Kota Malang,BLIMBING,,"Jl. Raden Intan No.5, RT.02, Polowijen, Kec. Blimbing, Kota Malang, Jawa Timur 65126, Indonesia",-7.9301999522752,112.65062387599,exact,malangkota,Portal CCTV Kota Malang (Diskominfo Kota Malang),https://cctv.malangkota.go.id/sebaran-cctv,Pemerintah Kota Malang,OFFICIAL_PORTAL,HLS,https://cctv.malangkota.go.id/cctv-stream/streams/053338675520352467621994.m3u8,https://cctv.malangkota.go.id/sebaran-cctv,053338675520352467621994,ONLINE,2026-09-04T00:20:10+07:00,Asia/Jakarta,Public monitoring feed,Ditayangkan publik oleh Pemkot Malang untuk pantauan lalu lintas. Tidak untuk redistribusi ulang tanpa izin.,0.95,
afc7bb51fb1bcd50,Jl. Raden Intan Arah Barat,JTM-JL-RADEN-INTAN-ARAH-BARA,Jawa Timur,Kota Malang,BLIMBING,,"Jl. Raden Intan No.7, Arjosari, Kec. Blimbing, Kota Malang, Jawa Timur 65126, Indonesia",-7.9330458923099,112.65808259375,exact,malangkota,Portal CCTV Kota Malang (Diskominfo Kota Malang),https://cctv.malangkota.go.id/sebaran-cctv,Pemerintah Kota Malang,OFFICIAL_PORTAL,HLS,https://cctv.malangkota.go.id/cctv-stream/streams/902490552268458858290479.m3u8,https://cctv.malangkota.go.id/sebaran-cctv,902490552268458858290479,ONLINE,2026-09-04T00:20:13+07:00,Asia/Jakarta,Public monitoring feed,Ditayangkan publik oleh Pemkot Malang untuk pantauan lalu lintas. Tidak untuk redistribusi ulang tanpa izin.,0.95,
3d5cad22f6d49041,Jl. Raden Intan Arah Timur,JTM-JL-RADEN-INTAN-ARAH-TIMU,Jawa Timur,Kota Malang,BLIMBING,,"Jl. Raden Intan No.1, Arjosari, Kec. Blimbing, Kota Malang, Jawa Timur 65126, Indonesia",-7.9331417417516,112.65815011001,exact,malangkota,Portal CCTV Kota Malang (Diskominfo Kota Malang),https://cctv.malangkota.go.id/sebaran-cctv,Pemerintah Kota Malang,OFFICIAL_PORTAL,HLS,https://cctv.malangkota.go.id/cctv-stream/streams/712057197220164117651869.m3u8,https://cctv.malangkota.go.id/sebaran-cctv,712057197220164117651869,ONLINE,2026-09-04T00:20:13+07:00,Asia/Jakarta,Public monitoring feed,Ditayangkan publik oleh Pemkot Malang untuk pantauan lalu lintas. Tidak untuk redistribusi ulang tanpa izin.,0.95,
fac6dbf6fca2a6a3,Jl. Raden Intan Arah Timur,JTM-JL-RADEN-INTAN-ARAH-TIMU,Jawa Timur,Kota Malang,BLIMBING,,"Jl. Jend. Ahmad Yani Utara No.21, Polowijen, Kec. Blimbing, Kota Malang, Jawa Timur 65126, Indonesia",-7.9291574562534,112.64881969448,exact,malangkota,Portal CCTV Kota Malang (Diskominfo Kota Malang),https://cctv.malangkota.go.id/sebaran-cctv,Pemerintah Kota Malang,OFFICIAL_PORTAL,HLS,https://cctv.malangkota.go.id/cctv-stream/streams/925153886443577207350912.m3u8,https://cctv.malangkota.go.id/sebaran-cctv,925153886443577207350912,ONLINE,2026-09-04T00:20:12+07:00,Asia/Jakarta,Public monitoring feed,Ditayangkan publik oleh Pemkot Malang untuk pantauan lalu lintas. Tidak untuk redistribusi ulang tanpa izin.,0.95,
8c272dfcf02f2a9a,Jl. Raden Panji Suroso Arah Selatan,JTM-JL-RADEN-PANJI-SUROSO-AR,Jawa Timur,Kota Malang,BLIMBING,,"Jl. Raden Panji Suroso No.21, Polowijen, Kec. Blimbing, Kota Malang, Jawa Timur 65126, Indonesia",-7.9355883653782,112.64971840569,exact,malangkota,Portal CCTV Kota Malang (Diskominfo Kota Malang),https://cctv.malangkota.go.id/sebaran-cctv,Pemerintah Kota Malang,OFFICIAL_PORTAL,HLS,https://cctv.malangkota.go.id/cctv-stream/streams/654598878424524457231701.m3u8,https://cctv.malangkota.go.id/sebaran-cctv,654598878424524457231701,ONLINE,2026-09-04T00:20:10+07:00,Asia/Jakarta,Public monitoring feed,Ditayangkan publik oleh Pemkot Malang untuk pantauan lalu lintas. Tidak untuk redistribusi ulang tanpa izin.,0.95,
44a5ccbedefc44c9,Jl. Raden Panji Suroso Arah Utara,JTM-JL-RADEN-PANJI-SUROSO-AR,Jawa Timur,Kota Malang,BLIMBING,,"Jl. Raden Panji Suroso No.59a, Polowijen, Kec. Blimbing, Kota Malang, Jawa Timur 65126, Indonesia",-7.9435549315168,112.648303373,exact,malangkota,Portal CCTV Kota Malang (Diskominfo Kota Malang),https://cctv.malangkota.go.id/sebaran-cctv,Pemerintah Kota Malang,OFFICIAL_PORTAL,HLS,https://cctv.malangkota.go.id/cctv-stream/streams/563924488881364781254566.m3u8,https://cctv.malangkota.go.id/sebaran-cctv,563924488881364781254566,ONLINE,2026-09-04T00:20:12+07:00,Asia/Jakarta,Public monitoring feed,Ditayangkan publik oleh Pemkot Malang untuk pantauan lalu lintas. Tidak untuk redistribusi ulang tanpa izin.,0.95,
c7591ef7b78091b2,Jl. Raden Panji Suroso Arah Utara,JTM-JL-RADEN-PANJI-SUROSO-AR,Jawa Timur,Kota Malang,BLIMBING,,"Jl. Blimbing Indah Megah No.1, Purwodadi, Kec. Blimbing, Kota Malang, Jawa Timur 65126, Indonesia",-7.9361586934758,112.65037504027,exact,malangkota,Portal CCTV Kota Malang (Diskominfo Kota Malang),https://cctv.malangkota.go.id/sebaran-cctv,Pemerintah Kota Malang,OFFICIAL_PORTAL,HLS,https://cctv.malangkota.go.id/cctv-stream/streams/044906552951351361548373.m3u8,https://cctv.malangkota.go.id/sebaran-cctv,044906552951351361548373,ONLINE,2026-09-04T00:20:14+07:00,Asia/Jakarta,Public monitoring feed,Ditayangkan publik oleh Pemkot Malang untuk pantauan lalu lintas. Tidak untuk redistribusi ulang tanpa izin.,0.95,
f00fdc9462a2dd3c,Jl. Rajasa Arah Barat,JTM-JL-RAJASA-ARAH-BARAT,Jawa Timur,Kota Malang,KEDUNGKANDANG,,"Jl. Rajasa No.2012, Bumiayu, Kec. Kedungkandang, Kota Malang, Jawa Timur 65135, Indonesia",-8.0265864675627,112.64285225973,exact,malangkota,Portal CCTV Kota Malang (Diskominfo Kota Malang),https://cctv.malangkota.go.id/sebaran-cctv,Pemerintah Kota Malang,OFFICIAL_PORTAL,HLS,https://cctv.malangkota.go.id/cctv-stream/streams/390518457780656230115714.m3u8,https://cctv.malangkota.go.id/sebaran-cctv,390518457780656230115714,ONLINE,2026-09-04T00:20:25+07:00,Asia/Jakarta,Public monitoring feed,Ditayangkan publik oleh Pemkot Malang untuk pantauan lalu lintas. Tidak untuk redistribusi ulang tanpa izin.,0.95,
bba9e1161bc1e6a0,Jl. Rajasa Arah Barat,JTM-JL-RAJASA-ARAH-BARAT,Jawa Timur,Kota Malang,KEDUNGKANDANG,,"Jl. Rajasa No.8, Bumiayu, Kec. Kedungkandang, Kota Malang, Jawa Timur 65135, Indonesia",-8.0244734918604,112.63356716214,exact,malangkota,Portal CCTV Kota Malang (Diskominfo Kota Malang),https://cctv.malangkota.go.id/sebaran-cctv,Pemerintah Kota Malang,OFFICIAL_PORTAL,HLS,https://cctv.malangkota.go.id/cctv-stream/streams/256581523014055687826746.m3u8,https://cctv.malangkota.go.id/sebaran-cctv,256581523014055687826746,ONLINE,2026-09-04T00:20:27+07:00,Asia/Jakarta,Public monitoring feed,Ditayangkan publik oleh Pemkot Malang untuk pantauan lalu lintas. Tidak untuk redistribusi ulang tanpa izin.,0.95,
9b8889bf0e828348,Jl. Ranugrati Arah Barat,JTM-JL-RANUGRATI-ARAH-BARAT,Jawa Timur,Kota Malang,KEDUNGKANDANG,,"Jl. Ranugrati No.39d, Sawojajar, Kec. Kedungkandang, Kota Malang, Jawa Timur 65139, Indonesia",-7.9808962888885,112.65356039733,exact,malangkota,Portal CCTV Kota Malang (Diskominfo Kota Malang),https://cctv.malangkota.go.id/sebaran-cctv,Pemerintah Kota Malang,OFFICIAL_PORTAL,HLS,https://cctv.malangkota.go.id/cctv-stream/streams/007769084157082641425855.m3u8,https://cctv.malangkota.go.id/sebaran-cctv,007769084157082641425855,ONLINE,2026-09-04T00:20:25+07:00,Asia/Jakarta,Public monitoring feed,Ditayangkan publik oleh Pemkot Malang untuk pantauan lalu lintas. Tidak untuk redistribusi ulang tanpa izin.,0.95,
b3fe2c4a4b376012,Jl. Raya Balearjosari Arah Utara,JTM-JL-RAYA-BALEARJOSARI-ARA,Jawa Timur,Kota Malang,BLIMBING,,"Unnamed Road, Balearjosari, Kec. Blimbing, Kota Malang, Jawa Timur 65126, Indonesia",-7.9252397352771,112.650938367,exact,malangkota,Portal CCTV Kota Malang (Diskominfo Kota Malang),https://cctv.malangkota.go.id/sebaran-cctv,Pemerintah Kota Malang,OFFICIAL_PORTAL,HLS,https://cctv.malangkota.go.id/cctv-stream/streams/984300820927127330245429.m3u8,https://cctv.malangkota.go.id/sebaran-cctv,984300820927127330245429,ONLINE,2026-09-04T00:20:10+07:00,Asia/Jakarta,Public monitoring feed,Ditayangkan publik oleh Pemkot Malang untuk pantauan lalu lintas. Tidak untuk redistribusi ulang tanpa izin.,0.95,
2a7f9b9c8c127623,Jl. Raya Cemorokandang Arah Barat,JTM-JL-RAYA-CEMOROKANDANG-AR,Jawa Timur,Kota Malang,KEDUNGKANDANG,,"Jl. Raya Cemorokandang No.7, Cemorokandang, Kec. Kedungkandang, Kota Malang, Jawa Timur 65138, Indonesia",-7.9794081568667,112.68341922528,exact,malangkota,Portal CCTV Kota Malang (Diskominfo Kota Malang),https://cctv.malangkota.go.id/sebaran-cctv,Pemerintah Kota Malang,OFFICIAL_PORTAL,HLS,https://cctv.malangkota.go.id/cctv-stream/streams/748163626141039645450448.m3u8,https://cctv.malangkota.go.id/sebaran-cctv,748163626141039645450448,ONLINE,2026-09-04T00:20:27+07:00,Asia/Jakarta,Public monitoring feed,Ditayangkan publik oleh Pemkot Malang untuk pantauan lalu lintas. Tidak untuk redistribusi ulang tanpa izin.,0.95,
e69217e913068054,Jl. Raya Cemorokandang Arah Timur,JTM-JL-RAYA-CEMOROKANDANG-AR,Jawa Timur,Kota Malang,KEDUNGKANDANG,,"Jl. Raya Madyopuro No.1, Cemorokandang, Kec. Kedungkandang, Kota Malang, Jawa Timur 65138, Indonesia",-7.9796596345044,112.68398991818,exact,malangkota,Portal CCTV Kota Malang (Diskominfo Kota Malang),https://cctv.malangkota.go.id/sebaran-cctv,Pemerintah Kota Malang,OFFICIAL_PORTAL,HLS,https://cctv.malangkota.go.id/cctv-stream/streams/143725395052441804689699.m3u8,https://cctv.malangkota.go.id/sebaran-cctv,143725395052441804689699,ONLINE,2026-09-04T00:20:25+07:00,Asia/Jakarta,Public monitoring feed,Ditayangkan publik oleh Pemkot Malang untuk pantauan lalu lintas. Tidak untuk redistribusi ulang tanpa izin.,0.95,
de7d664d237d2e90,Jl. Raya Gadang Arah Selatan,JTM-JL-RAYA-GADANG-ARAH-SELA,Jawa Timur,Kota Malang,SUKUN,,"Jl. Satsui Tubun No.25, Gadang, Kec. Sukun, Kota Malang, Jawa Timur 65149, Indonesia",-8.0230311937224,112.62758801291,exact,malangkota,Portal CCTV Kota Malang (Diskominfo Kota Malang),https://cctv.malangkota.go.id/sebaran-cctv,Pemerintah Kota Malang,OFFICIAL_PORTAL,HLS,https://cctv.malangkota.go.id/cctv-stream/streams/772701504430563728087236.m3u8,https://cctv.malangkota.go.id/sebaran-cctv,772701504430563728087236,ONLINE,2026-09-04T00:20:28+07:00,Asia/Jakarta,Public monitoring feed,Ditayangkan publik oleh Pemkot Malang untuk pantauan lalu lintas. Tidak untuk redistribusi ulang tanpa izin.,0.95,
7512ae1b5659f477,Jl. Raya Langsep Arah Utara,JTM-JL-RAYA-LANGSEP-ARAH-UTA,Jawa Timur,Kota Malang,SUKUN,,"Jl. I.R. Rais No.569, Tanjungrejo, Kec. Sukun, Kota Malang, Jawa Timur 65116, Indonesia",-7.9834186723348,112.61437460039,exact,malangkota,Portal CCTV Kota Malang (Diskominfo Kota Malang),https://cctv.malangkota.go.id/sebaran-cctv,Pemerintah Kota Malang,OFFICIAL_PORTAL,HLS,https://cctv.malangkota.go.id/cctv-stream/streams/448993781462444492103703.m3u8,https://cctv.malangkota.go.id/sebaran-cctv,448993781462444492103703,ONLINE,2026-09-04T00:20:28+07:00,Asia/Jakarta,Public monitoring feed,Ditayangkan publik oleh Pemkot Malang untuk pantauan lalu lintas. Tidak untuk redistribusi ulang tanpa izin.,0.95,
ea9700277c3ca724,Jl. S. Supriadi Arah Utara,JTM-JL-S-SUPRIADI-ARAH-UTARA,Jawa Timur,Kota Malang,SUKUN,,"Jl. Klayatan III No.23, Bandungrejosari, Kec. Sukun, Kota Malang, Jawa Timur 65148, Indonesia",-8.0059712835952,112.6182287727,exact,malangkota,Portal CCTV Kota Malang (Diskominfo Kota Malang),https://cctv.malangkota.go.id/sebaran-cctv,Pemerintah Kota Malang,OFFICIAL_PORTAL,HLS,https://cctv.malangkota.go.id/cctv-stream/streams/721240097001535400904802.m3u8,https://cctv.malangkota.go.id/sebaran-cctv,721240097001535400904802,ONLINE,2026-09-04T00:20:28+07:00,Asia/Jakarta,Public monitoring feed,Ditayangkan publik oleh Pemkot Malang untuk pantauan lalu lintas. Tidak untuk redistribusi ulang tanpa izin.,0.95,
0b2692cb5f4e1e2d,Jl. S. Supriadi Arah Utara,JTM-JL-S-SUPRIADI-ARAH-UTARA,Jawa Timur,Kota Malang,SUKUN,,"Jl. S. Supriadi No.15-24, Kebonsari, Kec. Sukun, Kota Malang, Jawa Timur 65149, Indonesia",-8.0202448789982,112.61916730166,exact,malangkota,Portal CCTV Kota Malang (Diskominfo Kota Malang),https://cctv.malangkota.go.id/sebaran-cctv,Pemerintah Kota Malang,OFFICIAL_PORTAL,HLS,https://cctv.malangkota.go.id/cctv-stream/streams/215178419587511478247119.m3u8,https://cctv.malangkota.go.id/sebaran-cctv,215178419587511478247119,ONLINE,2026-09-04T00:20:28+07:00,Asia/Jakarta,Public monitoring feed,Ditayangkan publik oleh Pemkot Malang untuk pantauan lalu lintas. Tidak untuk redistribusi ulang tanpa izin.,0.95,
1c8902d050c57f0a,Jl. S. Supriadi Arah Utara,JTM-JL-S-SUPRIADI-ARAH-UTARA,Jawa Timur,Kota Malang,SUKUN,,"Jl. S. Supriadi No.46, Bandungrejosari, Kec. Sukun, Kota Malang, Jawa Timur 65147, Indonesia",-8.0003828080402,112.61814488693,exact,malangkota,Portal CCTV Kota Malang (Diskominfo Kota Malang),https://cctv.malangkota.go.id/sebaran-cctv,Pemerintah Kota Malang,OFFICIAL_PORTAL,HLS,https://cctv.malangkota.go.id/cctv-stream/streams/456402990956810340846657.m3u8,https://cctv.malangkota.go.id/sebaran-cctv,456402990956810340846657,ONLINE,2026-09-04T00:20:29+07:00,Asia/Jakarta,Public monitoring feed,Ditayangkan publik oleh Pemkot Malang untuk pantauan lalu lintas. Tidak untuk redistribusi ulang tanpa izin.,0.95,
3f2f5ffd81ecbe72,Jl. S. Supriyadi (Arah Klaytan III),JTM-JL-S-SUPRIYADI-ARAH-KLAY,Jawa Timur,Kota Malang,SUKUN,,"Jl.S.Supriadi No.41a, Bandungrejosari, Kec. Sukun, Kota Malang, Jawa Timur 65148, Indonesia",-8.0058564271663,112.6184631227,exact,malangkota,Portal CCTV Kota Malang (Diskominfo Kota Malang),https://cctv.malangkota.go.id/sebaran-cctv,Pemerintah Kota Malang,OFFICIAL_PORTAL,HLS,https://cctv.malangkota.go.id/cctv-stream/streams/045410553225288501472916.m3u8,https://cctv.malangkota.go.id/sebaran-cctv,045410553225288501472916,ONLINE,2026-09-04T00:20:28+07:00,Asia/Jakarta,Public monitoring feed,Ditayangkan publik oleh Pemkot Malang untuk pantauan lalu lintas. Tidak untuk redistribusi ulang tanpa izin.,0.95,
7a54f3aec7868ef2,Jl. S. Supriyadi Arah Selatan (Klaytan III),JTM-JL-S-SUPRIYADI-ARAH-SELA,Jawa Timur,Kota Malang,SUKUN,,"Jl.S.Supriadi No.39, Sukun, Kec. Sukun, Kota Malang, Jawa Timur 65147, Indonesia",-8.0061651949277,112.61858669291,exact,malangkota,Portal CCTV Kota Malang (Diskominfo Kota Malang),https://cctv.malangkota.go.id/sebaran-cctv,Pemerintah Kota Malang,OFFICIAL_PORTAL,HLS,https://cctv.malangkota.go.id/cctv-stream/streams/906088015550297661590404.m3u8,https://cctv.malangkota.go.id/sebaran-cctv,906088015550297661590404,ONLINE,2026-09-04T00:20:28+07:00,Asia/Jakarta,Public monitoring feed,Ditayangkan publik oleh Pemkot Malang untuk pantauan lalu lintas. Tidak untuk redistribusi ulang tanpa izin.,0.95,
31938ec2c565107f,Jl. SP Sudarmo Arah Selatan,JTM-JL-SP-SUDARMO-ARAH-SELAT,Jawa Timur,Kota Malang,BLIMBING,,"Jl. Letnan Jenderal Sunandar Priyo Sudarmo No.31c, Keduyo, Purwantoro, Kec. Blimbing, Kota Malang, Jawa Timur 65126, Indonesia",-7.9572207868104,112.64401245585,exact,malangkota,Portal CCTV Kota Malang (Diskominfo Kota Malang),https://cctv.malangkota.go.id/sebaran-cctv,Pemerintah Kota Malang,OFFICIAL_PORTAL,HLS,https://cctv.malangkota.go.id/cctv-stream/streams/436037012487980953940187.m3u8,https://cctv.malangkota.go.id/sebaran-cctv,436037012487980953940187,OFFLINE,2026-09-04T00:20:09+07:00,Asia/Jakarta,Public monitoring feed,Ditayangkan publik oleh Pemkot Malang untuk pantauan lalu lintas. Tidak untuk redistribusi ulang tanpa izin.,0.95,
6aa9f959d2e077f0,Jl. SW Pranoto Arah Utara,JTM-JL-SW-PRANOTO-ARAH-UTARA,Jawa Timur,Kota Malang,KLOJEN,,"Jl. Ade Irma Suryani No.3, Kauman, Kec. Klojen, Kota Malang, Jawa Timur 65117, Indonesia",-7.9851811207356,112.63094513485,exact,malangkota,Portal CCTV Kota Malang (Diskominfo Kota Malang),https://cctv.malangkota.go.id/sebaran-cctv,Pemerintah Kota Malang,OFFICIAL_PORTAL,HLS,https://cctv.malangkota.go.id/cctv-stream/streams/629217349359529662387028.m3u8,https://cctv.malangkota.go.id/sebaran-cctv,629217349359529662387028,ONLINE,2026-09-04T00:20:24+07:00,Asia/Jakarta,Public monitoring feed,Ditayangkan publik oleh Pemkot Malang untuk pantauan lalu lintas. Tidak untuk redistribusi ulang tanpa izin.,0.95,
696932ec0ea799dc,Jl. Sarangan Arah Barat,JTM-JL-SARANGAN-ARAH-BARAT,Jawa Timur,Kota Malang,LOWOKWARU,,"Jl. Letjen Sutoyo No.25, Lowokwaru, Kec. Lowokwaru, Kota Malang, Jawa Timur 65141, Indonesia",-7.9617709052327,112.63610953633,exact,malangkota,Portal CCTV Kota Malang (Diskominfo Kota Malang),https://cctv.malangkota.go.id/sebaran-cctv,Pemerintah Kota Malang,OFFICIAL_PORTAL,HLS,https://cctv.malangkota.go.id/cctv-stream/streams/608341519678952535574036.m3u8,https://cctv.malangkota.go.id/sebaran-cctv,608341519678952535574036,ONLINE,2026-09-04T00:20:30+07:00,Asia/Jakarta,Public monitoring feed,Ditayangkan publik oleh Pemkot Malang untuk pantauan lalu lintas. Tidak untuk redistribusi ulang tanpa izin.,0.95,
27665b7ddd3f8120,Jl. Sarangan Arah Timur,JTM-JL-SARANGAN-ARAH-TIMUR,Jawa Timur,Kota Malang,LOWOKWARU,,"02, Jl. Mawar No.1C, Lowokwaru, Kec. Lowokwaru, Kota Malang, Jawa Timur 65141, Indonesia",-7.9589822903855,112.63118669617,exact,malangkota,Portal CCTV Kota Malang (Diskominfo Kota Malang),https://cctv.malangkota.go.id/sebaran-cctv,Pemerintah Kota Malang,OFFICIAL_PORTAL,HLS,https://cctv.malangkota.go.id/cctv-stream/streams/997694327434970434059156.m3u8,https://cctv.malangkota.go.id/sebaran-cctv,997694327434970434059156,ONLINE,2026-09-04T00:20:29+07:00,Asia/Jakarta,Public monitoring feed,Ditayangkan publik oleh Pemkot Malang untuk pantauan lalu lintas. Tidak untuk redistribusi ulang tanpa izin.,0.95,
926cdb36241cb938,Jl. Satsuit Tubun Arah Timur,JTM-JL-SATSUIT-TUBUN-ARAH-TI,Jawa Timur,Kota Malang,SUKUN,,"Jl. Nasional 23 No.24, Kebonsari, Kec. Sukun, Kota Malang, Jawa Timur 65149, Indonesia",-8.0200841637518,112.61910327085,exact,malangkota,Portal CCTV Kota Malang (Diskominfo Kota Malang),https://cctv.malangkota.go.id/sebaran-cctv,Pemerintah Kota Malang,OFFICIAL_PORTAL,HLS,https://cctv.malangkota.go.id/cctv-stream/streams/336686011348989661063244.m3u8,https://cctv.malangkota.go.id/sebaran-cctv,336686011348989661063244,ONLINE,2026-09-04T00:20:28+07:00,Asia/Jakarta,Public monitoring feed,Ditayangkan publik oleh Pemkot Malang untuk pantauan lalu lintas. Tidak untuk redistribusi ulang tanpa izin.,0.95,
4a9262f29b9abfde,Jl. Semeru Arah Barat,JTM-JL-SEMERU-ARAH-BARAT,Jawa Timur,Kota Malang,KLOJEN,,"Permata Bank Bromo, Oro-oro Dowo, Kec. Klojen, Kota Malang, Jawa Timur, Indonesia",-7.9759253749755,112.62685908502,exact,malangkota,Portal CCTV Kota Malang (Diskominfo Kota Malang),https://cctv.malangkota.go.id/sebaran-cctv,Pemerintah Kota Malang,OFFICIAL_PORTAL,HLS,https://cctv.malangkota.go.id/cctv-stream/streams/717958972035700755246088.m3u8,https://cctv.malangkota.go.id/sebaran-cctv,717958972035700755246088,ONLINE,2026-09-04T00:20:15+07:00,Asia/Jakarta,Public monitoring feed,Ditayangkan publik oleh Pemkot Malang untuk pantauan lalu lintas. Tidak untuk redistribusi ulang tanpa izin.,0.95,
b22863e1dfecd152,Jl. Semeru Arah Barat,JTM-JL-SEMERU-ARAH-BARAT,Jawa Timur,Kota Malang,KLOJEN,,"Jl. Semeru No.2, Klojen, Kec. Klojen, Kota Malang, Jawa Timur 65183, Indonesia",-7.9764125575545,112.62916901708,exact,malangkota,Portal CCTV Kota Malang (Diskominfo Kota Malang),https://cctv.malangkota.go.id/sebaran-cctv,Pemerintah Kota Malang,OFFICIAL_PORTAL,HLS,https://cctv.malangkota.go.id/cctv-stream/streams/776763144322125195609829.m3u8,https://cctv.malangkota.go.id/sebaran-cctv,776763144322125195609829,ONLINE,2026-09-04T00:20:22+07:00,Asia/Jakarta,Public monitoring feed,Ditayangkan publik oleh Pemkot Malang untuk pantauan lalu lintas. Tidak untuk redistribusi ulang tanpa izin.,0.95,
f563f0c2117813ad,Jl. Semeru Arah Timur,JTM-JL-SEMERU-ARAH-TIMUR,Jawa Timur,Kota Malang,KLOJEN,,"Permata Bank Bromo, Oro-oro Dowo, Kec. Klojen, Kota Malang, Jawa Timur, Indonesia",-7.9760132257155,112.62704336163,exact,malangkota,Portal CCTV Kota Malang (Diskominfo Kota Malang),https://cctv.malangkota.go.id/sebaran-cctv,Pemerintah Kota Malang,OFFICIAL_PORTAL,HLS,https://cctv.malangkota.go.id/cctv-stream/streams/253598743355115924306355.m3u8,https://cctv.malangkota.go.id/sebaran-cctv,253598743355115924306355,ONLINE,2026-09-04T00:20:16+07:00,Asia/Jakarta,Public monitoring feed,Ditayangkan publik oleh Pemkot Malang untuk pantauan lalu lintas. Tidak untuk redistribusi ulang tanpa izin.,0.95,
51fbfd8a27d7f674,Jl. Semeru Arah Timur (Perpustakaan),JTM-JL-SEMERU-ARAH-TIMUR-PER,Jawa Timur,Kota Malang,KLOJEN,,"Jl. Besar Ijen No.24, Oro-oro Dowo, Kec. Klojen, Kota Malang, Jawa Timur 65119, Indonesia",-7.9724481766569,112.62197542391,exact,malangkota,Portal CCTV Kota Malang (Diskominfo Kota Malang),https://cctv.malangkota.go.id/sebaran-cctv,Pemerintah Kota Malang,OFFICIAL_PORTAL,HLS,https://cctv.malangkota.go.id/cctv-stream/streams/421607974337796002196100.m3u8,https://cctv.malangkota.go.id/sebaran-cctv,421607974337796002196100,ONLINE,2026-09-04T00:20:17+07:00,Asia/Jakarta,Public monitoring feed,Ditayangkan publik oleh Pemkot Malang untuk pantauan lalu lintas. Tidak untuk redistribusi ulang tanpa izin.,0.95,
f972b4bc573db66b,Jl. Sigura-Gura Arah Barat,JTM-JL-SIGURA-GURA-ARAH-BARA,Jawa Timur,Kota Malang,LOWOKWARU,,"Jl. Bendungan Sutami No.1, Sumbersari, Kec. Lowokwaru, Kota Malang, Jawa Timur 65145, Indonesia",-7.9567892735972,112.61274532687,exact,malangkota,Portal CCTV Kota Malang (Diskominfo Kota Malang),https://cctv.malangkota.go.id/sebaran-cctv,Pemerintah Kota Malang,OFFICIAL_PORTAL,HLS,https://cctv.malangkota.go.id/cctv-stream/streams/967823448439028638648911.m3u8,https://cctv.malangkota.go.id/sebaran-cctv,967823448439028638648911,ONLINE,2026-09-04T00:20:30+07:00,Asia/Jakarta,Public monitoring feed,Ditayangkan publik oleh Pemkot Malang untuk pantauan lalu lintas. Tidak untuk redistribusi ulang tanpa izin.,0.95,
0f929761f8c20117,Jl. Simpang Sulfat Arah Utara,JTM-JL-SIMPANG-SULFAT-ARAH-U,Jawa Timur,Kota Malang,BLIMBING,,"Jl. Simpang Sulfat Jl. Sulfat No.1, Pandanwangi, Kec. Blimbing, Kota Malang, Jawa Timur 65122, Indonesia",-7.9629932799338,112.6548386024,exact,malangkota,Portal CCTV Kota Malang (Diskominfo Kota Malang),https://cctv.malangkota.go.id/sebaran-cctv,Pemerintah Kota Malang,OFFICIAL_PORTAL,HLS,https://cctv.malangkota.go.id/cctv-stream/streams/823145150519459797757495.m3u8,https://cctv.malangkota.go.id/sebaran-cctv,823145150519459797757495,ONLINE,2026-09-04T00:20:12+07:00,Asia/Jakarta,Public monitoring feed,Ditayangkan publik oleh Pemkot Malang untuk pantauan lalu lintas. Tidak untuk redistribusi ulang tanpa izin.,0.95,
ff3ed66be70b5f3c,Jl. Soekarno Hatta Arah Selatan,JTM-JL-SOEKARNO-HATTA-ARAH-S,Jawa Timur,Kota Malang,LOWOKWARU,,"Jl. Terusan Sudimoro No.2, Mojolangu, Kec. Lowokwaru, Kota Malang, Jawa Timur 65142, Indonesia",-7.9367338416675,112.62656451163,exact,malangkota,Portal CCTV Kota Malang (Diskominfo Kota Malang),https://cctv.malangkota.go.id/sebaran-cctv,Pemerintah Kota Malang,OFFICIAL_PORTAL,HLS,https://cctv.malangkota.go.id/cctv-stream/streams/889793263483161081015834.m3u8,https://cctv.malangkota.go.id/sebaran-cctv,889793263483161081015834,ONLINE,2026-09-04T00:20:31+07:00,Asia/Jakarta,Public monitoring feed,Ditayangkan publik oleh Pemkot Malang untuk pantauan lalu lintas. Tidak untuk redistribusi ulang tanpa izin.,0.95,
4a9728f2776910b4,Jl. Soekarno Hatta Arah Selatan,JTM-JL-SOEKARNO-HATTA-ARAH-S,Jawa Timur,Kota Malang,LOWOKWARU,,"Jl. Soekarno Hatta No.45b, Jatimulyo, Kec. Lowokwaru, Kota Malang, Jawa Timur 65141, Indonesia",-7.9424349556736,112.621711381,exact,malangkota,Portal CCTV Kota Malang (Diskominfo Kota Malang),https://cctv.malangkota.go.id/sebaran-cctv,Pemerintah Kota Malang,OFFICIAL_PORTAL,HLS,https://cctv.malangkota.go.id/cctv-stream/streams/227920422769509645238654.m3u8,https://cctv.malangkota.go.id/sebaran-cctv,227920422769509645238654,ONLINE,2026-09-04T00:20:32+07:00,Asia/Jakarta,Public monitoring feed,Ditayangkan publik oleh Pemkot Malang untuk pantauan lalu lintas. Tidak untuk redistribusi ulang tanpa izin.,0.95,
eb66b561e65ad1c4,Jl. Soekarno Hatta Arah Timur,JTM-JL-SOEKARNO-HATTA-ARAH-T,Jawa Timur,Kota Malang,LOWOKWARU,,"Ruko Center Point, Jl. Soekarno Hatta No.6, Mojolangu, Kec. Lowokwaru, Kota Malang, Jawa Timur 65142, Indonesia",-7.937129662437,112.62615645963,exact,malangkota,Portal CCTV Kota Malang (Diskominfo Kota Malang),https://cctv.malangkota.go.id/sebaran-cctv,Pemerintah Kota Malang,OFFICIAL_PORTAL,HLS,https://cctv.malangkota.go.id/cctv-stream/streams/184398221253246434285173.m3u8,https://cctv.malangkota.go.id/sebaran-cctv,184398221253246434285173,ONLINE,2026-09-04T00:20:32+07:00,Asia/Jakarta,Public monitoring feed,Ditayangkan publik oleh Pemkot Malang untuk pantauan lalu lintas. Tidak untuk redistribusi ulang tanpa izin.,0.95,
4cdea99c46bf0907,Jl. Soekarno Hatta Arah Utara,JTM-JL-SOEKARNO-HATTA-ARAH-U,Jawa Timur,Kota Malang,LOWOKWARU,,"Jl. Soekarno Hatta No.50, Jatimulyo, Kec. Lowokwaru, Kota Malang, Jawa Timur 65141, Indonesia",-7.9421960881843,112.62167294894,exact,malangkota,Portal CCTV Kota Malang (Diskominfo Kota Malang),https://cctv.malangkota.go.id/sebaran-cctv,Pemerintah Kota Malang,OFFICIAL_PORTAL,HLS,https://cctv.malangkota.go.id/cctv-stream/streams/490076087057536757601215.m3u8,https://cctv.malangkota.go.id/sebaran-cctv,490076087057536757601215,ONLINE,2026-09-04T00:20:29+07:00,Asia/Jakarta,Public monitoring feed,Ditayangkan publik oleh Pemkot Malang untuk pantauan lalu lintas. Tidak untuk redistribusi ulang tanpa izin.,0.95,
c44137cd107ee75d,Jl. Soekarno Hatta Arah Utara,JTM-JL-SOEKARNO-HATTA-ARAH-U,Jawa Timur,Kota Malang,LOWOKWARU,,"Jembatan, Jl. Soekarno Hatta, Jatimulyo, Kec. Lowokwaru, Kota Malang, Jawa Timur 65141, Indonesia",-7.9492444183822,112.61582183111,exact,malangkota,Portal CCTV Kota Malang (Diskominfo Kota Malang),https://cctv.malangkota.go.id/sebaran-cctv,Pemerintah Kota Malang,OFFICIAL_PORTAL,HLS,https://cctv.malangkota.go.id/cctv-stream/streams/003687850006099691498995.m3u8,https://cctv.malangkota.go.id/sebaran-cctv,003687850006099691498995,ONLINE,2026-09-04T00:20:29+07:00,Asia/Jakarta,Public monitoring feed,Ditayangkan publik oleh Pemkot Malang untuk pantauan lalu lintas. Tidak untuk redistribusi ulang tanpa izin.,0.95,
1782e4f0f1294839,Jl. Sudimoro Arah Utara,JTM-JL-SUDIMORO-ARAH-UTARA,Jawa Timur,Kota Malang,LOWOKWARU,,"3J7G+6MJ, Jl. Soekarno Hatta, Mojolangu, Kec. Lowokwaru, Kota Malang, Jawa Timur 65142, Indonesia",-7.9369975008466,112.62653818198,exact,malangkota,Portal CCTV Kota Malang (Diskominfo Kota Malang),https://cctv.malangkota.go.id/sebaran-cctv,Pemerintah Kota Malang,OFFICIAL_PORTAL,HLS,https://cctv.malangkota.go.id/cctv-stream/streams/682516686812038046706085.m3u8,https://cctv.malangkota.go.id/sebaran-cctv,682516686812038046706085,ONLINE,2026-09-04T00:20:31+07:00,Asia/Jakarta,Public monitoring feed,Ditayangkan publik oleh Pemkot Malang untuk pantauan lalu lintas. Tidak untuk redistribusi ulang tanpa izin.,0.95,
e0b8f0aea54a1b1c,Jl. Sudirman Arah Selatan,JTM-JL-SUDIRMAN-ARAH-SELATAN,Jawa Timur,Kota Malang,KLOJEN,,"Jl. Patimura No.111, Klojen, Kec. Klojen, Kota Malang, Jawa Timur 65111, Indonesia",-7.9735734527294,112.63851073613,exact,malangkota,Portal CCTV Kota Malang (Diskominfo Kota Malang),https://cctv.malangkota.go.id/sebaran-cctv,Pemerintah Kota Malang,OFFICIAL_PORTAL,HLS,https://cctv.malangkota.go.id/cctv-stream/streams/024271174990073130193626.m3u8,https://cctv.malangkota.go.id/sebaran-cctv,024271174990073130193626,ONLINE,2026-09-04T00:20:23+07:00,Asia/Jakarta,Public monitoring feed,Ditayangkan publik oleh Pemkot Malang untuk pantauan lalu lintas. Tidak untuk redistribusi ulang tanpa izin.,0.95,
4427ad5cff63ebf8,Jl. Sudirman Arah Utara,JTM-JL-SUDIRMAN-ARAH-UTARA,Jawa Timur,Kota Malang,BLIMBING,,"Jl. Panglima Sudirman No.27, Kesatrian, Kec. Blimbing, Kota Malang, Jawa Timur 65111, Indonesia",-7.9736465799843,112.63850530227,exact,malangkota,Portal CCTV Kota Malang (Diskominfo Kota Malang),https://cctv.malangkota.go.id/sebaran-cctv,Pemerintah Kota Malang,OFFICIAL_PORTAL,HLS,https://cctv.malangkota.go.id/cctv-stream/streams/366629122294580263258917.m3u8,https://cctv.malangkota.go.id/sebaran-cctv,366629122294580263258917,ONLINE,2026-09-04T00:20:11+07:00,Asia/Jakarta,Public monitoring feed,Ditayangkan publik oleh Pemkot Malang untuk pantauan lalu lintas. Tidak untuk redistribusi ulang tanpa izin.,0.95,
22412456ee927be3,Jl. Sulawesi Arah Selatan,JTM-JL-SULAWESI-ARAH-SELATAN,Jawa Timur,Kota Malang,KLOJEN,,"Jl. Sulawesi No.1, Kasin, Kec. Klojen, Kota Malang, Jawa Timur 65117, Indonesia",-7.9861297618618,112.62655917045,exact,malangkota,Portal CCTV Kota Malang (Diskominfo Kota Malang),https://cctv.malangkota.go.id/sebaran-cctv,Pemerintah Kota Malang,OFFICIAL_PORTAL,HLS,https://cctv.malangkota.go.id/cctv-stream/streams/346702335161875943863648.m3u8,https://cctv.malangkota.go.id/sebaran-cctv,346702335161875943863648,ONLINE,2026-09-04T00:20:21+07:00,Asia/Jakarta,Public monitoring feed,Ditayangkan publik oleh Pemkot Malang untuk pantauan lalu lintas. Tidak untuk redistribusi ulang tanpa izin.,0.95,
2137cc2d3acdbda7,Jl. Sumber Sari Arah Utara,JTM-JL-SUMBER-SARI-ARAH-UTAR,Jawa Timur,Kota Malang,LOWOKWARU,,"Jl. Veteran No.310, Ketawanggede, Kec. Lowokwaru, Kota Malang, Jawa Timur 65145, Indonesia",-7.9565649765027,112.6127142895,exact,malangkota,Portal CCTV Kota Malang (Diskominfo Kota Malang),https://cctv.malangkota.go.id/sebaran-cctv,Pemerintah Kota Malang,OFFICIAL_PORTAL,HLS,https://cctv.malangkota.go.id/cctv-stream/streams/639466428930627267991858.m3u8,https://cctv.malangkota.go.id/sebaran-cctv,639466428930627267991858,ONLINE,2026-09-04T00:20:32+07:00,Asia/Jakarta,Public monitoring feed,Ditayangkan publik oleh Pemkot Malang untuk pantauan lalu lintas. Tidak untuk redistribusi ulang tanpa izin.,0.95,
dfe6764b31f85c1b,Jl. Sutan Syahrir Arah Selatan,JTM-JL-SUTAN-SYAHRIR-ARAH-SE,Jawa Timur,Kota Malang,KLOJEN,,"Jl. Pasar Besar No.6, Sukoharjo, Kec. Klojen, Kota Malang, Jawa Timur 65117, Indonesia",-7.9853327934448,112.63091800772,exact,malangkota,Portal CCTV Kota Malang (Diskominfo Kota Malang),https://cctv.malangkota.go.id/sebaran-cctv,Pemerintah Kota Malang,OFFICIAL_PORTAL,HLS,https://cctv.malangkota.go.id/cctv-stream/streams/112214116527259160582301.m3u8,https://cctv.malangkota.go.id/sebaran-cctv,112214116527259160582301,ONLINE,2026-09-04T00:20:20+07:00,Asia/Jakarta,Public monitoring feed,Ditayangkan publik oleh Pemkot Malang untuk pantauan lalu lintas. Tidak untuk redistribusi ulang tanpa izin.,0.95,
b41666672ee26757,Jl. Syarif Al Qodri Arah Selatan,JTM-JL-SYARIF-AL-QODRI-ARAH-,Jawa Timur,Kota Malang,KLOJEN,,"Jl. Syarif Al-Qodri No.28, Kasin, Kec. Klojen, Kota Malang, Jawa Timur 65117, Indonesia",-7.9847601051597,112.62879684933,exact,malangkota,Portal CCTV Kota Malang (Diskominfo Kota Malang),https://cctv.malangkota.go.id/sebaran-cctv,Pemerintah Kota Malang,OFFICIAL_PORTAL,HLS,https://cctv.malangkota.go.id/cctv-stream/streams/333495472392613611434090.m3u8,https://cctv.malangkota.go.id/sebaran-cctv,333495472392613611434090,ONLINE,2026-09-04T00:20:16+07:00,Asia/Jakarta,Public monitoring feed,Ditayangkan publik oleh Pemkot Malang untuk pantauan lalu lintas. Tidak untuk redistribusi ulang tanpa izin.,0.95,
7f5796da7068eeb8,Jl. Terusan Dieng Arah Barat,JTM-JL-TERUSAN-DIENG-ARAH-BA,Jawa Timur,Kota Malang,SUKUN,,"UNMER Malang Park, Jl. Terusan Dieng, Pisang Candi, Sukun, Malang City, East Java 65146, Indonesia",-7.9732569575768,112.61281063468,exact,malangkota,Portal CCTV Kota Malang (Diskominfo Kota Malang),https://cctv.malangkota.go.id/sebaran-cctv,Pemerintah Kota Malang,OFFICIAL_PORTAL,HLS,https://cctv.malangkota.go.id/cctv-stream/streams/077636403437244032401245.m3u8,https://cctv.malangkota.go.id/sebaran-cctv,077636403437244032401245,ONLINE,2026-09-04T00:20:28+07:00,Asia/Jakarta,Public monitoring feed,Ditayangkan publik oleh Pemkot Malang untuk pantauan lalu lintas. Tidak untuk redistribusi ulang tanpa izin.,0.95,
0152275601451029,Jl. Terusan Ijen Arah Selatan,JTM-JL-TERUSAN-IJEN-ARAH-SEL,Jawa Timur,Kota Malang,KLOJEN,,"Jl. Kawi No.46, Gading Kasri, Kec. Klojen, Kota Malang, Jawa Timur 65116, Indonesia",-7.975682460697,112.62043425845,exact,malangkota,Portal CCTV Kota Malang (Diskominfo Kota Malang),https://cctv.malangkota.go.id/sebaran-cctv,Pemerintah Kota Malang,OFFICIAL_PORTAL,HLS,https://cctv.malangkota.go.id/cctv-stream/streams/495229592063339988032865.m3u8,https://cctv.malangkota.go.id/sebaran-cctv,495229592063339988032865,ONLINE,2026-09-04T00:20:18+07:00,Asia/Jakarta,Public monitoring feed,Ditayangkan publik oleh Pemkot Malang untuk pantauan lalu lintas. Tidak untuk redistribusi ulang tanpa izin.,0.95,
4b897bd6d27726cd,Jl. Terusan Sulfat Arah Barat,JTM-JL-TERUSAN-SULFAT-ARAH-B,Jawa Timur,Kota Malang,BLIMBING,,"Jl. Terusan Sulfat No.69, Pandanwangi, Kec. Blimbing, Kota Malang, Jawa Timur, Indonesia",-7.9648242672158,112.65724367439,exact,malangkota,Portal CCTV Kota Malang (Diskominfo Kota Malang),https://cctv.malangkota.go.id/sebaran-cctv,Pemerintah Kota Malang,OFFICIAL_PORTAL,HLS,https://cctv.malangkota.go.id/cctv-stream/streams/212852265924619178576872.m3u8,https://cctv.malangkota.go.id/sebaran-cctv,212852265924619178576872,ONLINE,2026-09-04T00:20:10+07:00,Asia/Jakarta,Public monitoring feed,Ditayangkan publik oleh Pemkot Malang untuk pantauan lalu lintas. Tidak untuk redistribusi ulang tanpa izin.,0.95,
7d24ace1cc9bbf70,Jl. Terusan Sulfat Arah Barat,JTM-JL-TERUSAN-SULFAT-ARAH-B,Jawa Timur,Kota Malang,KEDUNGKANDANG,,"Mangliyawan Jl. Kapi Woro No.44, Keduyo, Mangliawan, Kec. Pakis, Malang, Jawa Timur 65139, Indonesia",-7.9662925808599,112.65969447066,exact,malangkota,Portal CCTV Kota Malang (Diskominfo Kota Malang),https://cctv.malangkota.go.id/sebaran-cctv,Pemerintah Kota Malang,OFFICIAL_PORTAL,HLS,https://cctv.malangkota.go.id/cctv-stream/streams/051869339713065045968859.m3u8,https://cctv.malangkota.go.id/sebaran-cctv,051869339713065045968859,ONLINE,2026-09-04T00:20:25+07:00,Asia/Jakarta,Public monitoring feed,Ditayangkan publik oleh Pemkot Malang untuk pantauan lalu lintas. Tidak untuk redistribusi ulang tanpa izin.,0.95,
95050310658c90f0,Jl. Terusan Sulfat Arah Barat,JTM-JL-TERUSAN-SULFAT-ARAH-B,Jawa Timur,Kota Malang,KEDUNGKANDANG,,"01, Jl. Terusan Sulfat No.3, Sawojajar, Kec. Kedungkandang, Kota Malang, Jawa Timur 65139, Indonesia",-7.9652876918478,112.6574405095,exact,malangkota,Portal CCTV Kota Malang (Diskominfo Kota Malang),https://cctv.malangkota.go.id/sebaran-cctv,Pemerintah Kota Malang,OFFICIAL_PORTAL,HLS,https://cctv.malangkota.go.id/cctv-stream/streams/255437547268502386905563.m3u8,https://cctv.malangkota.go.id/sebaran-cctv,255437547268502386905563,ONLINE,2026-09-04T00:20:25+07:00,Asia/Jakarta,Public monitoring feed,Ditayangkan publik oleh Pemkot Malang untuk pantauan lalu lintas. Tidak untuk redistribusi ulang tanpa izin.,0.95,
374d5eb8af2403aa,Jl. Terusan Sulfat Arah Timur,JTM-JL-TERUSAN-SULFAT-ARAH-T,Jawa Timur,Kota Malang,BLIMBING,,"Jl. Terusan Sulfat No.2, RT.01, Pandanwangi, Kec. Blimbing, Kota Malang, Jawa Timur, Indonesia",-7.9630748957441,112.65486782729,exact,malangkota,Portal CCTV Kota Malang (Diskominfo Kota Malang),https://cctv.malangkota.go.id/sebaran-cctv,Pemerintah Kota Malang,OFFICIAL_PORTAL,HLS,https://cctv.malangkota.go.id/cctv-stream/streams/408048032842553451896390.m3u8,https://cctv.malangkota.go.id/sebaran-cctv,408048032842553451896390,ONLINE,2026-09-04T00:20:09+07:00,Asia/Jakarta,Public monitoring feed,Ditayangkan publik oleh Pemkot Malang untuk pantauan lalu lintas. Tidak untuk redistribusi ulang tanpa izin.,0.95,
1b4254dd45c27981,Jl. Terusan Sulfat Arah Timur,JTM-JL-TERUSAN-SULFAT-ARAH-T,Jawa Timur,Kota Malang,BLIMBING,,"Jl. Terusan Sulfat No.69, Pandanwangi, Kec. Blimbing, Kota Malang, Jawa Timur, Indonesia",-7.9649247039489,112.65728096499,exact,malangkota,Portal CCTV Kota Malang (Diskominfo Kota Malang),https://cctv.malangkota.go.id/sebaran-cctv,Pemerintah Kota Malang,OFFICIAL_PORTAL,HLS,https://cctv.malangkota.go.id/cctv-stream/streams/778411640624267613516944.m3u8,https://cctv.malangkota.go.id/sebaran-cctv,778411640624267613516944,ONLINE,2026-09-04T00:20:12+07:00,Asia/Jakarta,Public monitoring feed,Ditayangkan publik oleh Pemkot Malang untuk pantauan lalu lintas. Tidak untuk redistribusi ulang tanpa izin.,0.95,
ab6c2d375a375796,Jl. Terusan Sulfat Arah Timur,JTM-JL-TERUSAN-SULFAT-ARAH-T,Jawa Timur,Kota Malang,BLIMBING,,"Jl. Terusan Sulfat No.5, Pandanwangi, Kec. Blimbing, Kota Malang, Jawa Timur 65122, Indonesia",-7.9656329828642,112.6575678448,exact,malangkota,Portal CCTV Kota Malang (Diskominfo Kota Malang),https://cctv.malangkota.go.id/sebaran-cctv,Pemerintah Kota Malang,OFFICIAL_PORTAL,HLS,https://cctv.malangkota.go.id/cctv-stream/streams/753337323046986013041375.m3u8,https://cctv.malangkota.go.id/sebaran-cctv,753337323046986013041375,ONLINE,2026-09-04T00:20:15+07:00,Asia/Jakarta,Public monitoring feed,Ditayangkan publik oleh Pemkot Malang untuk pantauan lalu lintas. Tidak untuk redistribusi ulang tanpa izin.,0.95,
c9aa8c7e853b6703,Jl. Tidar Arah Barat,JTM-JL-TIDAR-ARAH-BARAT,Jawa Timur,Kota Malang,SUKUN,,"Jl. Raya Tidar No.1c, Gading Kasri, Kec. Klojen, Kota Malang, Jawa Timur 65149, Indonesia",-7.967129678414,112.61342987975,exact,malangkota,Portal CCTV Kota Malang (Diskominfo Kota Malang),https://cctv.malangkota.go.id/sebaran-cctv,Pemerintah Kota Malang,OFFICIAL_PORTAL,HLS,https://cctv.malangkota.go.id/cctv-stream/streams/697348239578014654770613.m3u8,https://cctv.malangkota.go.id/sebaran-cctv,697348239578014654770613,OFFLINE,2026-09-04T00:20:29+07:00,Asia/Jakarta,Public monitoring feed,Ditayangkan publik oleh Pemkot Malang untuk pantauan lalu lintas. Tidak untuk redistribusi ulang tanpa izin.,0.95,
62a3d9e0af26968b,Jl. Tlogomas Arah Barat,JTM-JL-TLOGOMAS-ARAH-BARAT,Jawa Timur,Kota Malang,LOWOKWARU,,"Jl. Raya Tlogomas No.14a, Tlogomas, Kec. Lowokwaru, Kota Malang, Jawa Timur 65144, Indonesia",-7.9239952304502,112.59879614928,exact,malangkota,Portal CCTV Kota Malang (Diskominfo Kota Malang),https://cctv.malangkota.go.id/sebaran-cctv,Pemerintah Kota Malang,OFFICIAL_PORTAL,HLS,https://cctv.malangkota.go.id/cctv-stream/streams/572534477246123479166921.m3u8,https://cctv.malangkota.go.id/sebaran-cctv,572534477246123479166921,ONLINE,2026-09-04T00:20:29+07:00,Asia/Jakarta,Public monitoring feed,Ditayangkan publik oleh Pemkot Malang untuk pantauan lalu lintas. Tidak untuk redistribusi ulang tanpa izin.,0.95,
2268792dfbc81683,Jl. Tlogomas Arah Barat,JTM-JL-TLOGOMAS-ARAH-BARAT,Jawa Timur,Kota Malang,LOWOKWARU,,"Jl. Tlogomas No.61, Tlogomas, Kec. Lowokwaru, Kota Malang, Jawa Timur 65144, Indonesia",-7.9331659845176,112.60341637719,exact,malangkota,Portal CCTV Kota Malang (Diskominfo Kota Malang),https://cctv.malangkota.go.id/sebaran-cctv,Pemerintah Kota Malang,OFFICIAL_PORTAL,HLS,https://cctv.malangkota.go.id/cctv-stream/streams/318197263503692449077822.m3u8,https://cctv.malangkota.go.id/sebaran-cctv,318197263503692449077822,ONLINE,2026-09-04T00:20:30+07:00,Asia/Jakarta,Public monitoring feed,Ditayangkan publik oleh Pemkot Malang untuk pantauan lalu lintas. Tidak untuk redistribusi ulang tanpa izin.,0.95,
6704713c2edf2a66,Jl. Tlogomas Arah Barat,JTM-JL-TLOGOMAS-ARAH-BARAT,Jawa Timur,Kota Malang,LOWOKWARU,,"Jl. Raya Tlogomas No.53, Tlogomas, Kec. Lowokwaru, Kota Malang, Jawa Timur 65144, Indonesia",-7.9204336552247,112.59424422085,exact,malangkota,Portal CCTV Kota Malang (Diskominfo Kota Malang),https://cctv.malangkota.go.id/sebaran-cctv,Pemerintah Kota Malang,OFFICIAL_PORTAL,HLS,https://cctv.malangkota.go.id/cctv-stream/streams/764851199443964636246450.m3u8,https://cctv.malangkota.go.id/sebaran-cctv,764851199443964636246450,ONLINE,2026-09-04T00:20:31+07:00,Asia/Jakarta,Public monitoring feed,Ditayangkan publik oleh Pemkot Malang untuk pantauan lalu lintas. Tidak untuk redistribusi ulang tanpa izin.,0.95,
bb07ff15221e8786,Jl. Tlogomas Arah Timur,JTM-JL-TLOGOMAS-ARAH-TIMUR,Jawa Timur,Kota Malang,LOWOKWARU,,"Jl. Raya Tlogomas No.49, Tlogomas, Kec. Lowokwaru, Kota Malang, Jawa Timur 65144, Indonesia",-7.9206147193538,112.5944402632,exact,malangkota,Portal CCTV Kota Malang (Diskominfo Kota Malang),https://cctv.malangkota.go.id/sebaran-cctv,Pemerintah Kota Malang,OFFICIAL_PORTAL,HLS,https://cctv.malangkota.go.id/cctv-stream/streams/963661947392775741127849.m3u8,https://cctv.malangkota.go.id/sebaran-cctv,963661947392775741127849,ONLINE,2026-09-04T00:20:30+07:00,Asia/Jakarta,Public monitoring feed,Ditayangkan publik oleh Pemkot Malang untuk pantauan lalu lintas. Tidak untuk redistribusi ulang tanpa izin.,0.95,
ff0e4013e9ada88e,Jl. Tlogomas Arah Timur,JTM-JL-TLOGOMAS-ARAH-TIMUR,Jawa Timur,Kota Malang,LOWOKWARU,,"Jl. Tlogomas No.61s, Tlogomas, Kec. Lowokwaru, Kota Malang, Jawa Timur 65144, Indonesia",-7.9334268650853,112.60360962848,exact,malangkota,Portal CCTV Kota Malang (Diskominfo Kota Malang),https://cctv.malangkota.go.id/sebaran-cctv,Pemerintah Kota Malang,OFFICIAL_PORTAL,HLS,https://cctv.malangkota.go.id/cctv-stream/streams/704720868465795037095760.m3u8,https://cctv.malangkota.go.id/sebaran-cctv,704720868465795037095760,ONLINE,2026-09-04T00:20:32+07:00,Asia/Jakarta,Public monitoring feed,Ditayangkan publik oleh Pemkot Malang untuk pantauan lalu lintas. Tidak untuk redistribusi ulang tanpa izin.,0.95,
db88118c31055e94,Jl. Trunojoyo Arah Barat,JTM-JL-TRUNOJOYO-ARAH-BARAT,Jawa Timur,Kota Malang,KLOJEN,,"Jl. Embong Brantas No.1, Kiduldalem, Kec. Klojen, Kota Malang, Jawa Timur 65119, Indonesia",-7.9808355434006,112.6378441011,exact,malangkota,Portal CCTV Kota Malang (Diskominfo Kota Malang),https://cctv.malangkota.go.id/sebaran-cctv,Pemerintah Kota Malang,OFFICIAL_PORTAL,HLS,https://cctv.malangkota.go.id/cctv-stream/streams/188475135081668166134552.m3u8,https://cctv.malangkota.go.id/sebaran-cctv,188475135081668166134552,ONLINE,2026-09-04T00:20:20+07:00,Asia/Jakarta,Public monitoring feed,Ditayangkan publik oleh Pemkot Malang untuk pantauan lalu lintas. Tidak untuk redistribusi ulang tanpa izin.,0.95,
2ba40d40c9a8e367,Jl. Trunojoyo Arah Selatan,JTM-JL-TRUNOJOYO-ARAH-SELATA,Jawa Timur,Kota Malang,KLOJEN,,"Depan, Malang, Jl. Trunojoyo, Kiduldalem, Kec. Klojen, Kota Malang, Jawa Timur, Indonesia",-7.9777776777458,112.63687422811,exact,malangkota,Portal CCTV Kota Malang (Diskominfo Kota Malang),https://cctv.malangkota.go.id/sebaran-cctv,Pemerintah Kota Malang,OFFICIAL_PORTAL,HLS,https://cctv.malangkota.go.id/cctv-stream/streams/027277786580967639165024.m3u8,https://cctv.malangkota.go.id/sebaran-cctv,027277786580967639165024,ONLINE,2026-09-04T00:20:19+07:00,Asia/Jakarta,Public monitoring feed,Ditayangkan publik oleh Pemkot Malang untuk pantauan lalu lintas. Tidak untuk redistribusi ulang tanpa izin.,0.95,
07ec7cbd8410e626,Jl. Trunojoyo Arah Utara,JTM-JL-TRUNOJOYO-ARAH-UTARA,Jawa Timur,Kota Malang,KLOJEN,,"Jl. Trunojoyo No.81, Klojen, Kec. Klojen, Kota Malang, Jawa Timur 65111, Indonesia",-7.9773796247967,112.63682801673,exact,malangkota,Portal CCTV Kota Malang (Diskominfo Kota Malang),https://cctv.malangkota.go.id/sebaran-cctv,Pemerintah Kota Malang,OFFICIAL_PORTAL,HLS,https://cctv.malangkota.go.id/cctv-stream/streams/853226045901551050379815.m3u8,https://cctv.malangkota.go.id/sebaran-cctv,853226045901551050379815,ONLINE,2026-09-04T00:20:23+07:00,Asia/Jakarta,Public monitoring feed,Ditayangkan publik oleh Pemkot Malang untuk pantauan lalu lintas. Tidak untuk redistribusi ulang tanpa izin.,0.95,
f14bec1f64180d76,Jl. Tugu Arah Selatan,JTM-JL-TUGU-ARAH-SELATAN,Jawa Timur,Kota Malang,KLOJEN,,"Hotel Tugu, Kiduldalem, Kec. Klojen, Kota Malang, Jawa Timur, Indonesia",-7.9770357920207,112.63345641439,exact,malangkota,Portal CCTV Kota Malang (Diskominfo Kota Malang),https://cctv.malangkota.go.id/sebaran-cctv,Pemerintah Kota Malang,OFFICIAL_PORTAL,HLS,https://cctv.malangkota.go.id/cctv-stream/streams/938791837334761355142482.m3u8,https://cctv.malangkota.go.id/sebaran-cctv,938791837334761355142482,ONLINE,2026-09-04T00:20:24+07:00,Asia/Jakarta,Public monitoring feed,Ditayangkan publik oleh Pemkot Malang untuk pantauan lalu lintas. Tidak untuk redistribusi ulang tanpa izin.,0.95,
9c6680f4e3189eab,Jl. Tugu Arah Selatan (Balaikota),JTM-JL-TUGU-ARAH-SELATAN-BAL,Jawa Timur,Kota Malang,KLOJEN,,"Jl. Tugu No.1A, Kiduldalem, Kec. Klojen, Kota Malang, Jawa Timur 65119, Indonesia",-7.9773249658189,112.63465412321,exact,malangkota,Portal CCTV Kota Malang (Diskominfo Kota Malang),https://cctv.malangkota.go.id/sebaran-cctv,Pemerintah Kota Malang,OFFICIAL_PORTAL,HLS,https://cctv.malangkota.go.id/cctv-stream/streams/188896189032493229715252.m3u8,https://cctv.malangkota.go.id/sebaran-cctv,188896189032493229715252,ONLINE,2026-09-04T00:20:17+07:00,Asia/Jakarta,Public monitoring feed,Ditayangkan publik oleh Pemkot Malang untuk pantauan lalu lintas. Tidak untuk redistribusi ulang tanpa izin.,0.95,
5e54a2517ece36ce,Jl. Tugu Arah Utara,JTM-JL-TUGU-ARAH-UTARA,Jawa Timur,Kota Malang,KLOJEN,,"Hotel Tugu, Kiduldalem, Kec. Klojen, Kota Malang, Jawa Timur, Indonesia",-7.9768770504848,112.63349791746,exact,malangkota,Portal CCTV Kota Malang (Diskominfo Kota Malang),https://cctv.malangkota.go.id/sebaran-cctv,Pemerintah Kota Malang,OFFICIAL_PORTAL,HLS,https://cctv.malangkota.go.id/cctv-stream/streams/621626709539809832237018.m3u8,https://cctv.malangkota.go.id/sebaran-cctv,621626709539809832237018,ONLINE,2026-09-04T00:20:23+07:00,Asia/Jakarta,Public monitoring feed,Ditayangkan publik oleh Pemkot Malang untuk pantauan lalu lintas. Tidak untuk redistribusi ulang tanpa izin.,0.95,
d0fada18fe33b2fb,Jl. Tugu Arah Utara,JTM-JL-TUGU-ARAH-UTARA,Jawa Timur,Kota Malang,KLOJEN,,"Jl. Tugu No.1, Kiduldalem, Kec. Klojen, Kota Malang, Jawa Timur 65111, Indonesia",-7.9770874644213,112.63467063147,exact,malangkota,Portal CCTV Kota Malang (Diskominfo Kota Malang),https://cctv.malangkota.go.id/sebaran-cctv,Pemerintah Kota Malang,OFFICIAL_PORTAL,HLS,https://cctv.malangkota.go.id/cctv-stream/streams/012071430581878807503129.m3u8,https://cctv.malangkota.go.id/sebaran-cctv,012071430581878807503129,ONLINE,2026-09-04T00:20:24+07:00,Asia/Jakarta,Public monitoring feed,Ditayangkan publik oleh Pemkot Malang untuk pantauan lalu lintas. Tidak untuk redistribusi ulang tanpa izin.,0.95,
6bd5b14c93095b6d,Jl. Tumenggung Suryo Arah Utara,JTM-JL-TUMENGGUNG-SURYO-ARAH,Jawa Timur,Kota Malang,BLIMBING,,"Jl. R. Tumenggung Suryo No.18-2, Bunulrejo, Kec. Blimbing, Kota Malang, Jawa Timur 65111, Indonesia",-7.9668594204155,112.63858632769,exact,malangkota,Portal CCTV Kota Malang (Diskominfo Kota Malang),https://cctv.malangkota.go.id/sebaran-cctv,Pemerintah Kota Malang,OFFICIAL_PORTAL,HLS,https://cctv.malangkota.go.id/cctv-stream/streams/444403449139429455057068.m3u8,https://cctv.malangkota.go.id/sebaran-cctv,444403449139429455057068,ONLINE,2026-09-04T00:20:11+07:00,Asia/Jakarta,Public monitoring feed,Ditayangkan publik oleh Pemkot Malang untuk pantauan lalu lintas. Tidak untuk redistribusi ulang tanpa izin.,0.95,
505d3ee7576270a1,Jl. Untung Suropati Arah Timur,JTM-JL-UNTUNG-SUROPATI-ARAH-,Jawa Timur,Kota Malang,BLIMBING,,"Jl. Panglima Sudirman No.30, Kesatrian, Kec. Blimbing, Kota Malang, Jawa Timur 65111, Indonesia",-7.9809071060389,112.63792468473,exact,malangkota,Portal CCTV Kota Malang (Diskominfo Kota Malang),https://cctv.malangkota.go.id/sebaran-cctv,Pemerintah Kota Malang,OFFICIAL_PORTAL,HLS,https://cctv.malangkota.go.id/cctv-stream/streams/427283423567089689597287.m3u8,https://cctv.malangkota.go.id/sebaran-cctv,427283423567089689597287,ONLINE,2026-09-04T00:20:14+07:00,Asia/Jakarta,Public monitoring feed,Ditayangkan publik oleh Pemkot Malang untuk pantauan lalu lintas. Tidak untuk redistribusi ulang tanpa izin.,0.95,
3c2bd83572b55bd1,Jl. Urip Sumoharjo Arah Barat,JTM-JL-URIP-SUMOHARJO-ARAH-B,Jawa Timur,Kota Malang,BLIMBING,,"Jl. Simpang Kesatrian No.6, Keduyo, Kesatrian, Kec. Blimbing, Kota Malang, Jawa Timur 65121, Indonesia",-7.9774681732751,112.64342693784,exact,malangkota,Portal CCTV Kota Malang (Diskominfo Kota Malang),https://cctv.malangkota.go.id/sebaran-cctv,Pemerintah Kota Malang,OFFICIAL_PORTAL,HLS,https://cctv.malangkota.go.id/cctv-stream/streams/498383745389554459491639.m3u8,https://cctv.malangkota.go.id/sebaran-cctv,498383745389554459491639,ONLINE,2026-09-04T00:20:13+07:00,Asia/Jakarta,Public monitoring feed,Ditayangkan publik oleh Pemkot Malang untuk pantauan lalu lintas. Tidak untuk redistribusi ulang tanpa izin.,0.95,
e27d342907dc965c,Jl. Urip Sumoharjo Arah Timur,JTM-JL-URIP-SUMOHARJO-ARAH-T,Jawa Timur,Kota Malang,BLIMBING,,"PT AGF General Insurance Cabang Malang, Jl. Panglima Sudirman No.27, Kesatrian, Kec. Blimbing, Kota Malang, Jawa Timur 65111, Indonesia",-7.9734726714543,112.63840644718,exact,malangkota,Portal CCTV Kota Malang (Diskominfo Kota Malang),https://cctv.malangkota.go.id/sebaran-cctv,Pemerintah Kota Malang,OFFICIAL_PORTAL,HLS,https://cctv.malangkota.go.id/cctv-stream/streams/490601680936121642601185.m3u8,https://cctv.malangkota.go.id/sebaran-cctv,490601680936121642601185,ONLINE,2026-09-04T00:20:12+07:00,Asia/Jakarta,Public monitoring feed,Ditayangkan publik oleh Pemkot Malang untuk pantauan lalu lintas. Tidak untuk redistribusi ulang tanpa izin.,0.95,
adda743b59c39005,Jl. Veteran Arah Barat,JTM-JL-VETERAN-ARAH-BARAT,Jawa Timur,Kota Malang,KLOJEN,,"Jl. Bandung No.42, Penanggungan, Kec. Klojen, Kota Malang, Jawa Timur 65113, Indonesia",-7.9599377065654,112.62158622143,exact,malangkota,Portal CCTV Kota Malang (Diskominfo Kota Malang),https://cctv.malangkota.go.id/sebaran-cctv,Pemerintah Kota Malang,OFFICIAL_PORTAL,HLS,https://cctv.malangkota.go.id/cctv-stream/streams/838413871917489102204055.m3u8,https://cctv.malangkota.go.id/sebaran-cctv,838413871917489102204055,ONLINE,2026-09-04T00:20:15+07:00,Asia/Jakarta,Public monitoring feed,Ditayangkan publik oleh Pemkot Malang untuk pantauan lalu lintas. Tidak untuk redistribusi ulang tanpa izin.,0.95,
79ab6850bbc654f5,Jl. Veteran Arah Selatan,JTM-JL-VETERAN-ARAH-SELATAN,Jawa Timur,Kota Malang,KLOJEN,,"Jl. Tangerang No.25, Penanggungan, Kec. Klojen, Kota Malang, Jawa Timur 65113, Indonesia",-7.9598377716445,112.62178774821,exact,malangkota,Portal CCTV Kota Malang (Diskominfo Kota Malang),https://cctv.malangkota.go.id/sebaran-cctv,Pemerintah Kota Malang,OFFICIAL_PORTAL,HLS,https://cctv.malangkota.go.id/cctv-stream/streams/440008799417875731945423.m3u8,https://cctv.malangkota.go.id/sebaran-cctv,440008799417875731945423,ONLINE,2026-09-04T00:20:19+07:00,Asia/Jakarta,Public monitoring feed,Ditayangkan publik oleh Pemkot Malang untuk pantauan lalu lintas. Tidak untuk redistribusi ulang tanpa izin.,0.95,
8026329e1e51552c,Jl. W.R. Supratman Arah Barat,JTM-JL-W-R-SUPRATMAN-ARAH-BA,Jawa Timur,Kota Malang,KLOJEN,,"Jl. Wage Rudolf Supratman No.12, Rampal Celaket, Kec. Klojen, Kota Malang, Jawa Timur 65111, Indonesia",-7.9665753600178,112.6381462263,exact,malangkota,Portal CCTV Kota Malang (Diskominfo Kota Malang),https://cctv.malangkota.go.id/sebaran-cctv,Pemerintah Kota Malang,OFFICIAL_PORTAL,HLS,https://cctv.malangkota.go.id/cctv-stream/streams/465602083379458835437909.m3u8,https://cctv.malangkota.go.id/sebaran-cctv,465602083379458835437909,ONLINE,2026-09-04T00:20:16+07:00,Asia/Jakarta,Public monitoring feed,Ditayangkan publik oleh Pemkot Malang untuk pantauan lalu lintas. Tidak untuk redistribusi ulang tanpa izin.,0.95,
ced675ad1b85b721,Jl. WR. Supratman Arah Selatan,JTM-JL-WR-SUPRATMAN-ARAH-SEL,Jawa Timur,Kota Malang,KLOJEN,,"Jl. Jaksa Agung Suprapto No.72b, Rampal Celaket, Kec. Klojen, Kota Malang, Jawa Timur 65141, Indonesia",-7.9645622164363,112.6350697533,exact,malangkota,Portal CCTV Kota Malang (Diskominfo Kota Malang),https://cctv.malangkota.go.id/sebaran-cctv,Pemerintah Kota Malang,OFFICIAL_PORTAL,HLS,https://cctv.malangkota.go.id/cctv-stream/streams/540407055746756125950976.m3u8,https://cctv.malangkota.go.id/sebaran-cctv,540407055746756125950976,ONLINE,2026-09-04T00:20:24+07:00,Asia/Jakarta,Public monitoring feed,Ditayangkan publik oleh Pemkot Malang untuk pantauan lalu lintas. Tidak untuk redistribusi ulang tanpa izin.,0.95,
303a4858e354a374,Jl. Wahidin Arah Utara,JTM-JL-WAHIDIN-ARAH-UTARA,Jawa Timur,Kota Malang,KLOJEN,,Jl. Wahidin Arah Utara,-7.9691442912965,112.63630916385,exact,malangkota,Portal CCTV Kota Malang (Diskominfo Kota Malang),https://cctv.malangkota.go.id/sebaran-cctv,Pemerintah Kota Malang,OFFICIAL_PORTAL,HLS,https://cctv.malangkota.go.id/cctv-stream/streams/028590945630518341489747.m3u8,https://cctv.malangkota.go.id/sebaran-cctv,028590945630518341489747,ONLINE,2026-09-04T00:20:20+07:00,Asia/Jakarta,Public monitoring feed,Ditayangkan publik oleh Pemkot Malang untuk pantauan lalu lintas. Tidak untuk redistribusi ulang tanpa izin.,0.95,
bbaca26900b05e3d,Jl. Yulius Usman Arah Barat,JTM-JL-YULIUS-USMAN-ARAH-BAR,Jawa Timur,Kota Malang,KLOJEN,,"Ruko Sulawesi Indah, Jalan Sulawesi Blok 2A, Jl. Yulius Usman No. 29C, Kasin, Klojen, Kasin, Kec. Klojen, Kota Malang, Jawa Timur 65117, Indonesia",-7.9859869889643,112.62656234937,exact,malangkota,Portal CCTV Kota Malang (Diskominfo Kota Malang),https://cctv.malangkota.go.id/sebaran-cctv,Pemerintah Kota Malang,OFFICIAL_PORTAL,HLS,https://cctv.malangkota.go.id/cctv-stream/streams/920796867173871680340694.m3u8,https://cctv.malangkota.go.id/sebaran-cctv,920796867173871680340694,ONLINE,2026-09-04T00:20:22+07:00,Asia/Jakarta,Public monitoring feed,Ditayangkan publik oleh Pemkot Malang untuk pantauan lalu lintas. Tidak untuk redistribusi ulang tanpa izin.,0.95,
7af52b94f20fb067,Jl. Yulius Usman Arah Timur,JTM-JL-YULIUS-USMAN-ARAH-TIM,Jawa Timur,Kota Malang,KLOJEN,,"Jl. Yulius Usman No.32, Kasin, Kec. Klojen, Kota Malang, Jawa Timur 65117, Indonesia",-7.9859976732094,112.62661966646,exact,malangkota,Portal CCTV Kota Malang (Diskominfo Kota Malang),https://cctv.malangkota.go.id/sebaran-cctv,Pemerintah Kota Malang,OFFICIAL_PORTAL,HLS,https://cctv.malangkota.go.id/cctv-stream/streams/530280435954205770660031.m3u8,https://cctv.malangkota.go.id/sebaran-cctv,530280435954205770660031,ONLINE,2026-09-04T00:20:16+07:00,Asia/Jakarta,Public monitoring feed,Ditayangkan publik oleh Pemkot Malang untuk pantauan lalu lintas. Tidak untuk redistribusi ulang tanpa izin.,0.95,
be33f1e9e403737f,Jl. Yulius Usman Arah Timur,JTM-JL-YULIUS-USMAN-ARAH-TIM,Jawa Timur,Kota Malang,KLOJEN,,"Jl. Yulius Usman No.55, Kasin, Kec. Klojen, Kota Malang, Jawa Timur 65117, Indonesia",-7.9851784507742,112.62475294416,exact,malangkota,Portal CCTV Kota Malang (Diskominfo Kota Malang),https://cctv.malangkota.go.id/sebaran-cctv,Pemerintah Kota Malang,OFFICIAL_PORTAL,HLS,https://cctv.malangkota.go.id/cctv-stream/streams/620853484047521997472024.m3u8,https://cctv.malangkota.go.id/sebaran-cctv,620853484047521997472024,ONLINE,2026-09-04T00:20:17+07:00,Asia/Jakarta,Public monitoring feed,Ditayangkan publik oleh Pemkot Malang untuk pantauan lalu lintas. Tidak untuk redistribusi ulang tanpa izin.,0.95,
019a384c89bcf16d,Jl. Zainal Zakse Arah Barat,JTM-JL-ZAINAL-ZAKSE-ARAH-BAR,Jawa Timur,Kota Malang,BLIMBING,,"Jl. Zaenal Zakse No.89, Jodipan, Kec. Blimbing, Kota Malang, Jawa Timur 65136, Indonesia",-7.9887092508954,112.63863498137,exact,malangkota,Portal CCTV Kota Malang (Diskominfo Kota Malang),https://cctv.malangkota.go.id/sebaran-cctv,Pemerintah Kota Malang,OFFICIAL_PORTAL,HLS,https://cctv.malangkota.go.id/cctv-stream/streams/420501415743258073902708.m3u8,https://cctv.malangkota.go.id/sebaran-cctv,420501415743258073902708,ONLINE,2026-09-04T00:20:13+07:00,Asia/Jakarta,Public monitoring feed,Ditayangkan publik oleh Pemkot Malang untuk pantauan lalu lintas. Tidak untuk redistribusi ulang tanpa izin.,0.95,
d5e49d30ebbc9e07,Jl. Zainal Zakse Arah Timur,JTM-JL-ZAINAL-ZAKSE-ARAH-TIM,Jawa Timur,Kota Malang,BLIMBING,,"Jl. Zaenal Zakse No.5, Jodipan, Kec. Blimbing, Kota Malang, Jawa Timur 65137, Indonesia",-7.9871937968553,112.63592515072,exact,malangkota,Portal CCTV Kota Malang (Diskominfo Kota Malang),https://cctv.malangkota.go.id/sebaran-cctv,Pemerintah Kota Malang,OFFICIAL_PORTAL,HLS,https://cctv.malangkota.go.id/cctv-stream/streams/505886570472987236280044.m3u8,https://cctv.malangkota.go.id/sebaran-cctv,505886570472987236280044,ONLINE,2026-09-04T00:20:14+07:00,Asia/Jakarta,Public monitoring feed,Ditayangkan publik oleh Pemkot Malang untuk pantauan lalu lintas. Tidak untuk redistribusi ulang tanpa izin.,0.95,
feedff77f0775c66,Jl. Zainul Arifin Arah Selatan,JTM-JL-ZAINUL-ARIFIN-ARAH-SE,Jawa Timur,Kota Malang,KLOJEN,,"Jl. Zainul Arifin No.63, Sukoharjo, Kec. Klojen, Kota Malang, Jawa Timur 65119, Indonesia",-7.9845694615764,112.63389029793,exact,malangkota,Portal CCTV Kota Malang (Diskominfo Kota Malang),https://cctv.malangkota.go.id/sebaran-cctv,Pemerintah Kota Malang,OFFICIAL_PORTAL,HLS,https://cctv.malangkota.go.id/cctv-stream/streams/888598335546629776669925.m3u8,https://cctv.malangkota.go.id/sebaran-cctv,888598335546629776669925,ONLINE,2026-09-04T00:20:22+07:00,Asia/Jakarta,Public monitoring feed,Ditayangkan publik oleh Pemkot Malang untuk pantauan lalu lintas. Tidak untuk redistribusi ulang tanpa izin.,0.95,
dca7977e5a2bc5d7,Jl. Zainul Arifin Arah Utara,JTM-JL-ZAINUL-ARIFIN-ARAH-UT,Jawa Timur,Kota Malang,KLOJEN,,"Jl. Zainul Arifin No.59, Sukoharjo, Kec. Klojen, Kota Malang, Jawa Timur 65119, Indonesia",-7.9842511637337,112.63400107763,exact,malangkota,Portal CCTV Kota Malang (Diskominfo Kota Malang),https://cctv.malangkota.go.id/sebaran-cctv,Pemerintah Kota Malang,OFFICIAL_PORTAL,HLS,https://cctv.malangkota.go.id/cctv-stream/streams/394839611609021690258370.m3u8,https://cctv.malangkota.go.id/sebaran-cctv,394839611609021690258370,ONLINE,2026-09-04T00:20:16+07:00,Asia/Jakarta,Public monitoring feed,Ditayangkan publik oleh Pemkot Malang untuk pantauan lalu lintas. Tidak untuk redistribusi ulang tanpa izin.,0.95,
e2db79b0333e8db3,Kampung Tridi,JTM-KAMPUNG-TRIDI,Jawa Timur,Kota Malang,BLIMBING,,Kampung Tridi,-7.982161852701667,112.63808362627057,exact,malangkota,Portal CCTV Kota Malang (Diskominfo Kota Malang),https://cctv.malangkota.go.id/sebaran-cctv,Pemerintah Kota Malang,OFFICIAL_PORTAL,HLS,https://cctv.malangkota.go.id/cctv-stream/streams/756753165339510713064459.m3u8,https://cctv.malangkota.go.id/sebaran-cctv,756753165339510713064459,ONLINE,2026-09-04T00:20:10+07:00,Asia/Jakarta,Public monitoring feed,Ditayangkan publik oleh Pemkot Malang untuk pantauan lalu lintas. Tidak untuk redistribusi ulang tanpa izin.,0.95,
278390a7f8dade47,Pertigaan Tunggulmas,JTM-PERTIGAAN-TUNGGULMAS,Jawa Timur,Kota Malang,LOWOKWARU,,Jl. Raya Tlogomas,-7.9263343108193,112.60173586196,exact,malangkota,Portal CCTV Kota Malang (Diskominfo Kota Malang),https://cctv.malangkota.go.id/sebaran-cctv,Pemerintah Kota Malang,OFFICIAL_PORTAL,HLS,https://cctv.malangkota.go.id/cctv-stream/streams/097779292771471341955457.m3u8,https://cctv.malangkota.go.id/sebaran-cctv,097779292771471341955457,ONLINE,2026-09-04T00:20:31+07:00,Asia/Jakarta,Public monitoring feed,Ditayangkan publik oleh Pemkot Malang untuk pantauan lalu lintas. Tidak untuk redistribusi ulang tanpa izin.,0.95,
fc70bf19dc6d4fa3,Taman Ijen 2,JTM-TAMAN-IJEN-2,Jawa Timur,Kota Malang,KLOJEN,,Jl. Besar Ijen,-7.9665759290361,112.62426270159,exact,malangkota,Portal CCTV Kota Malang (Diskominfo Kota Malang),https://cctv.malangkota.go.id/sebaran-cctv,Pemerintah Kota Malang,OFFICIAL_PORTAL,HLS,https://cctv.malangkota.go.id/cctv-stream/streams/611606309979396608294034.m3u8,https://cctv.malangkota.go.id/sebaran-cctv,611606309979396608294034,ONLINE,2026-09-04T00:20:21+07:00,Asia/Jakarta,Public monitoring feed,Ditayangkan publik oleh Pemkot Malang untuk pantauan lalu lintas. Tidak untuk redistribusi ulang tanpa izin.,0.95,
bd280e513b9a68bb,Jalan A Yani KM 3 (Depan PDAM),KLS-JALAN-A-YANI-KM-3-DEPAN-,Kalimantan Selatan,Kota Banjarmasin,,,Jalan A Yani KM 3 (Depan PDAM),,,administrative_only,banjarmasin,ATCS Dishub Kota Banjarmasin,https://atcs.banjarmasinkota.go.id,Pemerintah Kota Banjarmasin,PUBLIC_API,HLS,https://atcs.banjarmasinkota.go.id/stream/jalan_a_yani_km_3/index.m3u8,https://atcs.banjarmasinkota.go.id,jalan_a_yani_km_3,ONLINE,2026-09-04T00:25:16+07:00,Asia/Jakarta,Public monitoring feed,Ditayangkan publik oleh Pemkot Banjarmasin untuk pantauan lalu lintas. Tidak untuk redistribusi ulang tanpa izin.,0.9,
f6964238fb11b8fa,Jalan Gubernur Soebardjo Jembatan Tatah Bangkal Keluar Kota,KLS-JALAN-GUBERNUR-SOEBARDJO,Kalimantan Selatan,Kota Banjarmasin,,,Jalan Gubernur Soebardjo Jembatan Tatah Bangkal Keluar Kota,,,administrative_only,banjarmasin,ATCS Dishub Kota Banjarmasin,https://atcs.banjarmasinkota.go.id,Pemerintah Kota Banjarmasin,PUBLIC_API,HLS,https://atcs.banjarmasinkota.go.id/stream/jalan_gubernur_soebardjo_jembatan_tatah_bangkal_keluar_kota/index.m3u8,https://atcs.banjarmasinkota.go.id,jalan_gubernur_soebardjo_jembatan_tatah_bangkal_keluar_kota,ONLINE,2026-09-04T00:25:16+07:00,Asia/Jakarta,Public monitoring feed,Ditayangkan publik oleh Pemkot Banjarmasin untuk pantauan lalu lintas. Tidak untuk redistribusi ulang tanpa izin.,0.9,
8c54ffb1f94990d2,Jalan Lambung Mangkurat (Depan Bank Indonesia),KLS-JALAN-LAMBUNG-MANGKURAT-,Kalimantan Selatan,Kota Banjarmasin,,,Jalan Lambung Mangkurat (Depan Bank Indonesia),,,administrative_only,banjarmasin,ATCS Dishub Kota Banjarmasin,https://atcs.banjarmasinkota.go.id,Pemerintah Kota Banjarmasin,PUBLIC_API,HLS,https://atcs.banjarmasinkota.go.id/stream/jalan_lambung_mangkurat_bank_bi/index.m3u8,https://atcs.banjarmasinkota.go.id,jalan_lambung_mangkurat_bank_bi,ONLINE,2026-09-04T00:25:16+07:00,Asia/Jakarta,Public monitoring feed,Ditayangkan publik oleh Pemkot Banjarmasin untuk pantauan lalu lintas. Tidak untuk redistribusi ulang tanpa izin.,0.9,
4ab93d6de9d86c51,Jembatan Alalak Arah Luar Kota,KLS-JEMBATAN-ALALAK-ARAH-LUA,Kalimantan Selatan,Kota Banjarmasin,,,Jembatan Alalak Arah Luar Kota,,,administrative_only,banjarmasin,ATCS Dishub Kota Banjarmasin,https://atcs.banjarmasinkota.go.id,Pemerintah Kota Banjarmasin,PUBLIC_API,HLS,https://atcs.banjarmasinkota.go.id/stream/jembatan_alalak_arah_luar_kota/index.m3u8,https://atcs.banjarmasinkota.go.id,jembatan_alalak_arah_luar_kota,ONLINE,2026-09-04T00:25:17+07:00,Asia/Jakarta,Public monitoring feed,Ditayangkan publik oleh Pemkot Banjarmasin untuk pantauan lalu lintas. Tidak untuk redistribusi ulang tanpa izin.,0.9,
a9e8a8e167c2b787,Jembatan Mesjid Jami,KLS-JEMBATAN-MESJID-JAMI,Kalimantan Selatan,Kota Banjarmasin,,,Jembatan Mesjid Jami,,,administrative_only,banjarmasin,ATCS Dishub Kota Banjarmasin,https://atcs.banjarmasinkota.go.id,Pemerintah Kota Banjarmasin,PUBLIC_API,HLS,https://atcs.banjarmasinkota.go.id/stream/jembatan_mesjid_jami_arah_mesjid/index.m3u8,https://atcs.banjarmasinkota.go.id,jembatan_mesjid_jami_arah_mesjid,ONLINE,2026-09-04T00:25:17+07:00,Asia/Jakarta,Public monitoring feed,Ditayangkan publik oleh Pemkot Banjarmasin untuk pantauan lalu lintas. Tidak untuk redistribusi ulang tanpa izin.,0.9,
f11df1e795a20629,Jembatan Pangeran Samudera (Antasari),KLS-JEMBATAN-PANGERAN-SAMUDE,Kalimantan Selatan,Kota Banjarmasin,,,Jembatan Pangeran Samudera (Antasari),,,administrative_only,banjarmasin,ATCS Dishub Kota Banjarmasin,https://atcs.banjarmasinkota.go.id,Pemerintah Kota Banjarmasin,PUBLIC_API,HLS,https://atcs.banjarmasinkota.go.id/stream/jalan_pangeran_samudera_antasari/index.m3u8,https://atcs.banjarmasinkota.go.id,jalan_pangeran_samudera_antasari,ONLINE,2026-09-04T00:25:17+07:00,Asia/Jakarta,Public monitoring feed,Ditayangkan publik oleh Pemkot Banjarmasin untuk pantauan lalu lintas. Tidak untuk redistribusi ulang tanpa izin.,0.9,
9ecf25645788b185,Jembatan Sungai Andai,KLS-JEMBATAN-SUNGAI-ANDAI,Kalimantan Selatan,Kota Banjarmasin,,,Jembatan Sungai Andai,,,administrative_only,banjarmasin,ATCS Dishub Kota Banjarmasin,https://atcs.banjarmasinkota.go.id,Pemerintah Kota Banjarmasin,PUBLIC_API,HLS,https://atcs.banjarmasinkota.go.id/stream/jembatan_sungai_andai/index.m3u8,https://atcs.banjarmasinkota.go.id,jembatan_sungai_andai,ONLINE,2026-09-04T00:25:17+07:00,Asia/Jakarta,Public monitoring feed,Ditayangkan publik oleh Pemkot Banjarmasin untuk pantauan lalu lintas. Tidak untuk redistribusi ulang tanpa izin.,0.9,
660507accf38f8c0,Simpang 3 Piston Jembatan Merdeka,KLS-SIMPANG-3-PISTON-JEMBATA,Kalimantan Selatan,Kota Banjarmasin,,,Simpang 3 Piston Jembatan Merdeka,,,administrative_only,banjarmasin,ATCS Dishub Kota Banjarmasin,https://atcs.banjarmasinkota.go.id,Pemerintah Kota Banjarmasin,PUBLIC_API,HLS,https://atcs.banjarmasinkota.go.id/stream/simpang_3_piston_jembatan_merdeka/index.m3u8,https://atcs.banjarmasinkota.go.id,simpang_3_piston_jembatan_merdeka,ONLINE,2026-09-04T00:25:17+07:00,Asia/Jakarta,Public monitoring feed,Ditayangkan publik oleh Pemkot Banjarmasin untuk pantauan lalu lintas. Tidak untuk redistribusi ulang tanpa izin.,0.9,
a5a8114a1ef43672,Simpang A Yani - Kuripan KM 2,KLS-SIMPANG-A-YANI-KURIPAN-K,Kalimantan Selatan,Kota Banjarmasin,,,Simpang A Yani - Kuripan KM 2,,,administrative_only,banjarmasin,ATCS Dishub Kota Banjarmasin,https://atcs.banjarmasinkota.go.id,Pemerintah Kota Banjarmasin,PUBLIC_API,HLS,https://atcs.banjarmasinkota.go.id/stream/simpang_a_yani_kuripan_km_2/index.m3u8,https://atcs.banjarmasinkota.go.id,simpang_a_yani_kuripan_km_2,ONLINE,2026-09-04T00:25:18+07:00,Asia/Jakarta,Public monitoring feed,Ditayangkan publik oleh Pemkot Banjarmasin untuk pantauan lalu lintas. Tidak untuk redistribusi ulang tanpa izin.,0.9,
91b42cb08a3cfcb9,Simpang A Yani - Pramuka KM 6,KLS-SIMPANG-A-YANI-PRAMUKA-K,Kalimantan Selatan,Kota Banjarmasin,,,Simpang A Yani - Pramuka KM 6,,,administrative_only,banjarmasin,ATCS Dishub Kota Banjarmasin,https://atcs.banjarmasinkota.go.id,Pemerintah Kota Banjarmasin,PUBLIC_API,HLS,https://atcs.banjarmasinkota.go.id/stream/simpang_a_yani_pramuka_km_6/index.m3u8,https://atcs.banjarmasinkota.go.id,simpang_a_yani_pramuka_km_6,ONLINE,2026-09-04T00:25:18+07:00,Asia/Jakarta,Public monitoring feed,Ditayangkan publik oleh Pemkot Banjarmasin untuk pantauan lalu lintas. Tidak untuk redistribusi ulang tanpa izin.,0.9,
e4fba2ae8390db75,Simpang A Yani Gatot / Fly Over KM 3,KLS-SIMPANG-A-YANI-GATOT-FLY,Kalimantan Selatan,Kota Banjarmasin,,,Simpang A Yani Gatot / Fly Over KM 3,,,administrative_only,banjarmasin,ATCS Dishub Kota Banjarmasin,https://atcs.banjarmasinkota.go.id,Pemerintah Kota Banjarmasin,PUBLIC_API,HLS,https://atcs.banjarmasinkota.go.id/stream/simpang_a_yani_gatot_fly_over_km_3/index.m3u8,https://atcs.banjarmasinkota.go.id,simpang_a_yani_gatot_fly_over_km_3,ONLINE,2026-09-04T00:25:18+07:00,Asia/Jakarta,Public monitoring feed,Ditayangkan publik oleh Pemkot Banjarmasin untuk pantauan lalu lintas. Tidak untuk redistribusi ulang tanpa izin.,0.9,
4d176abd300c4a79,Simpang Antasari,KLS-SIMPANG-ANTASARI,Kalimantan Selatan,Kota Banjarmasin,,,Simpang Antasari,,,administrative_only,banjarmasin,ATCS Dishub Kota Banjarmasin,https://atcs.banjarmasinkota.go.id,Pemerintah Kota Banjarmasin,PUBLIC_API,HLS,https://atcs.banjarmasinkota.go.id/stream/simpang_antasari/index.m3u8,https://atcs.banjarmasinkota.go.id,simpang_antasari,ONLINE,2026-09-04T00:25:18+07:00,Asia/Jakarta,Public monitoring feed,Ditayangkan publik oleh Pemkot Banjarmasin untuk pantauan lalu lintas. Tidak untuk redistribusi ulang tanpa izin.,0.9,
1748b5a51c026ae3,Simpang Cemara,KLS-SIMPANG-CEMARA,Kalimantan Selatan,Kota Banjarmasin,,,Simpang Cemara,,,administrative_only,banjarmasin,ATCS Dishub Kota Banjarmasin,https://atcs.banjarmasinkota.go.id,Pemerintah Kota Banjarmasin,PUBLIC_API,HLS,https://atcs.banjarmasinkota.go.id/stream/simpang_cemara/index.m3u8,https://atcs.banjarmasinkota.go.id,simpang_cemara,ONLINE,2026-09-04T00:25:18+07:00,Asia/Jakarta,Public monitoring feed,Ditayangkan publik oleh Pemkot Banjarmasin untuk pantauan lalu lintas. Tidak untuk redistribusi ulang tanpa izin.,0.9,
968d47780b928671,Simpang Gerilya,KLS-SIMPANG-GERILYA,Kalimantan Selatan,Kota Banjarmasin,,,Simpang Gerilya,,,administrative_only,banjarmasin,ATCS Dishub Kota Banjarmasin,https://atcs.banjarmasinkota.go.id,Pemerintah Kota Banjarmasin,PUBLIC_API,HLS,https://atcs.banjarmasinkota.go.id/stream/simpang_gerilya/index.m3u8,https://atcs.banjarmasinkota.go.id,simpang_gerilya,ONLINE,2026-09-04T00:25:19+07:00,Asia/Jakarta,Public monitoring feed,Ditayangkan publik oleh Pemkot Banjarmasin untuk pantauan lalu lintas. Tidak untuk redistribusi ulang tanpa izin.,0.9,
7acb18f120834acd,Simpang Hasan Basri - Cemara,KLS-SIMPANG-HASAN-BASRI-CEMA,Kalimantan Selatan,Kota Banjarmasin,,,Simpang Hasan Basri - Cemara,,,administrative_only,banjarmasin,ATCS Dishub Kota Banjarmasin,https://atcs.banjarmasinkota.go.id,Pemerintah Kota Banjarmasin,PUBLIC_API,HLS,https://atcs.banjarmasinkota.go.id/stream/simpang_hasan_basri_cemara/index.m3u8,https://atcs.banjarmasinkota.go.id,simpang_hasan_basri_cemara,ONLINE,2026-09-04T00:25:19+07:00,Asia/Jakarta,Public monitoring feed,Ditayangkan publik oleh Pemkot Banjarmasin untuk pantauan lalu lintas. Tidak untuk redistribusi ulang tanpa izin.,0.9,
acc1293f70933a7d,Simpang Jembatan Merdeka / Mesjid Raya,KLS-SIMPANG-JEMBATAN-MERDEKA,Kalimantan Selatan,Kota Banjarmasin,,,Simpang Jembatan Merdeka / Mesjid Raya,,,administrative_only,banjarmasin,ATCS Dishub Kota Banjarmasin,https://atcs.banjarmasinkota.go.id,Pemerintah Kota Banjarmasin,PUBLIC_API,HLS,https://atcs.banjarmasinkota.go.id/stream/simpang_jembatan_merdeka_mesjid_raya/index.m3u8,https://atcs.banjarmasinkota.go.id,simpang_jembatan_merdeka_mesjid_raya,ONLINE,2026-09-04T00:25:19+07:00,Asia/Jakarta,Public monitoring feed,Ditayangkan publik oleh Pemkot Banjarmasin untuk pantauan lalu lintas. Tidak untuk redistribusi ulang tanpa izin.,0.9,
13607536e559496c,Simpang Kamboja,KLS-SIMPANG-KAMBOJA,Kalimantan Selatan,Kota Banjarmasin,,,Simpang Kamboja,,,administrative_only,banjarmasin,ATCS Dishub Kota Banjarmasin,https://atcs.banjarmasinkota.go.id,Pemerintah Kota Banjarmasin,PUBLIC_API,HLS,https://atcs.banjarmasinkota.go.id/stream/simpang_kamboja/index.m3u8,https://atcs.banjarmasinkota.go.id,simpang_kamboja,ONLINE,2026-09-04T00:25:19+07:00,Asia/Jakarta,Public monitoring feed,Ditayangkan publik oleh Pemkot Banjarmasin untuk pantauan lalu lintas. Tidak untuk redistribusi ulang tanpa izin.,0.9,
29d471a7f6cc547f,Simpang Kol. Sugiono,KLS-SIMPANG-KOL-SUGIONO,Kalimantan Selatan,Kota Banjarmasin,,,Simpang Kol. Sugiono,,,administrative_only,banjarmasin,ATCS Dishub Kota Banjarmasin,https://atcs.banjarmasinkota.go.id,Pemerintah Kota Banjarmasin,PUBLIC_API,HLS,https://atcs.banjarmasinkota.go.id/stream/simpang_kol_sugiono/index.m3u8,https://atcs.banjarmasinkota.go.id,simpang_kol_sugiono,ONLINE,2026-09-04T00:25:19+07:00,Asia/Jakarta,Public monitoring feed,Ditayangkan publik oleh Pemkot Banjarmasin untuk pantauan lalu lintas. Tidak untuk redistribusi ulang tanpa izin.,0.9,
eddf9c3563194974,Simpang Mentari,KLS-SIMPANG-MENTARI,Kalimantan Selatan,Kota Banjarmasin,,,Simpang Mentari,,,administrative_only,banjarmasin,ATCS Dishub Kota Banjarmasin,https://atcs.banjarmasinkota.go.id,Pemerintah Kota Banjarmasin,PUBLIC_API,HLS,https://atcs.banjarmasinkota.go.id/stream/simpang_mentari/index.m3u8,https://atcs.banjarmasinkota.go.id,simpang_mentari,ONLINE,2026-09-04T00:25:20+07:00,Asia/Jakarta,Public monitoring feed,Ditayangkan publik oleh Pemkot Banjarmasin untuk pantauan lalu lintas. Tidak untuk redistribusi ulang tanpa izin.,0.9,
b7423c40dcc167b9,Simpang Mulawarman,KLS-SIMPANG-MULAWARMAN,Kalimantan Selatan,Kota Banjarmasin,,,Simpang Mulawarman,,,administrative_only,banjarmasin,ATCS Dishub Kota Banjarmasin,https://atcs.banjarmasinkota.go.id,Pemerintah Kota Banjarmasin,PUBLIC_API,HLS,https://atcs.banjarmasinkota.go.id/stream/simpang_mulawarman/index.m3u8,https://atcs.banjarmasinkota.go.id,simpang_mulawarman,ONLINE,2026-09-04T00:25:20+07:00,Asia/Jakarta,Public monitoring feed,Ditayangkan publik oleh Pemkot Banjarmasin untuk pantauan lalu lintas. Tidak untuk redistribusi ulang tanpa izin.,0.9,
a3e27a6416e0bad0,Simpang Pasar Lama,KLS-SIMPANG-PASAR-LAMA,Kalimantan Selatan,Kota Banjarmasin,,,Simpang Pasar Lama,,,administrative_only,banjarmasin,ATCS Dishub Kota Banjarmasin,https://atcs.banjarmasinkota.go.id,Pemerintah Kota Banjarmasin,PUBLIC_API,HLS,https://atcs.banjarmasinkota.go.id/stream/simpang_pasar_lama/index.m3u8,https://atcs.banjarmasinkota.go.id,simpang_pasar_lama,ONLINE,2026-09-04T00:25:20+07:00,Asia/Jakarta,Public monitoring feed,Ditayangkan publik oleh Pemkot Banjarmasin untuk pantauan lalu lintas. Tidak untuk redistribusi ulang tanpa izin.,0.9,
95f043aa172c1017,Simpang RK Ilir / Teluk Tiram Darat,KLS-SIMPANG-RK-ILIR-TELUK-TI,Kalimantan Selatan,Kota Banjarmasin,,,Simpang RK Ilir / Teluk Tiram Darat,,,administrative_only,banjarmasin,ATCS Dishub Kota Banjarmasin,https://atcs.banjarmasinkota.go.id,Pemerintah Kota Banjarmasin,PUBLIC_API,HLS,https://atcs.banjarmasinkota.go.id/stream/simpang_rk_ilir_teluk_tiram_darat/index.m3u8,https://atcs.banjarmasinkota.go.id,simpang_rk_ilir_teluk_tiram_darat,ONLINE,2026-09-04T00:25:20+07:00,Asia/Jakarta,Public monitoring feed,Ditayangkan publik oleh Pemkot Banjarmasin untuk pantauan lalu lintas. Tidak untuk redistribusi ulang tanpa izin.,0.9,
50c33abf79592873,Simpang S. Parman - Tarakan,KLS-SIMPANG-S-PARMAN-TARAKAN,Kalimantan Selatan,Kota Banjarmasin,,,Simpang S. Parman - Tarakan,,,administrative_only,banjarmasin,ATCS Dishub Kota Banjarmasin,https://atcs.banjarmasinkota.go.id,Pemerintah Kota Banjarmasin,PUBLIC_API,HLS,https://atcs.banjarmasinkota.go.id/stream/simpang_s_parman_tarakan/index.m3u8,https://atcs.banjarmasinkota.go.id,simpang_s_parman_tarakan,ONLINE,2026-09-04T00:25:20+07:00,Asia/Jakarta,Public monitoring feed,Ditayangkan publik oleh Pemkot Banjarmasin untuk pantauan lalu lintas. Tidak untuk redistribusi ulang tanpa izin.,0.9,
4695385710d5fb17,Simpang S. Parman Arah Tarakan,KLS-SIMPANG-S-PARMAN-ARAH-TA,Kalimantan Selatan,Kota Banjarmasin,,,Simpang S. Parman Arah Tarakan,,,administrative_only,banjarmasin,ATCS Dishub Kota Banjarmasin,https://atcs.banjarmasinkota.go.id,Pemerintah Kota Banjarmasin,PUBLIC_API,HLS,https://atcs.banjarmasinkota.go.id/stream/simpang_s_parman_arah_tarakan/index.m3u8,https://atcs.banjarmasinkota.go.id,simpang_s_parman_arah_tarakan,ONLINE,2026-09-04T00:25:21+07:00,Asia/Jakarta,Public monitoring feed,Ditayangkan publik oleh Pemkot Banjarmasin untuk pantauan lalu lintas. Tidak untuk redistribusi ulang tanpa izin.,0.9,
62afbab39542c69e,Simpang Sultan Adam - Sungai Andai,KLS-SIMPANG-SULTAN-ADAM-SUNG,Kalimantan Selatan,Kota Banjarmasin,,,Simpang Sultan Adam - Sungai Andai,,,administrative_only,banjarmasin,ATCS Dishub Kota Banjarmasin,https://atcs.banjarmasinkota.go.id,Pemerintah Kota Banjarmasin,PUBLIC_API,HLS,https://atcs.banjarmasinkota.go.id/stream/simpang_sultan_adam_sungai_andai/index.m3u8,https://atcs.banjarmasinkota.go.id,simpang_sultan_adam_sungai_andai,ONLINE,2026-09-04T00:25:21+07:00,Asia/Jakarta,Public monitoring feed,Ditayangkan publik oleh Pemkot Banjarmasin untuk pantauan lalu lintas. Tidak untuk redistribusi ulang tanpa izin.,0.9,
72394f80f223f01c,Simpang Veteran - Gatot,KLS-SIMPANG-VETERAN-GATOT,Kalimantan Selatan,Kota Banjarmasin,,,Simpang Veteran - Gatot,,,administrative_only,banjarmasin,ATCS Dishub Kota Banjarmasin,https://atcs.banjarmasinkota.go.id,Pemerintah Kota Banjarmasin,PUBLIC_API,HLS,https://atcs.banjarmasinkota.go.id/stream/simpang_veteran_gatot/index.m3u8,https://atcs.banjarmasinkota.go.id,simpang_veteran_gatot,ONLINE,2026-09-04T00:25:21+07:00,Asia/Jakarta,Public monitoring feed,Ditayangkan publik oleh Pemkot Banjarmasin untuk pantauan lalu lintas. Tidak untuk redistribusi ulang tanpa izin.,0.9,
bd130c958b3b8c23,U-Turn A Yani KM 2,KLS-U-TURN-A-YANI-KM-2,Kalimantan Selatan,Kota Banjarmasin,,,U-Turn A Yani KM 2,,,administrative_only,banjarmasin,ATCS Dishub Kota Banjarmasin,https://atcs.banjarmasinkota.go.id,Pemerintah Kota Banjarmasin,PUBLIC_API,HLS,https://atcs.banjarmasinkota.go.id/stream/u_turn_a_yani_km_2/index.m3u8,https://atcs.banjarmasinkota.go.id,u_turn_a_yani_km_2,ONLINE,2026-09-04T00:25:21+07:00,Asia/Jakarta,Public monitoring feed,Ditayangkan publik oleh Pemkot Banjarmasin untuk pantauan lalu lintas. Tidak untuk redistribusi ulang tanpa izin.,0.9,
e626f3b24be679c4,U-Turn Jalan A Yani KM 5,KLS-U-TURN-JALAN-A-YANI-KM-5,Kalimantan Selatan,Kota Banjarmasin,,,U-Turn Jalan A Yani KM 5,,,administrative_only,banjarmasin,ATCS Dishub Kota Banjarmasin,https://atcs.banjarmasinkota.go.id,Pemerintah Kota Banjarmasin,PUBLIC_API,HLS,https://atcs.banjarmasinkota.go.id/stream/u_turn_jalan_a_yani_km_5/index.m3u8,https://atcs.banjarmasinkota.go.id,u_turn_jalan_a_yani_km_5,ONLINE,2026-09-04T00:25:21+07:00,Asia/Jakarta,Public monitoring feed,Ditayangkan publik oleh Pemkot Banjarmasin untuk pantauan lalu lintas. Tidak untuk redistribusi ulang tanpa izin.,0.9,
e4de39f3746f3c9a,U-Turn Jalan S. Parman Arah Dalam Kota,KLS-U-TURN-JALAN-S-PARMAN-AR,Kalimantan Selatan,Kota Banjarmasin,,,U-Turn Jalan S. Parman Arah Dalam Kota,,,administrative_only,banjarmasin,ATCS Dishub Kota Banjarmasin,https://atcs.banjarmasinkota.go.id,Pemerintah Kota Banjarmasin,PUBLIC_API,HLS,https://atcs.banjarmasinkota.go.id/stream/u_turn_jalan_s_parman_arah_dalam_kota/index.m3u8,https://atcs.banjarmasinkota.go.id,u_turn_jalan_s_parman_arah_dalam_kota,ONLINE,2026-09-04T00:25:22+07:00,Asia/Jakarta,Public monitoring feed,Ditayangkan publik oleh Pemkot Banjarmasin untuk pantauan lalu lintas. Tidak untuk redistribusi ulang tanpa izin.,0.9,
f53861f078c5b6c2,U-Turn Jalan S. Parman Arah Luar Kota,KLS-U-TURN-JALAN-S-PARMAN-AR,Kalimantan Selatan,Kota Banjarmasin,,,U-Turn Jalan S. Parman Arah Luar Kota,,,administrative_only,banjarmasin,ATCS Dishub Kota Banjarmasin,https://atcs.banjarmasinkota.go.id,Pemerintah Kota Banjarmasin,PUBLIC_API,HLS,https://atcs.banjarmasinkota.go.id/stream/u_turn_jalan_s_parman_arah_luar_kota/index.m3u8,https://atcs.banjarmasinkota.go.id,u_turn_jalan_s_parman_arah_luar_kota,ONLINE,2026-09-04T00:25:22+07:00,Asia/Jakarta,Public monitoring feed,Ditayangkan publik oleh Pemkot Banjarmasin untuk pantauan lalu lintas. Tidak untuk redistribusi ulang tanpa izin.,0.9,
06f5ff8f108bee95,CCTV Bank Sumsel Atmo,SUS-CCTV-BANK-SUMSEL-ATMO,Sumatera Selatan,Kota Palembang,ALANG-ALANG LEBAR,ALANG-ALANG LEBAR,CCTV Bank Sumsel Atmo,-2.9807292478454235,104.75699830153796,exact,palembang,CCTV Kota Palembang (Diskominfo/Dishub Palembang),https://cctv.palembang.go.id,Pemerintah Kota Palembang,PUBLIC_API,HLS,https://stream.palembang.go.id/cam39/index.m3u8,https://cctv.palembang.go.id,CCTV-BSA-39,ONLINE,2026-09-04T00:21:01+07:00,Asia/Jakarta,Public monitoring feed,Ditayangkan publik oleh Pemkot Palembang untuk pantauan lalu lintas. Tidak untuk redistribusi ulang tanpa izin.,0.9,
99603e9e239aa638,CCTV Benteng Kuto Besak,SUS-CCTV-BENTENG-KUTO-BESAK,Sumatera Selatan,Kota Palembang,ALANG-ALANG LEBAR,ALANG-ALANG LEBAR,"Menampilkan kondisi lalu lintas dan arus kendaraan di sekitar Jembatan Ampera, Palembang.",-2.9913,104.761266,exact,palembang,CCTV Kota Palembang (Diskominfo/Dishub Palembang),https://cctv.palembang.go.id,Pemerintah Kota Palembang,PUBLIC_API,HLS,https://stream.palembang.go.id/cam2/index.m3u8,https://cctv.palembang.go.id,CCTV-BKB-02,ONLINE,2026-09-04T00:21:18+07:00,Asia/Jakarta,Public monitoring feed,Ditayangkan publik oleh Pemkot Palembang untuk pantauan lalu lintas. Tidak untuk redistribusi ulang tanpa izin.,0.9,
07819a313db0a898,CCTV Cinde,SUS-CCTV-CINDE,Sumatera Selatan,Kota Palembang,ALANG-ALANG LEBAR,SATU ILIR,"Menampilkan kondisi lalu lintas dan arus kendaraan di sekitar Jembatan Ampera, Palembang.",-2.979976,104.755865,exact,palembang,CCTV Kota Palembang (Diskominfo/Dishub Palembang),https://cctv.palembang.go.id,Pemerintah Kota Palembang,PUBLIC_API,HLS,https://stream.palembang.go.id/cam6/index.m3u8,https://cctv.palembang.go.id,CCTV-CINDE-06,ONLINE,2026-09-04T00:21:03+07:00,Asia/Jakarta,Public monitoring feed,Ditayangkan publik oleh Pemkot Palembang untuk pantauan lalu lintas. Tidak untuk redistribusi ulang tanpa izin.,0.9,
3201864567a562f8,CCTV DEPAN DISDUKCAPIL,SUS-CCTV-DEPAN-DISDUKCAPIL,Sumatera Selatan,Kota Palembang,ILIR BARAT SATU,LOROKPAKJO,CCTV DEPAN DISDUKCAPIL,-2.979201782792369,104.72457258181454,exact,palembang,CCTV Kota Palembang (Diskominfo/Dishub Palembang),https://cctv.palembang.go.id,Pemerintah Kota Palembang,PUBLIC_API,HLS,https://stream.palembang.go.id/cam26/index.m3u8,https://cctv.palembang.go.id,CCTV-CAPIL-26,ONLINE,2026-09-04T00:21:10+07:00,Asia/Jakarta,Public monitoring feed,Ditayangkan publik oleh Pemkot Palembang untuk pantauan lalu lintas. Tidak untuk redistribusi ulang tanpa izin.,0.9,
f5b31c1776e320d9,CCTV Darma Agung,SUS-CCTV-DARMA-AGUNG,Sumatera Selatan,Kota Palembang,ILIR TIMUR TIGA,SEBELAS ILIR,CCTV Darma Agung,-2.9388134892468485,104.72125000000001,exact,palembang,CCTV Kota Palembang (Diskominfo/Dishub Palembang),https://cctv.palembang.go.id,Pemerintah Kota Palembang,PUBLIC_API,HLS,https://stream.palembang.go.id/cam24/index.m3u8,https://cctv.palembang.go.id,CCTV-DA-24,ONLINE,2026-09-04T00:21:07+07:00,Asia/Jakarta,Public monitoring feed,Ditayangkan publik oleh Pemkot Palembang untuk pantauan lalu lintas. Tidak untuk redistribusi ulang tanpa izin.,0.9,
0e564e2c51deece7,CCTV JL VETERAN,SUS-CCTV-JL-VETERAN,Sumatera Selatan,Kota Palembang,BUKITKECIL,DUA-PULUH-DUA ILIR,CCTV JL VETERAN,-2.975561070774235,104.75792831753658,exact,palembang,CCTV Kota Palembang (Diskominfo/Dishub Palembang),https://cctv.palembang.go.id,Pemerintah Kota Palembang,PUBLIC_API,HLS,https://stream.palembang.go.id/cam40/index.m3u8,https://cctv.palembang.go.id,CCTV-TAMSIS-40,ONLINE,2026-09-04T00:20:54+07:00,Asia/Jakarta,Public monitoring feed,Ditayangkan publik oleh Pemkot Palembang untuk pantauan lalu lintas. Tidak untuk redistribusi ulang tanpa izin.,0.9,
54e766b1c33d5467,CCTV JL VETERAN 1,SUS-CCTV-JL-VETERAN-1,Sumatera Selatan,Kota Palembang,ALANG-ALANG LEBAR,ALANG-ALANG LEBAR,CCTV JL VETERAN 1,-2.9756015525367507,104.7574997133,exact,palembang,CCTV Kota Palembang (Diskominfo/Dishub Palembang),https://cctv.palembang.go.id,Pemerintah Kota Palembang,PUBLIC_API,HLS,https://stream.palembang.go.id/cam41/index.m3u8,https://cctv.palembang.go.id,CCTV-VTR-41,ONLINE,2026-09-04T00:20:53+07:00,Asia/Jakarta,Public monitoring feed,Ditayangkan publik oleh Pemkot Palembang untuk pantauan lalu lintas. Tidak untuk redistribusi ulang tanpa izin.,0.9,
a7434a5a6364720d,CCTV JL VETERAN 2,SUS-CCTV-JL-VETERAN-2,Sumatera Selatan,Kota Palembang,ALANG-ALANG LEBAR,KARYABARU,CCTV JL VETERAN 2,-2.9756908710488026,104.75803218497177,exact,palembang,CCTV Kota Palembang (Diskominfo/Dishub Palembang),https://cctv.palembang.go.id,Pemerintah Kota Palembang,PUBLIC_API,HLS,https://stream.palembang.go.id/cam50/index.m3u8,https://cctv.palembang.go.id,CCTV-VTR-50,ONLINE,2026-09-04T00:20:57+07:00,Asia/Jakarta,Public monitoring feed,Ditayangkan publik oleh Pemkot Palembang untuk pantauan lalu lintas. Tidak untuk redistribusi ulang tanpa izin.,0.9,
e975fa0b99210b92,CCTV Jl Tembesu,SUS-CCTV-JL-TEMBESU,Sumatera Selatan,Kota Palembang,GANDUS,GANDUS,CCTV Jl Tembesu,-2.975418791524916,104.7582851612457,exact,palembang,CCTV Kota Palembang (Diskominfo/Dishub Palembang),https://cctv.palembang.go.id,Pemerintah Kota Palembang,PUBLIC_API,HLS,https://stream.palembang.go.id/cam49/index.m3u8,https://cctv.palembang.go.id,CCTV-TBS-49,ONLINE,2026-09-04T00:20:56+07:00,Asia/Jakarta,Public monitoring feed,Ditayangkan publik oleh Pemkot Palembang untuk pantauan lalu lintas. Tidak untuk redistribusi ulang tanpa izin.,0.9,
252c9ffaf29a3005,CCTV KM 12,SUS-CCTV-KM-12,Sumatera Selatan,Kota Palembang,ILIR TIMUR DUA,DUA ILIR,CCTV KM 12,-2.913313005325259,104.68819312611218,exact,palembang,CCTV Kota Palembang (Diskominfo/Dishub Palembang),https://cctv.palembang.go.id,Pemerintah Kota Palembang,PUBLIC_API,HLS,https://stream.palembang.go.id/cam13/index.m3u8,https://cctv.palembang.go.id,CCTV-KM12-13,ONLINE,2026-09-04T00:21:12+07:00,Asia/Jakarta,Public monitoring feed,Ditayangkan publik oleh Pemkot Palembang untuk pantauan lalu lintas. Tidak untuk redistribusi ulang tanpa izin.,0.9,
530feb1cbaecf8f0,CCTV Kambang Iwak,SUS-CCTV-KAMBANG-IWAK,Sumatera Selatan,Kota Palembang,BUKITKECIL,SEMBILAN-BELAS ILIR,CCTV Kambang Iwak,-2.990165457525802,104.74504429053947,exact,palembang,CCTV Kota Palembang (Diskominfo/Dishub Palembang),https://cctv.palembang.go.id,Pemerintah Kota Palembang,PUBLIC_API,HLS,https://stream.palembang.go.id/cam28/index.m3u8,https://cctv.palembang.go.id,CCTV-KAMBANGIWAK-28,ONLINE,2026-09-04T00:21:06+07:00,Asia/Jakarta,Public monitoring feed,Ditayangkan publik oleh Pemkot Palembang untuk pantauan lalu lintas. Tidak untuk redistribusi ulang tanpa izin.,0.9,
67ae85166ca80d67,CCTV Kebun Sayur,SUS-CCTV-KEBUN-SAYUR,Sumatera Selatan,Kota Palembang,ALANG-ALANG LEBAR,ALANG-ALANG LEBAR,CCTV Kebun Sayur,-2.918054,104.770925,exact,palembang,CCTV Kota Palembang (Diskominfo/Dishub Palembang),https://cctv.palembang.go.id,Pemerintah Kota Palembang,PUBLIC_API,HLS,https://stream.palembang.go.id/cam46/index.m3u8,https://cctv.palembang.go.id,CCTV-KS-46,ONLINE,2026-09-04T00:20:59+07:00,Asia/Jakarta,Public monitoring feed,Ditayangkan publik oleh Pemkot Palembang untuk pantauan lalu lintas. Tidak untuk redistribusi ulang tanpa izin.,0.9,
b6f2efe6d9fa0ba3,CCTV Lampu Merah Kol Atmo,SUS-CCTV-LAMPU-MERAH-KOL-ATM,Sumatera Selatan,Kota Palembang,ALANG-ALANG LEBAR,ALANG-ALANG LEBAR,CCTV Lampu Merah Kol Atmo,-2.981811,104.758485,exact,palembang,CCTV Kota Palembang (Diskominfo/Dishub Palembang),https://cctv.palembang.go.id,Pemerintah Kota Palembang,PUBLIC_API,HLS,https://stream.palembang.go.id/cam38/index.m3u8,https://cctv.palembang.go.id,CCTV-MANDIRI-38,ONLINE,2026-09-04T00:21:04+07:00,Asia/Jakarta,Public monitoring feed,Ditayangkan publik oleh Pemkot Palembang untuk pantauan lalu lintas. Tidak untuk redistribusi ulang tanpa izin.,0.9,
caebafad4832f34e,CCTV Lapangan Parkir Pasar 16,SUS-CCTV-LAPANGAN-PARKIR-PAS,Sumatera Selatan,Kota Palembang,ILIR TIMUR TIGA,DUKU,CCTV Lapangan Parkir Pasar 16,-2.9898965009699703,104.76184254232889,exact,palembang,CCTV Kota Palembang (Diskominfo/Dishub Palembang),https://cctv.palembang.go.id,Pemerintah Kota Palembang,PUBLIC_API,HLS,https://stream.palembang.go.id/cam25/index.m3u8,https://cctv.palembang.go.id,CCTV-PASAR16-25,ONLINE,2026-09-04T00:21:09+07:00,Asia/Jakarta,Public monitoring feed,Ditayangkan publik oleh Pemkot Palembang untuk pantauan lalu lintas. Tidak untuk redistribusi ulang tanpa izin.,0.9,
f1a819cb536fbb75,CCTV Masjid Agung,SUS-CCTV-MASJID-AGUNG,Sumatera Selatan,Kota Palembang,BUKITKECIL,SEMBILAN-BELAS ILIR,CCTV Masjid Agung,-2.98819,104.760447,exact,palembang,CCTV Kota Palembang (Diskominfo/Dishub Palembang),https://cctv.palembang.go.id,Pemerintah Kota Palembang,PUBLIC_API,HLS,https://stream.palembang.go.id/cam9/index.m3u8,https://cctv.palembang.go.id,CCTV-MASJID-AGUNG-09,ONLINE,2026-09-04T00:21:14+07:00,Asia/Jakarta,Public monitoring feed,Ditayangkan publik oleh Pemkot Palembang untuk pantauan lalu lintas. Tidak untuk redistribusi ulang tanpa izin.,0.9,
2451dce93a3cfc95,CCTV Pasar 16,SUS-CCTV-PASAR-16,Sumatera Selatan,Kota Palembang,JAKABARING,TUANKENTANG,CCTV Pasar 16,-2.989552,104.763833,exact,palembang,CCTV Kota Palembang (Diskominfo/Dishub Palembang),https://cctv.palembang.go.id,Pemerintah Kota Palembang,PUBLIC_API,HLS,https://stream.palembang.go.id/cam36/index.m3u8,https://cctv.palembang.go.id,CCTV-P16-36,ONLINE,2026-09-04T00:21:11+07:00,Asia/Jakarta,Public monitoring feed,Ditayangkan publik oleh Pemkot Palembang untuk pantauan lalu lintas. Tidak untuk redistribusi ulang tanpa izin.,0.9,
744a1bb34976424a,CCTV Plaza 7 Ulu,SUS-CCTV-PLAZA-7-ULU,Sumatera Selatan,Kota Palembang,JAKABARING,DELAPAN ULU,"-2.993604358377516, 104.76330599999999",-2.993604358377516,104.76330599999999,exact,palembang,CCTV Kota Palembang (Diskominfo/Dishub Palembang),https://cctv.palembang.go.id,Pemerintah Kota Palembang,PUBLIC_API,HLS,https://stream.palembang.go.id/cam20/index.m3u8,https://cctv.palembang.go.id,CCTV-PLAZA7-ULU-20,ONLINE,2026-09-04T00:21:00+07:00,Asia/Jakarta,Public monitoring feed,Ditayangkan publik oleh Pemkot Palembang untuk pantauan lalu lintas. Tidak untuk redistribusi ulang tanpa izin.,0.9,
185873f4dd77e622,CCTV Punti Kayu,SUS-CCTV-PUNTI-KAYU,Sumatera Selatan,Kota Palembang,GANDUS,GANDUS,CCTV Punti Kayu,-2.942646034079567,104.72821884263027,exact,palembang,CCTV Kota Palembang (Diskominfo/Dishub Palembang),https://cctv.palembang.go.id,Pemerintah Kota Palembang,PUBLIC_API,HLS,https://stream.palembang.go.id/cam14/index.m3u8,https://cctv.palembang.go.id,CCTV-PUNTI-KAYU-14,ONLINE,2026-09-04T00:21:13+07:00,Asia/Jakarta,Public monitoring feed,Ditayangkan publik oleh Pemkot Palembang untuk pantauan lalu lintas. Tidak untuk redistribusi ulang tanpa izin.,0.9,
67886bfe24ec6ac3,CCTV SP BANDARA,SUS-CCTV-SP-BANDARA,Sumatera Selatan,Kota Palembang,JAKABARING,DELAPAN ULU,CCTV SP BANDARA,-2.9038701716938173,104.72746849900544,exact,palembang,CCTV Kota Palembang (Diskominfo/Dishub Palembang),https://cctv.palembang.go.id,Pemerintah Kota Palembang,PUBLIC_API,HLS,https://stream.palembang.go.id/cam45/index.m3u8,https://cctv.palembang.go.id,CCTV-SPB-45,OFFLINE,2026-09-04T00:20:51+07:00,Asia/Jakarta,Public monitoring feed,Ditayangkan publik oleh Pemkot Palembang untuk pantauan lalu lintas. Tidak untuk redistribusi ulang tanpa izin.,0.9,
d16a33d925eccb9b,CCTV SP BOM BARU,SUS-CCTV-SP-BOM-BARU,Sumatera Selatan,Kota Palembang,ALANG-ALANG LEBAR,ALANG-ALANG LEBAR,CCTV SP BOM BARU,-2.977623404813833,104.7788168618242,exact,palembang,CCTV Kota Palembang (Diskominfo/Dishub Palembang),https://cctv.palembang.go.id,Pemerintah Kota Palembang,PUBLIC_API,HLS,https://stream.palembang.go.id/cam42/index.m3u8,https://cctv.palembang.go.id,CCTV-SPBB-42,ONLINE,2026-09-04T00:20:49+07:00,Asia/Jakarta,Public monitoring feed,Ditayangkan publik oleh Pemkot Palembang untuk pantauan lalu lintas. Tidak untuk redistribusi ulang tanpa izin.,0.9,
d5654467ba086469,CCTV SP Charitas,SUS-CCTV-SP-CHARITAS,Sumatera Selatan,Kota Palembang,ILIR TIMUR TIGA,SEBELAS ILIR,CCTV SP Charitas,-2.976768,104.75434,exact,palembang,CCTV Kota Palembang (Diskominfo/Dishub Palembang),https://cctv.palembang.go.id,Pemerintah Kota Palembang,PUBLIC_API,HLS,https://stream.palembang.go.id/cam8/index.m3u8,https://cctv.palembang.go.id,CCTV-CHARITAS-08,ONLINE,2026-09-04T00:21:15+07:00,Asia/Jakarta,Public monitoring feed,Ditayangkan publik oleh Pemkot Palembang untuk pantauan lalu lintas. Tidak untuk redistribusi ulang tanpa izin.,0.9,
dd6447421a4c5c80,CCTV SP DPRD PROV,SUS-CCTV-SP-DPRD-PROV,Sumatera Selatan,Kota Palembang,JAKABARING,LIMA-BELAS ULU,CCTV SP DPRD PROV,-2.980102,104.745707,exact,palembang,CCTV Kota Palembang (Diskominfo/Dishub Palembang),https://cctv.palembang.go.id,Pemerintah Kota Palembang,PUBLIC_API,HLS,https://stream.palembang.go.id/cam44/index.m3u8,https://cctv.palembang.go.id,CCTV-DPR-44,ONLINE,2026-09-04T00:20:50+07:00,Asia/Jakarta,Public monitoring feed,Ditayangkan publik oleh Pemkot Palembang untuk pantauan lalu lintas. Tidak untuk redistribusi ulang tanpa izin.,0.9,
79833f9847858413,CCTV SP IP,SUS-CCTV-SP-IP,Sumatera Selatan,Kota Palembang,BUKITKECIL,SEMBILAN-BELAS ILIR,CCTV SP IP,-2.9834553292649675,104.7581219930195,exact,palembang,CCTV Kota Palembang (Diskominfo/Dishub Palembang),https://cctv.palembang.go.id,Pemerintah Kota Palembang,PUBLIC_API,HLS,https://stream.palembang.go.id/cam30/index.m3u8,https://cctv.palembang.go.id,CCTV-SPIP-30,ONLINE,2026-09-04T00:21:02+07:00,Asia/Jakarta,Public monitoring feed,Ditayangkan publik oleh Pemkot Palembang untuk pantauan lalu lintas. Tidak untuk redistribusi ulang tanpa izin.,0.9,
131b44206ca42682,CCTV SP Parameswara,SUS-CCTV-SP-PARAMESWARA,Sumatera Selatan,Kota Palembang,JAKABARING,LIMA-BELAS ULU,CCTV SP Parameswara,-2.988164860621555,104.71905091893788,exact,palembang,CCTV Kota Palembang (Diskominfo/Dishub Palembang),https://cctv.palembang.go.id,Pemerintah Kota Palembang,PUBLIC_API,HLS,https://stream.palembang.go.id/cam43/index.m3u8,https://cctv.palembang.go.id,CCTV-PARAM-43,ONLINE,2026-09-04T00:20:58+07:00,Asia/Jakarta,Public monitoring feed,Ditayangkan publik oleh Pemkot Palembang untuk pantauan lalu lintas. Tidak untuk redistribusi ulang tanpa izin.,0.9,
2a109c9a05ded692,CCTV SP Samsat,SUS-CCTV-SP-SAMSAT,Sumatera Selatan,Kota Palembang,BUKITKECIL,SEMBILAN-BELAS ILIR,CCTV SP Samsat,-2.986829357668499,104.7439515423289,exact,palembang,CCTV Kota Palembang (Diskominfo/Dishub Palembang),https://cctv.palembang.go.id,Pemerintah Kota Palembang,PUBLIC_API,HLS,https://stream.palembang.go.id/cam21/index.m3u8,https://cctv.palembang.go.id,CCTV-SPSAMSAT-21,ONLINE,2026-09-04T00:21:08+07:00,Asia/Jakarta,Public monitoring feed,Ditayangkan publik oleh Pemkot Palembang untuk pantauan lalu lintas. Tidak untuk redistribusi ulang tanpa izin.,0.9,
1763ab6d9e1902cd,CCTV SP Soekarno Hatta,SUS-CCTV-SP-SOEKARNO-HATTA,Sumatera Selatan,Kota Palembang,ALANG-ALANG LEBAR,ALANG-ALANG LEBAR,CCTV SP Soekarno Hatta,-2.9362660543407957,104.70212465910649,exact,palembang,CCTV Kota Palembang (Diskominfo/Dishub Palembang),https://cctv.palembang.go.id,Pemerintah Kota Palembang,PUBLIC_API,HLS,https://stream.palembang.go.id/cam48/index.m3u8,https://cctv.palembang.go.id,CCTV-SPSH-48,ONLINE,2026-09-04T00:20:52+07:00,Asia/Jakarta,Public monitoring feed,Ditayangkan publik oleh Pemkot Palembang untuk pantauan lalu lintas. Tidak untuk redistribusi ulang tanpa izin.,0.9,
3b0d893354750dc8,CCTV Simpang Angkatan 45,SUS-CCTV-SIMPANG-ANGKATAN-45,Sumatera Selatan,Kota Palembang,ALANG-ALANG LEBAR,SATU ILIR,"Menampilkan kondisi lalu lintas dan arus kendaraan di sekitar Jembatan Ampera, Palembang.",-2.969155,104.732837,exact,palembang,CCTV Kota Palembang (Diskominfo/Dishub Palembang),https://cctv.palembang.go.id,Pemerintah Kota Palembang,PUBLIC_API,HLS,https://stream.palembang.go.id/cam5/index.m3u8,https://cctv.palembang.go.id,CCTV-SIMPANG-ANGKATAN-45-05,ONLINE,2026-09-04T00:21:05+07:00,Asia/Jakarta,Public monitoring feed,Ditayangkan publik oleh Pemkot Palembang untuk pantauan lalu lintas. Tidak untuk redistribusi ulang tanpa izin.,0.9,
cdaaa7143e9fee47,CCTV Simpang Macan Lindungan,SUS-CCTV-SIMPANG-MACAN-LINDU,Sumatera Selatan,Kota Palembang,ALANG-ALANG LEBAR,SATU ILIR,"Menampilkan kondisi lalu lintas dan arus kendaraan di sekitar Jembatan Ampera, Palembang.",-2.988056,104.718564,exact,palembang,CCTV Kota Palembang (Diskominfo/Dishub Palembang),https://cctv.palembang.go.id,Pemerintah Kota Palembang,PUBLIC_API,HLS,https://stream.palembang.go.id/cam4/index.m3u8,https://cctv.palembang.go.id,CCTV-SIMPANG-4-MACANLINDUNGAN-04,OFFLINE,2026-09-04T00:21:16+07:00,Asia/Jakarta,Public monitoring feed,Ditayangkan publik oleh Pemkot Palembang untuk pantauan lalu lintas. Tidak untuk redistribusi ulang tanpa izin.,0.9,
b9f86225cd5b45b7,CCTV Simpang Polda,SUS-CCTV-SIMPANG-POLDA,Sumatera Selatan,Kota Palembang,ALANG-ALANG LEBAR,SATU ILIR,"Menampilkan kondisi lalu lintas dan arus kendaraan di sekitar Jembatan Ampera, Palembang.",-2.961082,104.737709,exact,palembang,CCTV Kota Palembang (Diskominfo/Dishub Palembang),https://cctv.palembang.go.id,Pemerintah Kota Palembang,PUBLIC_API,HLS,https://stream.palembang.go.id/cam3/index.m3u8,https://cctv.palembang.go.id,CCTV-SIMPANG-POLDA-03,ONLINE,2026-09-04T00:21:17+07:00,Asia/Jakarta,Public monitoring feed,Ditayangkan publik oleh Pemkot Palembang untuk pantauan lalu lintas. Tidak untuk redistribusi ulang tanpa izin.,0.9,
8e063d069cb4d15e,CCTV TAMAN SISWA,SUS-CCTV-TAMAN-SISWA,Sumatera Selatan,Kota Palembang,ILIR TIMUR TIGA,DUKU,CCTV TAMAN SISWA,-2.9759372517847904,104.75797240712888,exact,palembang,CCTV Kota Palembang (Diskominfo/Dishub Palembang),https://cctv.palembang.go.id,Pemerintah Kota Palembang,PUBLIC_API,HLS,https://stream.palembang.go.id/cam47/index.m3u8,https://cctv.palembang.go.id,CCTV-TAMSIS-47,ONLINE,2026-09-04T00:20:55+07:00,Asia/Jakarta,Public monitoring feed,Ditayangkan publik oleh Pemkot Palembang untuk pantauan lalu lintas. Tidak untuk redistribusi ulang tanpa izin.,0.9,
